1788530958.528679,-32.834916,-70.129461,2875.354820,219.3,1.080000,48.0,31.7
1788530959.527145,-32.835090,-70.129460,2876.136802,354.7,1.334082,6.0,8.7
1788530995.002021,-32.835007,-70.129505,2872.214870,-1.0,0.173573,12.9,14.2
1788531023.000070,-32.835039,-70.129606,2871.868117,207.2,2.254094,7.5,11.4
1788531030.000004,-32.835046,-70.129715,2868.500346,267.7,1.765170,7.6,11.9
1788531036.999961,-32.835084,-70.129821,2866.802913,243.5,1.928833,8.0,13.9
1788531042.999934,-32.835086,-70.129930,2864.374911,267.1,1.769824,7.3,12.3
1788531073.999868,-32.835122,-70.130033,2865.244718,231.4,2.557836,9.6,14.2
1788531077.999864,-32.835189,-70.130140,2866.322241,235.9,2.744701,10.4,13.4
1788531080.999861,-32.835209,-70.130288,2866.117911,257.2,4.275537,9.7,12.4
1788531083.999857,-32.835228,-70.130414,2867.387374,252.2,3.084216,11.3,11.8
1788531085.999856,-32.835241,-70.130521,2868.096318,256.5,4.151294,10.9,11.1
1788531088.999854,-32.835253,-70.130635,2869.129612,266.6,3.576946,10.7,10.3
1788531092.999871,-32.835289,-70.130758,2870.736601,255.8,2.709267,9.6,9.1
1788531097.999893,-32.835312,-70.130884,2869.864576,257.3,2.798943,8.8,8.8
1788531101.999907,-32.835348,-70.130991,2867.326997,248.4,2.806460,9.5,9.6
1788531105.999924,-32.835394,-70.131142,2865.225132,251.0,4.500498,10.4,10.2
1788531107.999930,-32.835389,-70.131265,2866.056708,270.4,5.699872,11.0,10.5
1788531109.999936,-32.835466,-70.131370,2864.370668,234.9,6.050780,10.9,10.5
1788531112.999941,-32.835552,-70.131458,2864.233897,222.9,3.883932,9.6,10.4
1788531118.999951,-32.835601,-70.131532,2861.158947,228.0,0.000000,9.6,10.4
1788531118.999951,-32.835601,-70.131532,2861.158947,228.0,0.000000,9.6,10.4
1788531134.999961,-32.835534,-70.131607,2860.338560,334.4,0.840992,10.0,10.3
1788531161.999957,-32.835503,-70.131708,2858.219479,-1.0,0.416045,10.7,11.4
1788531176.999952,-32.835481,-70.131845,2859.455320,287.9,1.540424,12.2,13.4
1788531180.999950,-32.835443,-70.131947,2862.505683,292.8,3.580718,10.8,12.4
1788531186.999948,-32.835424,-70.132047,2860.993333,286.9,0.000000,12.2,11.6
1788531186.999948,-32.835424,-70.132047,2860.993333,286.9,0.000000,12.2,11.6
1788531192.999945,-32.835387,-70.132147,2861.426486,287.0,1.996332,11.9,10.4
1788531198.999943,-32.835358,-70.132263,2862.858757,289.3,1.907446,10.4,9.2
1788531204.999940,-32.835324,-70.132381,2866.112495,288.3,2.014573,10.3,8.3
1788531210.999938,-32.835297,-70.132499,2868.357344,287.6,0.000000,7.6,8.2
1788531210.999938,-32.835297,-70.132499,2868.357344,287.6,0.000000,7.6,8.2
1788531216.999972,-32.835267,-70.132620,2868.469359,285.3,1.975605,7.8,8.0
1788531223.999979,-32.835227,-70.132745,2874.522009,289.2,1.803631,7.5,8.3
1788531229.999989,-32.835197,-70.132858,2882.688533,292.1,1.772383,8.3,8.0
1788531236.999996,-32.835169,-70.132975,2890.211678,287.5,1.813944,7.4,7.8
1788531243.000001,-32.835144,-70.133081,2894.495227,287.0,1.828143,8.8,7.7
1788531297.999997,-32.835115,-70.133202,2898.914749,283.2,1.092157,6.9,6.2
1788531306.999995,-32.835087,-70.133309,2906.476011,287.3,1.244631,7.1,6.1
1788531317.999993,-32.835072,-70.133415,2916.080911,282.7,1.247934,7.3,6.2
1788531328.999989,-32.835034,-70.133543,2919.822845,292.4,1.836291,7.3,6.6
1788531333.999989,-32.835010,-70.133651,2922.238605,289.9,2.026465,6.7,6.3
1788531339.999987,-32.834987,-70.133775,2922.944355,286.9,0.000000,6.9,6.0
1788531339.999987,-32.834987,-70.133775,2922.944355,286.9,0.000000,6.9,6.0
1788531346.000069,-32.834956,-70.133893,2924.598729,285.7,1.854708,5.9,5.7
1788531352.000066,-32.834926,-70.134008,2928.982646,284.8,1.858262,6.4,5.6
1788531358.000056,-32.834896,-70.134124,2932.528857,287.3,1.942242,5.6,5.4
1788531364.000042,-32.834860,-70.134237,2935.067642,298.8,2.029919,4.9,5.4
1788531370.000033,-32.834842,-70.134347,2937.676074,287.7,0.000000,6.1,5.4
1788531370.000033,-32.834842,-70.134347,2937.676074,287.7,0.000000,6.1,5.4
1788531376.000025,-32.834817,-70.134467,2941.055903,289.9,1.974649,5.9,5.3
1788531382.000019,-32.834783,-70.134575,2947.168291,288.9,1.853003,6.6,5.5
1788531389.000014,-32.834763,-70.134684,2951.258969,286.4,0.000000,6.4,5.6
1788531395.000009,-32.834728,-70.134804,2954.893048,285.7,2.274740,6.8,5.9
1788531401.000006,-32.834702,-70.134928,2957.012658,283.8,0.000000,6.8,5.8
1788531401.000006,-32.834702,-70.134928,2957.012658,283.8,0.000000,6.8,5.8
1788531408.000002,-32.834671,-70.135044,2959.469638,284.7,0.000000,6.3,5.3
1788531413.000000,-32.834647,-70.135154,2961.283741,286.8,1.861250,6.0,5.2
1788531419.999995,-32.834621,-70.135260,2963.365195,285.3,0.000000,5.8,5.4
1788531424.999994,-32.834592,-70.135376,2964.766604,285.3,1.964572,5.7,5.5
1788531432.999990,-32.834561,-70.135518,2968.000332,283.4,1.600555,5.8,5.4
1788531438.999987,-32.834531,-70.135632,2969.358143,284.7,2.138626,6.0,5.5
1788531444.999984,-32.834501,-70.135742,2970.419437,286.4,0.000000,6.4,5.4
1788531444.999984,-32.834501,-70.135742,2970.419437,286.4,0.000000,6.4,5.4
1788531451.999982,-32.834466,-70.135890,2971.746233,287.2,1.959388,7.2,6.0
1788531458.999979,-32.834435,-70.136018,2972.587748,285.2,1.969123,7.2,5.7
1788531464.999976,-32.834408,-70.136125,2974.860416,289.3,0.000000,5.5,5.7
1788531470.000191,-32.834386,-70.136234,2975.481306,285.2,1.950782,6.4,5.8
1788531476.000177,-32.834352,-70.136345,2980.014719,287.3,1.844453,7.7,6.3
1788531482.000157,-32.834318,-70.136465,2983.556033,285.8,1.853128,6.9,6.4
1788531489.000124,-32.834279,-70.136609,2988.357717,284.8,2.013593,8.1,7.2
1788531495.000103,-32.834258,-70.136697,2991.235135,285.7,0.000000,8.0,7.1
1788531495.000103,-32.834258,-70.136697,2991.235135,285.7,0.000000,8.0,7.1
1788531500.000090,-32.834233,-70.136810,2990.975793,286.7,1.992854,7.6,7.5
1788531504.000081,-32.834212,-70.136930,2986.828979,274.5,3.656360,8.8,8.3
1788531507.000075,-32.834273,-70.137010,2990.608120,202.8,2.478782,9.5,8.3
1788531513.000065,-32.834355,-70.137038,2992.492412,186.2,0.000000,8.8,8.4
1788531513.000065,-32.834355,-70.137038,2992.492412,186.2,0.000000,8.8,8.4
1788531520.000054,-32.834470,-70.137036,2993.635713,172.1,2.191103,7.9,7.8
1788531526.000046,-32.834577,-70.137049,2993.529769,192.5,0.000000,7.9,7.7
1788531526.000046,-32.834577,-70.137049,2993.529769,192.5,0.000000,7.9,7.7
1788531532.000040,-32.834678,-70.137061,2993.186152,189.4,2.250561,8.3,7.5
1788531536.000036,-32.834770,-70.137076,2992.801998,195.6,2.719903,7.9,7.1
1788531540.000032,-32.834882,-70.137112,2992.217732,201.8,3.362967,7.7,7.2
1788531544.000027,-32.835002,-70.137138,2991.618823,178.0,3.657640,8.1,7.1
1788531547.000024,-32.835101,-70.137159,2992.007711,188.1,3.742493,7.5,7.1
1788531550.000021,-32.835216,-70.137176,2990.264348,189.0,4.785847,7.1,7.0
1788531553.000019,-32.835313,-70.137204,2990.908014,187.6,3.075287,7.4,6.8
1788531556.000015,-32.835409,-70.137231,2990.104560,193.1,4.100742,7.2,6.8
1788531559.000012,-32.835498,-70.137248,2989.867065,186.8,3.445075,6.3,6.9
1788531562.000010,-32.835599,-70.137272,2989.669835,192.8,3.929399,7.6,7.3
1788531565.000007,-32.835712,-70.137309,2988.828218,193.4,4.705021,7.5,7.4
1788531568.000004,-32.835843,-70.137363,2988.296750,202.0,5.080959,7.2,7.2
1788531571.000000,-32.835968,-70.137425,2987.550791,200.5,5.231540,7.2,6.7
1788531573.999998,-32.836064,-70.137501,2989.319636,218.3,4.287169,6.5,6.4
1788531578.999993,-32.836161,-70.137518,2987.902150,181.1,2.352793,6.1,6.0
1788531583.999989,-32.836260,-70.137558,2988.444748,213.1,2.062295,6.0,5.7
1788531589.999983,-32.836322,-70.137603,2987.577785,212.0,0.000000,5.9,5.5
1788531589.999983,-32.836322,-70.137603,2987.577785,212.0,0.000000,5.9,5.5
1788531604.000248,-32.836411,-70.137639,2984.564374,228.3,0.827154,6.9,5.9
1788531612.000196,-32.836503,-70.137699,2982.557358,215.5,1.812911,7.2,6.2
1788531639.000095,-32.836617,-70.137674,2980.928685,184.2,4.865995,6.0,7.0
1788531641.000090,-32.836705,-70.137761,2977.701554,219.3,6.349187,5.7,6.8
1788531643.000086,-32.836764,-70.137878,2976.203361,238.3,6.194744,6.3,6.6
1788531645.000082,-32.836796,-70.137985,2976.841410,247.6,5.234745,5.9,6.3
1788531647.000077,-32.836868,-70.138055,2976.465708,212.9,5.096462,6.2,6.5
1788531649.000073,-32.836980,-70.137986,2972.368995,149.9,6.919313,5.6,6.5
1788531651.000068,-32.837115,-70.138001,2969.686570,193.0,7.729750,5.3,6.0
1788531653.000065,-32.837169,-70.138126,2966.919431,243.3,6.459981,6.6,7.9
1788531655.000061,-32.837198,-70.138228,2966.763494,235.4,5.287110,6.0,6.8
1788531657.000058,-32.837317,-70.138201,2962.032618,162.7,6.612163,5.8,6.4
1788531659.000054,-32.837455,-70.138194,2959.331597,186.1,7.488499,5.0,5.8
1788531661.000049,-32.837504,-70.138331,2955.874699,246.6,6.724809,5.4,6.9
1788531663.000046,-32.837597,-70.138447,2952.821320,208.8,7.274866,5.6,6.7
1788531665.000043,-32.837714,-70.138385,2952.826754,161.4,6.468260,5.2,5.7
1788531667.000039,-32.837775,-70.138492,2949.768593,244.3,5.728750,4.0,5.5
1788531669.000035,-32.837800,-70.138618,2948.830852,238.7,6.134181,5.2,5.7
1788531671.000032,-32.837932,-70.138601,2946.631685,167.7,6.842447,6.1,6.3
1788531673.000028,-32.838051,-70.138660,2945.159277,210.5,7.192645,6.3,6.5
1788531675.000025,-32.838052,-70.138835,2942.057823,270.1,7.701030,3.9,5.3
1788531677.000022,-32.838151,-70.138943,2938.156545,211.7,7.656018,5.1,6.0
1788531679.000018,-32.838269,-70.138868,2936.672497,153.8,6.718565,6.1,6.6
1788531681.000015,-32.838373,-70.138843,2934.865393,178.9,6.564773,5.5,6.2
1788531683.000011,-32.838431,-70.138979,2929.548522,245.9,6.878327,6.0,7.2
1788531685.000008,-32.838449,-70.139153,2928.571126,258.5,7.800605,7.3,9.8
1788531687.000005,-32.838555,-70.139287,2928.400784,221.7,8.385005,6.5,7.5
1788531689.000001,-32.838696,-70.139333,2924.757497,206.1,8.408698,7.1,7.8
1788531690.999998,-32.838843,-70.139393,2922.961651,190.5,8.558537,7.0,7.7
1788531692.999995,-32.838967,-70.139262,2920.435033,137.9,8.794829,6.2,6.9
1788531694.999992,-32.839063,-70.139127,2921.474033,137.1,8.132184,5.5,6.7
1788531696.999988,-32.839143,-70.139203,2918.604204,220.9,5.258147,5.7,6.9
1788531698.999984,-32.839174,-70.139344,2916.379297,254.3,6.731341,7.4,8.5
1788531700.999981,-32.839243,-70.139459,2915.050534,223.8,6.594400,7.3,7.9
1788531702.999978,-32.839351,-70.139359,2910.966340,138.6,7.072291,6.3,7.0
1788531704.999974,-32.839468,-70.139311,2911.223819,168.7,7.276907,4.3,6.8
1788531706.999971,-32.839528,-70.139442,2906.601698,235.7,7.025801,7.7,9.6
1788531708.999968,-32.839599,-70.139529,2904.824322,208.7,6.077812,7.1,8.8
1788531710.999965,-32.839683,-70.139426,2902.027935,130.3,6.159531,6.8,8.2
1788531712.999961,-32.839803,-70.139462,2899.484373,202.6,6.905571,5.7,8.0
1788531714.999958,-32.839835,-70.139612,2897.317167,251.2,6.884523,7.2,9.4
1788531716.999952,-32.839958,-70.139618,2893.807366,173.0,6.728268,5.7,7.6
1788531718.999947,-32.840036,-70.139526,2893.454100,141.8,6.466273,5.1,6.6
1788531721.000290,-32.840186,-70.139609,2887.082454,213.7,8.733461,6.1,9.1
1788531722.000286,-32.840163,-70.139723,2885.018428,249.5,8.638425,8.9,11.7
1788531724.000282,-32.840299,-70.139731,2880.504430,178.7,7.758582,7.6,10.8
1788531726.000271,-32.840369,-70.139586,2878.901152,123.9,6.995951,6.4,8.3
1788531728.000256,-32.840480,-70.139646,2876.745765,208.3,6.423735,8.0,10.2
1788531730.000245,-32.840530,-70.139791,2874.191038,232.9,7.303941,8.0,10.0
1788531732.000230,-32.840626,-70.139916,2873.209805,228.2,7.859769,10.6,12.4
1788531734.000220,-32.840743,-70.139991,2870.975493,207.7,7.825337,10.7,11.4
1788531736.000206,-32.840858,-70.139978,2868.869159,167.4,6.380588,8.1,9.0
1788531738.000191,-32.840939,-70.139874,2866.161855,129.5,6.523728,7.2,8.2
1788531740.000178,-32.840997,-70.139781,2864.854593,135.3,6.374626,6.7,7.4
1788531742.000167,-32.841116,-70.139816,2860.732068,196.2,6.767045,5.7,7.7
1788531744.000155,-32.841237,-70.139906,2859.241192,216.1,7.940465,9.1,10.1
1788531746.000145,-32.841364,-70.139986,2856.947101,198.3,7.664344,6.8,7.7
1788531748.000135,-32.841523,-70.139963,2853.712687,177.8,8.698512,5.1,5.9
1788531750.000126,-32.841666,-70.140034,2854.076568,204.8,7.866840,6.9,7.9
1788531753.000113,-32.841770,-70.140102,2857.038871,200.4,4.459128,6.1,6.4
1788531759.000091,-32.841843,-70.140067,2850.766060,172.8,0.958016,7.5,7.8
1788531759.000091,-32.841843,-70.140067,2850.766060,172.8,0.000000,7.5,7.8
1788531819.999932,-32.841850,-70.140079,2851.227211,172.8,0.000000,12.7,10.2
1788531861.000172,-32.841958,-70.140028,2848.147222,183.9,4.637142,7.3,9.0
1788531863.000155,-32.842040,-70.140139,2844.234543,228.5,6.729385,7.9,8.7
1788531865.000139,-32.842128,-70.140238,2846.495002,225.4,6.408458,7.3,7.7
1788531867.000125,-32.842224,-70.140279,2844.705489,190.2,6.001613,7.1,7.8
1788531869.000111,-32.842390,-70.140272,2837.731592,186.9,9.332613,5.4,7.0
1788531871.000099,-32.842507,-70.140378,2835.714526,214.4,8.236466,6.5,7.5
1788531873.000087,-32.842663,-70.140422,2833.722444,199.0,8.582542,6.2,7.7
1788531877.000065,-32.842779,-70.140458,2829.811878,192.7,4.679906,7.0,7.0
1788531879.000056,-32.842891,-70.140414,2824.958879,151.6,6.806318,6.5,7.0
1788531881.000046,-32.842982,-70.140289,2822.716739,140.0,7.662323,6.4,7.3
1788531883.000037,-32.843107,-70.140325,2822.050249,194.1,6.536865,6.3,8.9
1788531886.000025,-32.843129,-70.140441,2820.309636,237.8,4.129307,10.0,14.3
1788531889.000013,-32.843240,-70.140458,2816.865919,148.1,5.290120,10.8,13.0
1788531891.000005,-32.843291,-70.140362,2814.211499,132.6,5.762335,9.6,11.6
1788531892.999997,-32.843390,-70.140422,2810.424749,209.9,5.682751,10.3,13.0
1788531894.999990,-32.843441,-70.140513,2807.635486,223.5,5.431474,10.2,16.7
1788531897.999980,-32.843560,-70.140422,2801.505169,119.3,6.162515,11.3,14.9
1788531899.999973,-32.843646,-70.140358,2801.396293,160.1,6.219243,10.3,12.5
1788531901.999967,-32.843773,-70.140490,2795.770609,222.5,8.701106,10.0,12.9
1788531904.999957,-32.843879,-70.140467,2795.709804,147.5,6.180493,10.9,11.7
1788531908.999944,-32.843921,-70.140345,2793.622467,160.9,3.560301,9.9,10.1
1788531910.999937,-32.843999,-70.140436,2789.238912,222.4,5.867267,8.8,9.6
1788531912.999931,-32.844101,-70.140505,2788.655086,201.2,6.466019,9.1,9.4
1788531914.999926,-32.844234,-70.140454,2781.721673,154.3,7.847590,7.0,8.2
1788531915.999922,-32.844338,-70.140385,2778.827472,151.8,10.564219,6.0,6.9
1788531916.999919,-32.844432,-70.140402,2777.017928,177.6,10.248740,5.1,6.2
1788531917.999915,-32.844509,-70.140460,2775.959934,200.9,9.894760,6.2,7.6
1788531919.999910,-32.844668,-70.140571,2772.094161,200.2,10.310879,4.8,6.0
1788531921.999904,-32.844798,-70.140481,2770.704398,151.7,7.816164,5.0,7.5
1788531923.999897,-32.844936,-70.140450,2769.900353,177.1,7.706646,5.0,6.3
1788531925.999891,-32.845038,-70.140518,2770.650597,206.2,6.266749,5.1,6.3
1788531928.999882,-32.845152,-70.140546,2769.856963,186.2,4.725126,5.2,5.9
1788531931.999874,-32.845272,-70.140565,2766.960745,187.3,4.514998,4.9,5.4
1788531934.999865,-32.845389,-70.140575,2763.994123,179.7,4.171944,4.4,5.1
1788531937.999856,-32.845503,-70.140533,2758.493514,152.6,5.630330,4.7,5.1
1788531939.999850,-32.845548,-70.140395,2753.532022,109.8,6.434230,4.4,5.2
1788531941.999844,-32.845582,-70.140268,2751.675619,115.3,6.711131,4.3,4.9
1788531943.999838,-32.845714,-70.140256,2747.111321,182.1,7.354096,3.2,5.2
1788531945.999832,-32.845804,-70.140361,2745.490923,224.5,6.111229,3.7,5.5
1788531949.999820,-32.845890,-70.140409,2744.196049,192.9,3.403786,5.7,6.8
1788531952.999812,-32.845990,-70.140460,2742.956559,199.9,4.228264,5.1,6.0
1788531954.999806,-32.846089,-70.140410,2738.288054,152.3,5.640032,4.9,5.7
1788531957.999797,-32.846158,-70.140306,2730.883195,132.5,3.796248,5.4,6.0
1788531962.999783,-32.846199,-70.140183,2726.826269,120.9,0.000000,6.2,6.6
1788531962.999783,-32.846199,-70.140183,2726.826269,120.9,0.000000,6.2,6.6
1788531964.999777,-32.846315,-70.140171,2722.260243,181.9,6.322318,5.2,6.4
1788531966.999771,-32.846433,-70.140245,2719.951755,209.0,7.110755,5.9,6.3
1788531968.999765,-32.846514,-70.140330,2720.526918,218.2,6.012978,5.8,6.0
1788531972.000096,-32.846627,-70.140425,2718.998893,207.9,5.615561,6.2,7.0
1788531974.000095,-32.846732,-70.140345,2711.898048,141.8,6.741556,4.6,6.4
1788531976.000094,-32.846789,-70.140205,2705.110613,118.7,7.266574,7.3,7.7
1788531978.000092,-32.846928,-70.140132,2700.135781,160.0,9.227998,8.3,9.8
1788531980.000086,-32.847076,-70.140174,2694.341202,194.3,8.585548,6.3,8.4
1788531982.000080,-32.847210,-70.140255,2693.731473,198.5,8.970329,5.4,6.5
1788531984.000074,-32.847310,-70.140215,2693.620586,158.2,5.177083,4.2,5.4
1788531990.000050,-32.847346,-70.140210,2691.596855,212.4,0.000000,7.4,6.7
1788531990.000050,-32.847346,-70.140210,2691.596855,212.4,0.000000,7.4,6.7
1788532043.999861,-32.847379,-70.140091,2689.962427,79.1,2.188895,7.3,8.1
1788532047.999848,-32.847442,-70.139989,2686.923307,158.9,4.304129,6.8,8.0
1788532049.999841,-32.847529,-70.140066,2684.425726,217.4,5.352183,5.1,7.9
1788532052.999833,-32.847645,-70.140039,2678.935104,141.6,5.579901,4.6,7.1
1788532054.999825,-32.847670,-70.139920,2676.291646,102.6,5.448581,5.7,6.7
1788532057.999816,-32.847721,-70.139799,2674.011463,136.8,4.968585,5.5,6.4
1788532059.999810,-32.847812,-70.139844,2670.265494,204.9,5.144209,5.5,6.5
1788532061.999803,-32.847878,-70.139932,2665.608475,223.1,5.973429,5.7,6.7
1788532063.999798,-32.847958,-70.140049,2662.571074,226.5,7.098251,6.0,6.9
1788532065.999790,-32.848115,-70.140079,2657.437724,179.5,8.639344,5.0,5.5
1788532067.999785,-32.848278,-70.140057,2654.637149,179.3,9.116647,6.9,7.6
1788532069.999779,-32.848366,-70.140003,2653.817078,142.6,5.123973,5.0,5.4
1788532073.999766,-32.848401,-70.139895,2652.086654,114.2,2.364364,4.9,4.7
1788532078.999749,-32.848478,-70.139820,2647.695444,166.1,3.665485,5.6,5.3
1788532080.999743,-32.848600,-70.139805,2643.398804,160.5,6.598493,4.8,5.7
1788532082.999737,-32.848620,-70.139671,2639.559856,102.8,6.017126,5.6,5.8
1788532084.999730,-32.848723,-70.139584,2635.471922,140.2,7.109341,5.2,6.0
1788532087.999722,-32.848746,-70.139432,2633.417226,118.3,5.930508,5.5,5.8
1788532089.999714,-32.848767,-70.139308,2629.547687,90.5,5.845875,5.5,5.7
1788532092.999706,-32.848833,-70.139158,2625.168926,118.8,6.304768,5.0,5.4
1788532094.999700,-32.848821,-70.139007,2622.361577,95.2,7.272176,5.2,4.9
1788532096.999693,-32.848881,-70.138867,2618.587721,105.5,6.987938,4.8,4.9
1788532100.000040,-32.848855,-70.138749,2616.821883,90.0,4.925864,5.3,5.2
1788532102.000039,-32.848908,-70.138647,2614.454963,119.6,5.707420,4.9,4.8
1788532104.000037,-32.848878,-70.138525,2610.781338,69.9,5.785075,4.8,4.6
1788532106.000034,-32.848853,-70.138390,2608.197171,87.9,6.857960,5.2,5.5
1788532108.000033,-32.848896,-70.138264,2605.681640,96.7,6.693147,5.1,5.5
1788532110.000030,-32.848825,-70.138174,2603.248439,52.5,6.145037,6.0,6.6
1788532112.000026,-32.848831,-70.137995,2598.378980,90.7,8.611061,6.8,6.8
1788532114.000020,-32.848805,-70.137808,2594.560368,85.7,8.829128,5.8,5.8
1788532115.000016,-32.848840,-70.137708,2592.120657,104.7,9.670766,4.6,4.6
1788532116.000012,-32.848895,-70.137594,2589.882942,114.0,11.348729,4.6,4.4
1788532117.000008,-32.848962,-70.137462,2587.124668,118.4,13.212959,4.6,4.7
1788532118.000006,-32.849020,-70.137346,2583.509548,120.2,13.417592,4.3,4.4
1788532119.000002,-32.849077,-70.137229,2583.264270,120.2,13.148326,5.2,5.5
1788532119.999999,-32.849136,-70.137102,2579.362340,119.4,13.481267,4.4,5.1
1788532120.999994,-32.849196,-70.136980,2581.077169,118.8,13.260243,3.7,4.2
1788532121.999992,-32.849262,-70.136880,2582.372453,124.9,12.408342,3.0,3.4
1788532122.999988,-32.849326,-70.136788,2582.221068,127.8,11.897016,3.0,3.3
1788532123.999985,-32.849376,-70.136690,2581.624922,123.4,11.209675,3.2,3.4
1788532125.999977,-32.849465,-70.136556,2578.916328,135.1,8.340708,3.8,4.5
1788532131.999958,-32.849475,-70.136470,2579.466969,60.7,0.000000,7.5,6.5
1788532131.999958,-32.849475,-70.136470,2579.466969,60.7,0.000000,7.5,6.5
1788532187.999775,-32.849402,-70.136404,2581.428549,54.1,0.186720,9.2,7.4
1788532210.999700,-32.849309,-70.136389,2578.794300,26.5,0.371438,9.1,8.6
1788532221.999665,-32.849201,-70.136387,2578.863344,3.6,1.923784,13.1,11.0
1788532228.999998,-32.849112,-70.136363,2583.595380,8.6,1.670278,11.2,9.9
1788532237.999992,-32.849016,-70.136355,2583.228021,8.9,1.542958,12.1,10.7
1788532245.999959,-32.848918,-70.136332,2587.513093,13.0,1.540917,10.6,9.1
1788532251.999936,-32.848817,-70.136324,2592.153600,11.4,1.968760,10.4,9.9
1788532257.999915,-32.848714,-70.136308,2599.066348,10.5,1.782165,11.9,10.5
1788532263.999894,-32.848620,-70.136278,2604.090365,14.0,1.937538,12.2,10.3
1788532270.999870,-32.848532,-70.136244,2610.517117,10.1,1.576360,10.7,9.7
1788532278.999844,-32.848433,-70.136219,2616.549850,8.1,1.694659,11.6,9.3
1788532285.999821,-32.848337,-70.136204,2622.384676,10.4,2.192847,9.0,8.4
1788532290.999805,-32.848240,-70.136179,2627.529539,8.7,2.371377,7.7,8.6
1788532295.999788,-32.848147,-70.136174,2632.383966,8.9,2.308441,10.2,9.3
1788532299.999776,-32.848051,-70.136175,2640.448224,5.1,2.704196,10.4,10.0
1788532305.999757,-32.847953,-70.136144,2648.310448,5.7,1.331577,10.0,9.8
1788532305.999757,-32.847953,-70.136144,2648.310448,5.7,0.000000,10.0,9.8
1788532312.999734,-32.847857,-70.136101,2654.955545,8.7,1.958505,11.4,9.5
1788532320.999709,-32.847759,-70.136085,2662.526826,10.1,1.535379,10.1,9.0
1788532327.999686,-32.847664,-70.136059,2670.735128,12.9,1.626650,10.6,8.8
1788532334.999664,-32.847570,-70.136040,2679.420246,11.2,2.097358,10.9,9.0
1788532340.999645,-32.847487,-70.136024,2686.577604,10.0,1.138165,10.3,9.2
1788532340.999645,-32.847487,-70.136024,2686.577604,10.0,0.000000,10.3,9.2
1788532347.999623,-32.847398,-70.135998,2694.377040,12.5,1.554520,10.6,8.7
1788532354.999873,-32.847306,-70.135976,2703.188669,11.1,1.618279,11.0,8.9
1788532361.999898,-32.847206,-70.135956,2709.467181,12.5,2.166907,10.3,9.2
1788532367.999898,-32.847122,-70.135955,2715.401938,7.1,0.000000,13.0,10.3
1788532367.999898,-32.847122,-70.135955,2715.401938,7.1,0.000000,13.0,10.3
1788532373.999892,-32.847024,-70.135939,2722.177008,7.0,1.736876,14.5,11.2
1788532379.999882,-32.846905,-70.135937,2730.206792,351.8,2.377293,16.4,12.7
1788532385.999869,-32.846824,-70.135876,2736.116943,36.2,0.000000,16.1,12.9
1788532385.999869,-32.846824,-70.135876,2736.116943,36.2,0.000000,16.1,12.9
1788532393.999851,-32.846728,-70.135856,2742.158158,11.0,1.452289,14.3,11.9
1788532401.999830,-32.846617,-70.135840,2752.834583,8.9,1.612420,11.7,10.6
1788532408.999812,-32.846526,-70.135812,2759.021200,19.8,1.936407,10.9,10.3
1788532414.999796,-32.846432,-70.135794,2760.135887,5.2,2.162353,11.3,9.9
1788532420.999779,-32.846329,-70.135784,2763.587261,10.1,0.000000,10.5,9.6
1788532420.999779,-32.846329,-70.135784,2763.587261,10.1,0.000000,10.5,9.6
1788532425.999765,-32.846225,-70.135787,2767.636953,1.0,2.062119,11.9,9.8
1788532431.999748,-32.846156,-70.135753,2768.521802,8.1,0.000000,11.1,9.6
1788532431.999748,-32.846156,-70.135753,2768.521802,8.1,0.000000,11.1,9.6
1788532435.999736,-32.846067,-70.135730,2770.289953,11.5,1.955409,10.8,9.4
1788532441.999724,-32.845965,-70.135713,2773.715248,3.5,1.942168,12.6,10.7
1788532447.999711,-32.845872,-70.135683,2776.160860,11.5,1.929137,12.0,11.2
1788532453.999697,-32.845782,-70.135651,2779.763240,9.9,1.893439,11.5,10.6
1788532458.999684,-32.845688,-70.135639,2785.707575,4.6,2.201136,11.7,10.9
1788532464.999668,-32.845605,-70.135624,2788.671270,4.0,0.000000,16.1,14.7
1788532464.999668,-32.845605,-70.135624,2788.671270,4.0,0.000000,16.1,14.7
1788532469.999654,-32.845517,-70.135597,2791.785678,14.2,1.813133,12.8,12.4
1788532475.999760,-32.845418,-70.135563,2793.391543,9.7,1.857475,11.2,10.3
1788532482.999777,-32.845305,-70.135532,2796.847065,8.8,1.829878,9.7,9.3
1788532488.999808,-32.845206,-70.135507,2799.380050,9.3,1.982953,8.4,8.4
1788532493.999824,-32.845117,-70.135489,2801.856204,10.0,1.940146,8.1,8.1
1788532499.999833,-32.845020,-70.135470,2804.815752,11.6,1.905556,8.1,7.5
1788532506.999835,-32.844917,-70.135451,2809.235473,9.3,0.000000,7.5,7.3
1788532512.999831,-32.844803,-70.135425,2811.151842,12.9,1.949908,7.6,7.7
1788532521.999821,-32.844658,-70.135380,2811.238599,13.6,1.861181,7.7,8.2
1788532528.999809,-32.844528,-70.135351,2812.960213,12.1,2.016888,6.6,7.1
1788532534.999798,-32.844436,-70.135342,2813.979972,7.2,0.000000,7.8,7.5
1788532534.999798,-32.844436,-70.135342,2813.979972,7.2,0.000000,7.8,7.5
1788532540.999786,-32.844337,-70.135313,2814.254855,11.1,1.921062,8.1,8.7
1788532546.999775,-32.844245,-70.135311,2815.884321,353.6,1.637132,9.4,9.4
1788532552.999762,-32.844132,-70.135280,2815.062536,9.2,2.063514,8.0,9.0
1788532558.999749,-32.844108,-70.135275,2815.176981,13.6,0.000000,8.2,9.0
1788532558.999749,-32.844108,-70.135275,2815.176981,13.6,0.000000,8.2,9.0
1788532560.999745,-32.843994,-70.135253,2814.692554,7.8,1.784904,7.6,7.9
1788532566.999731,-32.843899,-70.135238,2816.598344,11.3,1.987246,8.4,9.0
1788532572.999719,-32.843793,-70.135217,2817.613273,9.5,1.873933,8.5,8.4
1788532577.999707,-32.843698,-70.135182,2819.840936,13.4,2.073516,7.9,7.6
1788532583.999694,-32.843599,-70.135167,2820.507892,3.4,0.000000,8.3,8.8
1788532583.999694,-32.843599,-70.135167,2820.507892,3.4,0.000000,8.3,8.8
1788532588.999683,-32.843504,-70.135134,2822.239925,10.5,1.969620,8.8,7.9
1788532595.999668,-32.843391,-70.135114,2823.926661,11.6,1.975740,9.4,8.2
1788532600.999658,-32.843301,-70.135092,2824.756078,10.7,1.961710,9.0,8.6
1788532606.999737,-32.843205,-70.135061,2826.154548,9.1,1.967293,7.0,8.9
1788532612.999775,-32.843112,-70.135055,2827.951079,4.4,1.831195,8.4,8.9
1788532618.999802,-32.843003,-70.135029,2829.983939,11.1,2.117621,8.3,8.6
1788532624.999818,-32.842906,-70.135005,2833.538249,11.0,0.000000,7.5,8.5
1788532624.999818,-32.842906,-70.135005,2833.538249,11.0,0.000000,7.5,8.5
1788532630.999827,-32.842806,-70.134988,2837.451032,8.7,1.892618,8.6,8.4
1788532635.999829,-32.842711,-70.134960,2839.395988,12.4,1.965677,9.0,8.4
1788532641.999829,-32.842607,-70.134946,2842.421781,7.4,1.863993,9.1,8.2
1788532647.999826,-32.842505,-70.134932,2845.437977,2.7,2.013722,8.6,9.0
1788532653.999821,-32.842412,-70.134900,2846.436850,14.8,0.000000,9.6,9.0
1788532653.999821,-32.842412,-70.134900,2846.436850,14.8,0.000000,9.6,9.0
1788532659.999815,-32.842318,-70.134888,2847.358474,7.2,1.632854,6.8,9.9
1788532665.999807,-32.842222,-70.134852,2850.427663,10.1,1.694339,8.7,11.1
1788532671.999799,-32.842114,-70.134845,2854.749929,16.4,1.867635,12.3,11.5
1788532677.999791,-32.842012,-70.134823,2859.768622,13.1,1.859384,11.0,10.8
1788532683.999783,-32.841916,-70.134801,2865.370929,7.5,2.013404,10.4,9.7
1788532689.999775,-32.841802,-70.134775,2870.929640,11.8,0.000000,8.9,10.1
1788532689.999775,-32.841802,-70.134775,2870.929640,11.8,0.000000,8.9,10.1
1788532695.999766,-32.841712,-70.134762,2876.211379,8.3,1.946778,9.8,10.0
1788532701.999757,-32.841610,-70.134746,2883.831760,8.1,1.979450,11.2,9.6
1788532708.999747,-32.841517,-70.134707,2889.192078,12.4,1.851330,8.9,8.5
1788532714.999739,-32.841422,-70.134691,2894.960435,7.9,1.997323,9.6,8.2
1788532720.999729,-32.841334,-70.134665,2897.330284,7.3,1.716181,7.9,8.8
1788532725.999723,-32.841234,-70.134633,2897.140095,12.8,2.338166,7.7,8.7
1788532731.999746,-32.841145,-70.134613,2899.581516,10.2,0.000000,9.6,8.6
1788532731.999746,-32.841145,-70.134613,2899.581516,10.2,0.000000,9.6,8.6
1788532737.999780,-32.841047,-70.134591,2901.881352,12.7,1.777417,8.9,8.7
1788532743.999813,-32.840954,-70.134571,2906.186729,15.1,1.571703,7.8,8.9
1788532748.999829,-32.840864,-70.134552,2907.012015,7.9,1.730227,8.9,8.9
1788532754.999840,-32.840755,-70.134528,2910.189517,4.2,2.043019,10.2,9.0
1788532760.999847,-32.840657,-70.134500,2910.433963,11.4,0.000000,9.2,8.3
1788532760.999847,-32.840657,-70.134500,2910.433963,11.4,0.000000,9.2,8.3
1788532765.999848,-32.840568,-70.134475,2910.701037,11.2,1.885368,8.2,7.9
1788532771.999849,-32.840468,-70.134459,2912.586082,10.6,1.962416,8.5,7.7
1788532777.999848,-32.840366,-70.134446,2911.939461,5.2,1.852738,9.1,8.7
1788532783.999846,-32.840268,-70.134425,2912.317598,13.1,1.936883,7.8,8.8
1788532788.999843,-32.840181,-70.134395,2912.990731,16.8,2.325661,5.2,9.5
1788532794.999839,-32.840088,-70.134387,2911.845987,12.2,0.000000,9.3,9.4
1788532794.999839,-32.840088,-70.134387,2911.845987,12.2,0.000000,9.3,9.4
1788532800.999836,-32.839985,-70.134361,2910.272285,10.2,1.919054,9.1,9.9
1788532806.999831,-32.839880,-70.134333,2910.926101,10.3,1.899706,10.1,9.3
1788532812.999826,-32.839787,-70.134318,2911.073990,10.8,0.000000,10.1,9.8
1788532817.999823,-32.839696,-70.134300,2909.782502,10.1,1.885797,10.9,9.1
1788532823.999818,-32.839590,-70.134298,2908.478816,357.5,1.971747,9.7,9.2
1788532828.999814,-32.839498,-70.134296,2908.046476,9.5,1.984105,8.1,9.8
1788532834.999809,-32.839396,-70.134283,2910.277603,3.6,1.921784,9.5,11.2
1788532840.999804,-32.839292,-70.134260,2910.347773,19.7,1.889202,11.0,12.1
1788532845.999801,-32.839201,-70.134221,2912.077854,18.4,2.040418,10.2,12.0
1788532850.999796,-32.839113,-70.134190,2911.903877,6.3,1.759391,13.2,12.3
1788532856.999775,-32.839022,-70.134177,2913.171405,8.3,1.830292,13.7,12.6
1788532861.999803,-32.838927,-70.134147,2914.575484,9.2,1.924459,14.3,11.7
1788532867.999837,-32.838820,-70.134125,2916.268762,9.2,2.079667,14.2,11.6
1788532873.999864,-32.838727,-70.134094,2915.745190,17.4,0.000000,13.4,10.6
1788532873.999864,-32.838727,-70.134094,2915.745190,17.4,0.000000,13.4,10.6
1788532878.999878,-32.838624,-70.134085,2919.682404,11.0,1.964503,13.6,10.7
1788532884.999890,-32.838528,-70.134049,2921.145987,8.3,1.989213,8.2,10.4
1788532890.999898,-32.838431,-70.134022,2920.510045,13.5,1.964102,12.1,10.8
1788532897.999902,-32.838344,-70.133992,2919.523825,12.2,1.533109,11.4,9.1
1788532906.999906,-32.838253,-70.133974,2918.081305,10.4,1.137236,9.4,7.9
1788532914.999907,-32.838166,-70.133943,2921.469576,9.9,0.000000,8.4,7.1
1788532934.999905,-32.838076,-70.133954,2919.079949,6.4,0.852052,8.6,8.4
1788532995.999903,-32.838039,-70.133940,2921.664756,302.2,0.282130,10.5,8.9
1788533028.999955,-32.837948,-70.133927,2917.617430,11.8,3.325571,10.0,9.1
1788533034.999957,-32.837866,-70.133914,2916.763045,15.0,0.000000,9.5,7.5
1788533034.999957,-32.837866,-70.133914,2916.763045,15.0,0.000000,9.5,7.5
1788533095.999970,-32.837778,-70.133892,2916.767985,10.3,1.136536,9.2,9.0
1788533102.999971,-32.837675,-70.133847,2916.279251,21.0,2.062008,9.6,8.9
1788533107.999912,-32.837592,-70.133795,2916.009405,32.7,2.263243,9.1,8.4
1788533112.999918,-32.837499,-70.133713,2915.868083,40.4,3.321496,8.1,8.6
1788533115.999925,-32.837416,-70.133602,2915.179835,50.5,4.932634,7.8,8.8
1788533118.999932,-32.837321,-70.133513,2913.652507,30.1,4.124175,8.5,8.5
1788533121.999943,-32.837234,-70.133440,2913.012716,33.8,3.358994,8.5,8.1
1788533127.999960,-32.837194,-70.133436,2914.062845,20.8,0.000000,9.8,8.4
1788533127.999960,-32.837194,-70.133436,2914.062845,20.8,0.000000,9.8,8.4
1788533133.999972,-32.837106,-70.133350,2912.121743,44.1,2.800518,9.1,9.2
1788533136.999977,-32.837037,-70.133248,2911.193901,51.1,4.298014,8.6,9.0
1788533138.999980,-32.837017,-70.133138,2910.032733,80.1,4.961072,7.2,8.7
1788533140.999982,-32.836983,-70.133020,2907.789255,63.2,5.803358,6.8,8.6
1788533142.999984,-32.836889,-70.132910,2903.332545,55.3,7.339487,7.3,9.3
1788533144.999987,-32.836828,-70.132706,2896.680772,62.8,9.770220,6.2,8.8
1788533146.999989,-32.836706,-70.132580,2885.872017,43.2,9.975573,7.5,11.5
1788533148.999991,-32.836530,-70.132525,2879.080928,25.2,10.227576,9.3,12.6
1788533149.999992,-32.836462,-70.132398,2874.740720,54.0,12.277077,7.6,9.8
1788533150.999993,-32.836412,-70.132266,2869.952280,63.5,13.681296,7.6,9.8
1788533151.999993,-32.836308,-70.132197,2869.219155,41.8,12.556318,7.9,10.6
1788533153.999996,-32.836209,-70.132151,2866.917469,27.5,7.479895,9.5,10.7
1788533155.999996,-32.836093,-70.132044,2858.930851,35.0,9.594259,8.9,9.4
1788533156.999997,-32.836006,-70.131970,2858.737115,36.0,10.196621,8.9,9.1
1788533158.999999,-32.835891,-70.131831,2860.808195,49.2,9.329921,6.4,6.5
1788533161.000001,-32.835813,-70.131677,2858.313432,57.7,8.403439,7.2,7.5
1788533163.000002,-32.835731,-70.131555,2860.080716,50.9,7.065729,5.3,5.5
1788533165.000002,-32.835655,-70.131492,2860.936977,43.0,5.242412,5.2,5.3
1788533171.000006,-32.835558,-70.131511,2860.663660,307.7,0.000000,8.8,8.8
1788533171.000006,-32.835558,-70.131511,2860.663660,307.7,0.000000,8.8,8.8
1788533186.000013,-32.835530,-70.131621,2860.117350,333.7,0.678182,10.4,8.8
1788533199.000020,-32.835485,-70.131716,2860.611388,284.6,0.308210,10.2,9.0
1788533212.000025,-32.835457,-70.131843,2860.212747,296.8,2.324137,7.6,9.8
1788533218.000027,-32.835428,-70.131969,2859.989415,288.9,0.000000,8.4,10.4
1788533218.000027,-32.835428,-70.131969,2859.989415,288.9,0.000000,8.4,10.4
1788533221.000028,-32.835410,-70.132078,2859.767455,279.8,3.970051,5.6,10.5
1788533227.000031,-32.835392,-70.132141,2862.019347,290.1,0.000000,9.6,10.2
1788533227.000031,-32.835392,-70.132141,2862.019347,290.1,0.000000,9.6,10.2
1788533232.999912,-32.835359,-70.132257,2862.858461,293.6,2.094592,9.9,10.1
1788533238.999920,-32.835334,-70.132379,2863.196316,279.3,0.000000,10.1,10.0
1788533238.999920,-32.835334,-70.132379,2863.196316,279.3,0.000000,10.1,10.0
1788533243.999934,-32.835311,-70.132485,2862.806037,282.8,1.983486,9.9,10.4
1788533249.999950,-32.835277,-70.132590,2865.230280,281.3,1.458965,8.0,9.9
1788533254.999961,-32.835253,-70.132697,2868.591363,288.4,1.914180,10.4,10.1
1788533260.999972,-32.835225,-70.132815,2874.803035,290.7,2.103914,11.3,10.5
1788533266.999982,-32.835197,-70.132915,2880.891784,283.5,0.781580,10.4,10.4
1788533266.999982,-32.835197,-70.132915,2880.891784,283.5,0.000000,10.4,10.4
1788533272.999989,-32.835168,-70.133028,2890.992005,287.9,1.797756,12.0,10.6
1788533279.999996,-32.835143,-70.133137,2897.238652,283.3,1.985844,7.7,10.8
1788533287.000002,-32.835116,-70.133245,2904.326382,284.5,1.819871,10.2,10.9
1788533294.000008,-32.835086,-70.133363,2911.085623,285.7,2.060607,11.6,11.6
1788533300.000012,-32.835064,-70.133453,2917.494299,288.7,0.984656,12.2,12.1
1788533300.000012,-32.835064,-70.133453,2917.494299,288.7,0.000000,12.2,12.1
1788533308.000019,-32.835031,-70.133575,2922.720204,283.4,1.836166,11.4,11.6
1788533314.000023,-32.835007,-70.133679,2923.904245,286.2,1.932630,10.4,10.8
1788533320.000027,-32.834974,-70.133799,2926.564555,286.4,2.005211,9.7,10.2
1788533326.000031,-32.834953,-70.133892,2928.164360,285.5,0.000000,9.4,11.0
1788533326.000031,-32.834953,-70.133892,2928.164360,285.5,0.000000,9.4,11.0
1788533330.000034,-32.834926,-70.134001,2929.307261,283.8,1.733901,9.3,10.5
1788533336.000039,-32.834894,-70.134120,2932.637408,280.1,2.149125,9.6,10.4
1788533342.000043,-32.834872,-70.134205,2935.138338,287.7,0.000000,9.5,10.3
1788533342.000043,-32.834872,-70.134205,2935.138338,287.7,0.000000,9.5,10.3
1788533346.000045,-32.834849,-70.134310,2938.146029,284.4,2.025310,10.1,10.6
1788533352.000049,-32.834824,-70.134417,2941.982574,286.9,0.000000,9.5,9.9
1788533352.000049,-32.834824,-70.134417,2941.982574,286.9,0.000000,9.5,9.9
1788533357.999918,-32.834796,-70.134533,2947.714691,281.9,2.165032,9.3,9.8
1788533363.999927,-32.834776,-70.134623,2951.294662,283.4,0.000000,8.8,9.6
1788533363.999927,-32.834776,-70.134623,2951.294662,283.4,0.000000,8.8,9.6
1788533368.999939,-32.834749,-70.134738,2955.306530,286.5,1.824954,8.3,9.7
1788533374.999956,-32.834716,-70.134849,2958.296521,288.0,2.022057,7.2,8.7
1788533380.999968,-32.834691,-70.134958,2959.644441,285.5,0.000000,6.5,7.7
1788533380.999968,-32.834691,-70.134958,2959.644441,285.5,0.000000,6.5,7.7
1788533386.999978,-32.834666,-70.135074,2961.650343,286.7,2.046785,7.2,8.6
1788533392.999986,-32.834640,-70.135184,2963.497391,283.8,0.000000,6.9,7.9
1788533392.999986,-32.834640,-70.135184,2963.497391,283.8,0.000000,6.9,7.9
1788533398.999994,-32.834616,-70.135290,2965.292170,286.4,1.729359,6.1,7.4
1788533405.000000,-32.834586,-70.135392,2967.060749,285.4,1.772752,6.6,7.1
1788533411.000007,-32.834552,-70.135504,2971.435787,289.1,1.878607,6.7,7.0
1788533418.000014,-32.834520,-70.135642,2972.839001,287.4,1.925083,6.5,6.5
1788533424.000021,-32.834488,-70.135756,2973.165370,284.3,1.907853,6.4,6.4
1788533431.000028,-32.834452,-70.135893,2975.340282,290.2,1.845967,6.0,6.2
1788533437.000033,-32.834433,-70.136011,2974.640886,284.9,1.954883,5.8,6.8
1788533443.000039,-32.834405,-70.136123,2977.969112,279.9,1.608587,5.6,6.8
1788533449.000044,-32.834374,-70.136242,2980.729379,285.6,1.973502,5.8,6.9
1788533455.000049,-32.834347,-70.136360,2982.128217,286.8,1.743961,5.6,7.1
1788533459.000054,-32.834330,-70.136473,2984.190040,274.7,2.447817,6.5,7.8
1788533465.000059,-32.834299,-70.136556,2988.121782,288.9,0.000000,7.5,9.5
1788533465.000059,-32.834299,-70.136556,2988.121782,288.9,0.000000,7.5,9.5
1788533471.000065,-32.834269,-70.136686,2991.162746,284.3,2.143013,6.0,10.2
1788533477.000070,-32.834241,-70.136784,2993.691178,286.7,0.000000,10.1,12.3
1788533477.000070,-32.834241,-70.136784,2993.691178,286.7,0.000000,10.1,12.3
1788533482.000076,-32.834237,-70.136928,2991.714292,264.2,2.754684,11.9,12.3
1788533488.000085,-32.834331,-70.136969,2992.550705,183.6,0.000000,10.9,10.9
1788533488.000085,-32.834331,-70.136969,2992.550705,183.6,0.000000,10.9,10.9
1788533498.000071,-32.834419,-70.137000,2992.688965,189.4,1.781439,7.9,9.0
1788533502.000067,-32.834509,-70.137020,2993.087921,192.7,3.112075,7.9,8.6
1788533507.000066,-32.834608,-70.137025,2991.780145,183.3,2.133779,7.2,7.9
1788533513.000064,-32.834688,-70.137040,2992.501076,209.1,0.000000,7.2,7.3
1788533513.000064,-32.834688,-70.137040,2992.501076,209.1,0.000000,7.2,7.3
1788533529.000071,-32.834781,-70.137054,2991.936729,177.2,1.616355,5.9,7.0
1788533535.000074,-32.834883,-70.137068,2991.960965,191.1,2.084059,6.3,7.0
1788533540.000077,-32.834978,-70.137094,2991.955232,199.7,0.000000,5.4,6.8
1788533540.000077,-32.834978,-70.137094,2991.955232,199.7,0.000000,5.4,6.8
1788533544.000079,-32.835075,-70.137102,2990.865539,183.7,2.692560,5.7,6.6
1788533548.000083,-32.835185,-70.137118,2990.331562,193.9,3.613011,5.6,6.3
1788533551.000084,-32.835284,-70.137168,2989.123240,200.1,3.709131,5.6,6.1
1788533554.000086,-32.835372,-70.137211,2988.128383,198.4,3.245153,5.4,6.1
1788533557.000088,-32.835469,-70.137241,2989.014524,192.0,3.273310,5.2,5.9
1788533560.000090,-32.835565,-70.137269,2989.293157,190.6,3.291128,5.1,6.4
1788533563.000093,-32.835655,-70.137313,2987.842094,201.0,3.806686,4.4,6.5
1788533565.000093,-32.835763,-70.137344,2987.279157,197.2,5.502713,4.2,6.4
1788533567.000096,-32.835861,-70.137387,2987.047026,200.9,5.600094,4.6,6.4
1788533570.000097,-32.835990,-70.137442,2987.213564,201.1,4.922984,3.8,6.3
1788533573.000100,-32.836095,-70.137496,2987.942322,205.6,3.976310,4.6,6.4
1788533577.000103,-32.836193,-70.137534,2986.502142,197.3,2.424159,6.4,6.8
1788533581.000105,-32.836281,-70.137565,2986.118921,199.9,2.444185,6.4,7.0
1788533585.000109,-32.836356,-70.137625,2985.878503,233.9,2.488286,6.0,7.2
1788533591.000113,-32.836368,-70.137660,2986.874138,224.5,0.000000,8.0,7.8
1788533591.000113,-32.836368,-70.137660,2986.874138,224.5,0.000000,8.0,7.8
1788533598.000118,-32.836437,-70.137740,2983.546530,234.2,1.319029,7.7,7.6
1788533620.000140,-32.836514,-70.137658,2979.530332,120.4,2.998863,8.3,8.0
1788533623.000131,-32.836629,-70.137671,2976.242767,211.6,4.954231,5.3,7.8
1788533626.000120,-32.836691,-70.137808,2975.691969,241.8,4.554785,7.0,7.8
1788533629.000113,-32.836793,-70.137740,2972.615837,125.4,4.954996,6.7,7.6
1788533631.000108,-32.836889,-70.137734,2970.909126,190.1,5.302631,5.7,7.4
1788533633.000105,-32.836936,-70.137827,2970.863656,236.8,4.852239,4.3,7.2
1788533635.000101,-32.836980,-70.137926,2971.559473,244.1,4.770739,5.8,7.2
1788533637.000098,-32.837080,-70.137922,2969.599148,171.6,5.300967,5.7,7.0
1788533639.000097,-32.837177,-70.137858,2966.870976,161.5,6.411264,5.7,6.8
1788533641.000095,-32.837187,-70.137974,2963.799917,269.8,5.129919,6.2,8.0
1788533643.000093,-32.837219,-70.138092,2964.245732,264.2,5.815620,5.5,8.3
1788533645.000092,-32.837326,-70.138071,2962.686342,167.1,5.354806,6.0,8.6
1788533647.000090,-32.837410,-70.138020,2961.470006,163.3,5.382244,6.4,8.5
1788533649.000089,-32.837484,-70.138115,2959.994731,234.8,5.630116,5.3,8.2
1788533651.000088,-32.837466,-70.138247,2958.694850,280.9,5.992009,5.9,8.7
1788533653.000088,-32.837550,-70.138305,2955.850250,198.1,5.379482,6.6,8.9
1788533655.000088,-32.837664,-70.138270,2955.152233,174.9,6.190174,5.9,8.8
1788533657.000088,-32.837686,-70.138394,2951.988060,262.2,5.764579,6.3,8.6
1788533660.000087,-32.837724,-70.138543,2951.665882,219.3,5.507225,6.5,9.5
1788533662.000088,-32.837834,-70.138505,2950.747290,163.5,5.590814,7.0,8.9
1788533664.000088,-32.837921,-70.138540,2949.586707,211.6,5.648583,6.9,8.5
1788533666.000088,-32.837909,-70.138680,2946.408138,270.2,6.108454,6.7,8.9
1788533668.000088,-32.838021,-70.138729,2943.497747,188.5,6.077567,6.8,9.4
1788533670.000088,-32.838127,-70.138737,2944.464134,201.9,5.512928,6.4,8.6
1788533672.000089,-32.838109,-70.138859,2940.753372,284.0,5.388941,6.7,10.8
1788533674.000090,-32.838200,-70.138887,2938.528327,179.0,5.651377,7.1,10.9
1788533676.000090,-32.838300,-70.138851,2936.834264,164.0,6.506807,7.7,9.7
1788533678.000090,-32.838355,-70.138976,2932.393161,245.5,6.538302,5.7,9.0
1788533680.000091,-32.838419,-70.139115,2933.234052,230.3,6.634805,6.2,7.8
1788533682.000091,-32.838514,-70.139017,2929.453405,140.1,6.182024,5.5,7.0
1788533684.000092,-32.838625,-70.139037,2928.759640,197.5,6.454334,5.3,6.6
1788533686.000092,-32.838664,-70.139207,2926.668247,250.3,7.507886,4.3,6.6
1788533688.000093,-32.838761,-70.139164,2925.014561,151.3,5.046178,5.2,6.5
1788533690.000094,-32.838869,-70.139145,2924.310333,185.2,5.730768,5.2,6.3
1788533692.000095,-32.838909,-70.139259,2922.710578,247.8,5.381838,5.6,6.3
1788533694.000095,-32.838996,-70.139299,2922.146872,194.6,4.788605,5.8,6.7
1788533696.000095,-32.839077,-70.139208,2919.881143,136.5,5.725098,6.2,6.9
1788533698.000096,-32.839169,-70.139211,2919.924216,197.2,4.856627,5.5,6.6
1788533704.000099,-32.839165,-70.139314,2918.641200,266.1,0.000000,9.2,10.0
1788533704.000099,-32.839165,-70.139314,2918.641200,266.1,0.000000,9.2,10.0
1788533744.000170,-32.839243,-70.139387,2912.187643,216.8,3.599376,8.8,11.4
1788533746.000131,-32.839366,-70.139360,2909.681850,164.0,6.056082,8.5,10.7
1788533748.000109,-32.839505,-70.139385,2905.807018,204.9,7.704472,6.2,10.3
1788533750.000104,-32.839627,-70.139506,2903.172959,207.6,8.598068,6.1,8.7
1788533752.000102,-32.839756,-70.139405,2902.148996,150.6,7.367294,5.7,8.4
1788533754.000101,-32.839804,-70.139517,2899.590836,241.5,5.684337,5.9,8.4
1788533756.000099,-32.839861,-70.139630,2898.366476,223.7,6.404932,7.1,8.7
1788533758.000098,-32.839948,-70.139550,2895.007335,146.1,5.590167,8.8,9.7
1788533760.000098,-32.840051,-70.139540,2893.984029,193.1,6.411806,8.1,9.3
1788533762.000096,-32.840038,-70.139677,2886.772143,274.6,6.111980,8.0,10.2
1788533763.000095,-32.840133,-70.139732,2889.796266,226.6,7.285029,9.5,10.5
1788533765.000095,-32.840239,-70.139666,2885.616065,147.0,7.052999,9.1,9.9
1788533767.000094,-32.840308,-70.139575,2884.918103,152.2,6.374609,8.4,8.0
1788533769.000093,-32.840396,-70.139687,2878.670490,232.6,6.732472,7.9,8.6
1788533771.000093,-32.840483,-70.139800,2876.299486,212.9,7.348700,11.0,11.9
1788533773.000092,-32.840589,-70.139687,2873.530591,139.2,7.048820,8.9,9.7
1788533775.000092,-32.840719,-70.139688,2871.722740,189.9,7.388356,5.3,7.5
1788533777.000091,-32.840806,-70.139819,2869.777465,226.8,7.775930,3.6,6.9
1788533779.000091,-32.840879,-70.139893,2867.003931,206.3,5.879775,4.5,5.8
1788533781.000090,-32.840993,-70.139790,2863.449798,139.2,6.833976,5.6,5.7
1788533783.000090,-32.841121,-70.139755,2859.088740,181.0,7.318346,5.4,6.4
1788533785.000090,-32.841191,-70.139879,2859.224480,237.5,6.587901,6.8,8.3
1788533786.000089,-32.841266,-70.139940,2858.210721,224.0,7.770577,7.6,8.0
1788533788.000089,-32.841411,-70.139909,2855.784876,168.6,7.888368,6.5,7.1
1788533790.000089,-32.841573,-70.139952,2852.138538,200.4,8.809048,4.9,6.5
1788533792.000088,-32.841646,-70.140045,2854.536758,218.0,5.996905,5.2,6.4
1788533794.000088,-32.841716,-70.139976,2852.177976,138.5,5.093083,6.4,6.9
1788533797.000088,-32.841812,-70.139938,2851.494823,183.0,2.779430,6.7,8.4
1788533803.000087,-32.841850,-70.139957,2850.470411,189.2,0.000000,11.0,9.9
1788533803.000087,-32.841850,-70.139957,2850.470411,189.2,0.000000,11.0,9.9
1788533838.000085,-32.841928,-70.140021,2845.820933,192.0,3.233262,7.5,11.4
1788533841.000085,-32.842065,-70.140079,2838.559312,191.9,5.748658,6.6,12.8
1788533843.000084,-32.842174,-70.140199,2835.809193,228.2,7.880486,5.8,10.6
1788533845.000084,-32.842306,-70.140171,2833.132863,153.2,5.899869,7.9,9.8
1788533846.000084,-32.842366,-70.140083,2831.642800,135.4,8.768621,8.6,9.5
1788533848.000084,-32.842512,-70.140085,2828.126442,184.2,7.882691,11.4,17.1
1788533853.000084,-32.842598,-70.140176,2828.847612,217.9,3.113228,11.0,13.6
1788533856.000084,-32.842691,-70.140202,2827.265012,192.7,3.527247,12.8,14.5
1788533858.000084,-32.842801,-70.140222,2822.331821,188.9,6.447604,8.3,13.7
1788533860.000084,-32.842961,-70.140238,2820.207488,190.2,6.643691,8.2,14.9
1788533863.000206,-32.843054,-70.140293,2823.175907,223.7,2.600365,16.0,17.5
1788533867.000193,-32.843098,-70.140405,2823.116620,250.3,3.645973,15.3,16.1
1788533870.000186,-32.843191,-70.140514,2818.692293,229.0,5.338249,13.4,14.4
1788533872.000182,-32.843288,-70.140438,2815.250011,135.8,5.931437,11.7,13.7
1788533876.000163,-32.843397,-70.140474,2812.360521,228.7,5.026735,10.1,11.8
1788533879.000146,-32.843520,-70.140470,2805.830489,148.3,5.738272,8.4,10.7
1788533881.000136,-32.843552,-70.140366,2805.557991,123.1,4.981372,8.4,10.4
1788533884.000123,-32.843689,-70.140460,2801.234372,226.2,6.535354,7.8,10.9
1788533887.000112,-32.843869,-70.140432,2794.619797,162.4,7.943390,7.5,8.1
1788533889.000105,-32.844012,-70.140489,2791.861577,196.8,8.140922,4.7,5.9
1788533891.000100,-32.844149,-70.140425,2785.054086,148.0,8.664063,4.9,5.9
1788533892.000097,-32.844237,-70.140337,2781.742828,143.8,11.123152,4.8,5.3
1788533894.000092,-32.844375,-70.140454,2776.877678,215.5,8.792439,5.4,6.7
1788533895.000090,-32.844458,-70.140532,2777.570416,219.1,10.229409,3.9,6.2
1788533897.000086,-32.844546,-70.140465,2773.355363,145.4,6.846236,3.4,6.0
1788533899.000081,-32.844621,-70.140352,2773.600867,150.8,6.345502,5.4,6.4
1788533901.000078,-32.844730,-70.140467,2769.843592,224.5,6.948975,4.8,7.2
1788533903.000074,-32.844865,-70.140554,2770.994960,207.8,7.717135,4.9,7.2
1788533905.000072,-32.844980,-70.140582,2772.397366,194.7,6.143034,4.3,5.4
1788533909.000067,-32.845099,-70.140582,2771.141603,185.3,3.654775,3.7,5.5
1788533913.000063,-32.845204,-70.140639,2769.192386,215.9,3.177068,3.4,7.3
1788533917.000058,-32.845309,-70.140638,2765.128206,140.0,3.818097,4.4,8.0
1788533920.000056,-32.845304,-70.140502,2762.546300,81.2,3.935560,6.9,7.8
1788533925.000052,-32.845258,-70.140407,2762.314345,59.9,0.390136,9.0,7.4
1788533986.000015,-32.845256,-70.140414,2758.095660,-1.0,0.000000,12.1,10.0
1788533997.000232,-32.845369,-70.140374,2755.377794,193.4,4.810022,8.1,8.9
1788534000.000218,-32.845489,-70.140438,2753.008332,186.6,5.620326,6.7,8.8
1788534002.000207,-32.845566,-70.140321,2747.949388,123.1,6.086731,8.1,8.8
1788534005.000187,-32.845670,-70.140308,2745.801526,208.7,4.981218,6.1,9.1
1788534007.000175,-32.845751,-70.140408,2743.853698,227.0,5.322211,7.9,9.7
1788534009.000164,-32.845810,-70.140310,2741.282126,115.0,5.428909,7.7,9.5
1788534011.000154,-32.845867,-70.140208,2738.817498,138.5,5.788011,9.0,9.8
1788534013.000145,-32.845980,-70.140277,2733.673280,210.2,6.243892,7.9,10.2
1788534015.000137,-32.846066,-70.140355,2734.888519,213.0,5.438444,8.6,9.8
1788534017.000130,-32.846086,-70.140250,2731.089770,98.2,4.679889,9.4,10.0
1788534020.000119,-32.846179,-70.140131,2727.573147,157.7,6.268022,8.0,10.1
1788534022.000114,-32.846284,-70.140176,2722.783358,204.5,6.535268,9.6,9.8
1788534024.000108,-32.846364,-70.140275,2721.837933,224.2,6.405676,7.3,9.8
1788534026.000103,-32.846459,-70.140249,2719.945905,146.1,4.933083,8.4,9.3
1788534028.000098,-32.846479,-70.140140,2717.071662,111.4,5.175345,8.3,9.9
1788534030.000093,-32.846600,-70.140094,2711.972079,176.1,6.760238,9.5,10.4
1788534032.000089,-32.846658,-70.140179,2708.678481,230.0,5.222959,8.0,10.5
1788534035.000084,-32.846739,-70.140235,2709.460523,196.7,3.644025,7.8,8.8
1788534037.000079,-32.846866,-70.140239,2704.464183,188.1,7.066824,6.6,8.4
1788534039.000075,-32.846995,-70.140320,2700.257425,209.1,8.018418,6.4,8.6
1788534041.000073,-32.847150,-70.140359,2692.959040,185.6,9.668474,3.4,6.2
1788534043.000070,-32.847347,-70.140294,2689.271049,167.7,10.747452,3.1,4.0
1788534045.000066,-32.847441,-70.140212,2690.271106,145.3,5.760423,7.1,7.2
1788534051.000057,-32.847493,-70.140157,2684.194580,149.3,1.751495,10.2,8.7
1788534051.000057,-32.847493,-70.140157,2684.194580,149.3,0.000000,10.2,8.7
1788534055.000051,-32.847497,-70.140043,2681.990867,96.4,4.070979,9.0,8.9
1788534057.000048,-32.847533,-70.139939,2680.196260,106.2,5.334020,9.4,9.7
1788534059.000046,-32.847625,-70.139839,2676.830069,159.1,6.807843,9.6,10.1
1788534061.000043,-32.847710,-70.139911,2673.228387,211.8,5.878804,10.0,10.4
1788534063.000041,-32.847780,-70.139999,2669.784631,224.0,5.664746,11.0,10.4
1788534065.000038,-32.847898,-70.140095,2664.681238,207.8,8.452779,12.1,10.7
1788534066.000037,-32.847990,-70.140087,2662.717524,186.3,9.124063,17.1,17.0
1788534068.000035,-32.848173,-70.140102,2655.399947,191.7,10.859751,11.0,11.9
1788534070.000032,-32.848328,-70.140056,2653.456100,164.5,8.945898,7.9,7.5
1788534072.000030,-32.848447,-70.140015,2650.610790,148.1,7.067498,7.4,6.7
1788534074.000027,-32.848392,-70.139915,2651.141287,62.1,4.772173,10.0,9.1
1788534079.000021,-32.848344,-70.139813,2648.351720,62.9,1.806259,9.8,8.6
1788534140.000125,-32.848356,-70.139798,2647.960090,1.6,0.056086,8.5,8.5
1788534143.000114,-32.848452,-70.139820,2644.494672,205.3,4.668577,7.7,8.4
1788534146.000103,-32.848550,-70.139745,2635.619564,108.9,5.532051,7.0,8.2
1788534148.000096,-32.848674,-70.139584,2633.174480,138.2,9.678152,7.3,8.9
1788534149.000094,-32.848745,-70.139510,2627.894894,136.1,10.666615,6.8,8.7
1788534151.000087,-32.848717,-70.139282,2623.741220,87.1,10.137937,6.5,8.7
1788534152.000085,-32.848777,-70.139162,2622.797634,113.7,11.706005,4.1,7.3
1788534153.000082,-32.848837,-70.139033,2620.900590,114.4,12.980574,5.9,10.9
1788534155.000076,-32.848807,-70.138842,2616.825676,80.5,10.506275,11.5,15.3
1788534156.000074,-32.848848,-70.138701,2615.955931,106.7,11.589370,9.4,12.1
1788534157.000071,-32.848909,-70.138596,2610.995595,118.9,12.042640,9.1,10.3
1788534159.000066,-32.848852,-70.138389,2608.236780,72.8,11.078162,10.3,11.0
1788534160.000064,-32.848851,-70.138258,2606.733754,90.4,12.507789,10.1,9.2
1788534162.000058,-32.848948,-70.138103,2597.770133,103.8,11.411610,12.8,10.8
1788534163.000056,-32.848910,-70.137988,2595.832578,83.3,11.174823,8.2,8.5
1788534164.000054,-32.848917,-70.137872,2593.166908,96.5,11.396579,12.2,14.3
1788534165.000052,-32.848953,-70.137760,2588.950655,108.2,11.755892,10.5,10.7
1788534166.000050,-32.848994,-70.137618,2583.670271,109.0,13.213076,7.6,7.3
1788534167.000047,-32.849012,-70.137463,2579.266830,102.9,14.483951,5.7,5.3
1788534168.000045,-32.849037,-70.137308,2576.121050,101.8,15.118022,4.6,4.6
1788534169.000043,-32.849083,-70.137136,2574.533136,106.9,16.250650,3.7,4.1
1788534170.000041,-32.849140,-70.137013,2569.660110,112.7,15.458254,6.1,6.1
1788534171.000038,-32.849195,-70.136879,2568.005117,115.3,14.717721,6.6,6.0
1788534172.000036,-32.849253,-70.136777,2568.570885,120.6,13.122801,7.2,5.8
1788534173.000034,-32.849330,-70.136700,2571.666849,133.5,12.073956,12.3,10.1
1788534175.000031,-32.849402,-70.136569,2574.040601,117.9,6.955105,12.2,10.0
1788534181.000019,-32.849427,-70.136498,2574.930473,111.1,0.000000,11.4,9.2
1788534181.000019,-32.849427,-70.136498,2574.930473,111.1,0.000000,11.4,9.2
1788534213.999958,-32.849352,-70.136417,2575.528336,37.0,1.631580,12.8,10.4
1788534227.999934,-32.849229,-70.136397,2575.812893,9.1,3.095249,10.7,9.9
1788534233.999923,-32.849169,-70.136387,2573.049672,337.5,0.000000,13.7,10.7
1788534233.999923,-32.849169,-70.136387,2573.049672,337.5,0.000000,13.7,10.7
1788534238.999914,-32.849069,-70.136363,2582.212750,16.9,2.568997,13.1,10.8
1788534245.000196,-32.848992,-70.136349,2583.906159,5.8,0.000000,12.5,10.0
1788534245.000196,-32.848992,-70.136349,2583.906159,5.8,0.000000,12.5,10.0
1788534252.000165,-32.848884,-70.136323,2590.522104,9.0,1.879967,13.8,9.8
1788534259.000122,-32.848770,-70.136299,2594.723986,13.6,1.801478,13.1,9.7
1788534265.000089,-32.848668,-70.136280,2601.335232,7.8,2.013172,13.4,9.7
1788534271.000062,-32.848589,-70.136258,2607.283240,9.4,0.000000,13.4,9.3
1788534271.000062,-32.848589,-70.136258,2607.283240,9.4,0.000000,13.4,9.3
1788534276.000043,-32.848488,-70.136235,2613.182726,7.6,2.062280,13.5,9.0
1788534282.000023,-32.848399,-70.136211,2619.746167,10.7,0.757937,15.1,9.1
1788534282.000023,-32.848399,-70.136211,2619.746167,10.7,0.000000,15.1,9.1
1788534288.000005,-32.848307,-70.136194,2624.331922,6.4,1.868899,15.0,9.4
1788534293.999989,-32.848214,-70.136176,2628.746747,10.8,1.744652,12.6,8.5
1788534299.999974,-32.848120,-70.136162,2632.119037,7.3,1.840855,12.2,8.4
1788534306.999956,-32.848017,-70.136137,2639.691351,10.4,1.787378,12.7,8.3
1788534312.999942,-32.847919,-70.136111,2648.379023,9.9,1.944879,12.4,8.0
1788534318.999927,-32.847827,-70.136084,2656.039478,25.5,2.009201,9.3,7.5
1788534324.999913,-32.847743,-70.136071,2664.165806,8.8,1.290211,9.9,6.7
1788534324.999913,-32.847743,-70.136071,2664.165806,8.8,0.000000,9.9,6.7
1788534331.999897,-32.847649,-70.136052,2672.174238,6.0,1.653791,9.3,6.4
1788534338.999880,-32.847552,-70.136027,2680.448887,4.4,1.898600,8.6,6.2
1788534345.999864,-32.847453,-70.136003,2688.787711,15.7,1.641527,8.7,6.0
1788534353.999846,-32.847348,-70.135986,2699.438232,11.4,2.001633,10.3,7.5
1788534359.999832,-32.847273,-70.135971,2707.241989,9.4,1.251326,9.6,7.5
1788534359.999832,-32.847273,-70.135971,2707.241989,9.4,0.000000,9.6,7.5
1788534367.999645,-32.847182,-70.135948,2715.280162,16.3,1.550186,10.6,7.6
1788534373.999627,-32.847091,-70.135935,2720.484491,5.4,1.905632,10.2,7.1
1788534379.999627,-32.846997,-70.135908,2729.013704,17.0,1.693642,9.0,6.7
1788534386.999677,-32.846889,-70.135888,2737.446818,15.3,1.735942,10.2,7.4
1788534392.999703,-32.846791,-70.135864,2743.546305,12.7,2.052729,9.9,7.5
1788534398.999716,-32.846713,-70.135840,2750.142672,18.8,1.185556,10.0,7.3
1788534398.999716,-32.846713,-70.135840,2750.142672,18.8,0.000000,10.0,7.3
1788534405.999725,-32.846614,-70.135823,2756.966793,9.9,1.557428,8.5,7.0
1788534411.999727,-32.846521,-70.135806,2760.618749,9.6,2.029646,7.9,6.7
1788534417.999726,-32.846414,-70.135784,2760.913297,16.9,0.000000,7.6,6.2
1788534417.999726,-32.846414,-70.135784,2760.913297,16.9,0.000000,7.6,6.2
1788534423.999723,-32.846319,-70.135762,2762.460953,9.6,1.856335,7.2,6.0
1788534430.999718,-32.846217,-70.135735,2764.180211,12.2,0.000000,7.1,6.0
1788534436.999712,-32.846099,-70.135709,2766.289858,10.4,1.878355,7.0,6.0
1788534441.999706,-32.846011,-70.135686,2770.069595,11.8,1.867734,6.5,5.7
1788534448.999699,-32.845891,-70.135663,2774.820181,10.0,1.889666,6.2,5.7
1788534454.999692,-32.845792,-70.135642,2778.904762,13.1,1.891028,6.7,6.1
1788534462.999682,-32.845657,-70.135615,2784.375257,9.7,1.918532,6.7,6.1
1788534468.999675,-32.845551,-70.135595,2787.878231,8.5,2.048190,6.7,6.1
1788534474.999667,-32.845465,-70.135576,2790.375916,10.4,0.000000,6.6,5.9
1788534474.999667,-32.845465,-70.135576,2790.375916,10.4,0.000000,6.6,5.9
1788534479.999661,-32.845372,-70.135554,2793.077515,9.8,1.863421,6.6,6.0
1788534485.999654,-32.845273,-70.135530,2796.231467,14.4,1.816827,6.4,5.6
1788534491.998904,-32.845172,-70.135509,2799.107153,9.8,1.860762,5.7,5.1
1788534497.998957,-32.845072,-70.135487,2801.856971,7.7,2.023946,5.2,4.9
1788534503.999081,-32.844973,-70.135465,2804.813454,11.5,0.000000,4.8,4.8
1788534503.999081,-32.844973,-70.135465,2804.813454,11.5,0.000000,4.8,4.8
1788534509.999227,-32.844875,-70.135443,2808.025853,10.5,1.810592,5.3,5.4
1788534515.999335,-32.844778,-70.135418,2808.937838,11.9,1.919111,6.0,5.6
1788534521.999414,-32.844677,-70.135398,2809.938998,9.1,2.020660,6.2,6.1
1788534527.999468,-32.844570,-70.135375,2812.788441,12.1,0.000000,6.5,6.5
1788534527.999468,-32.844570,-70.135375,2812.788441,12.1,0.000000,6.5,6.5
1788534533.999508,-32.844474,-70.135353,2814.084554,9.9,1.844583,6.0,5.8
1788534539.999539,-32.844373,-70.135330,2815.536182,8.4,1.948915,7.3,6.3
1788534545.999564,-32.844274,-70.135307,2817.127453,11.2,1.890693,7.7,6.4
1788534551.999582,-32.844185,-70.135287,2817.165878,11.4,0.000000,9.0,7.2
1788534558.999601,-32.844062,-70.135261,2817.441863,10.3,0.000000,8.6,6.8
1788534565.999617,-32.843927,-70.135232,2818.318248,11.4,1.884794,8.3,6.8
1788534573.999633,-32.843787,-70.135206,2819.070113,11.4,1.919988,8.2,6.5
1788534580.999645,-32.843671,-70.135180,2820.478824,10.6,1.893548,7.6,5.9
1788534589.999661,-32.843519,-70.135144,2822.582291,11.3,1.899455,7.2,5.5
1788534595.999671,-32.843415,-70.135120,2824.598275,12.1,1.878102,7.2,5.6
1788534601.999680,-32.843310,-70.135091,2825.456958,10.9,1.984464,6.3,5.4
1788534609.999693,-32.843177,-70.135057,2826.541057,12.4,1.842866,6.8,5.9
1788534615.999702,-32.843076,-70.135038,2828.205318,10.0,1.852163,6.7,5.7
1788534621.998995,-32.842973,-70.135015,2831.774742,7.8,1.857920,7.2,6.1
1788534627.999139,-32.842870,-70.134994,2834.710670,8.4,1.951387,7.2,6.2
1788534633.999306,-32.842772,-70.134974,2837.345456,9.8,1.801136,6.6,6.0
1788534641.999480,-32.842637,-70.134941,2840.503200,10.5,1.987912,6.2,5.7
1788534647.999573,-32.842537,-70.134920,2843.428421,9.2,1.896047,6.6,5.9
1788534658.999690,-32.842359,-70.134880,2848.116866,9.8,1.994726,6.8,6.5
1788534664.999738,-32.842264,-70.134853,2850.501075,12.9,1.926435,7.5,7.2
1788534670.999778,-32.842168,-70.134836,2853.771200,11.3,1.865418,7.9,7.3
1788534676.999813,-32.842068,-70.134813,2857.608790,9.2,1.924424,7.9,7.2
1788534682.999845,-32.841973,-70.134787,2862.503333,13.0,1.900449,7.7,7.6
1788534689.999879,-32.841871,-70.134765,2866.597617,10.0,0.000000,8.4,8.1
1788534695.999907,-32.841762,-70.134742,2871.648846,10.8,1.923988,7.9,7.6
1788534701.999935,-32.841670,-70.134720,2876.195232,14.2,1.949208,7.9,7.6
1788534707.999961,-32.841573,-70.134704,2881.862062,12.1,1.903107,7.5,6.9
1788534713.999987,-32.841477,-70.134685,2887.277411,11.6,1.885448,7.4,7.0
1788534723.000025,-32.841338,-70.134654,2894.430583,17.2,1.923661,8.2,7.4
1788534729.000051,-32.841237,-70.134636,2897.235478,5.9,2.007148,8.2,7.3
1788534735.000074,-32.841137,-70.134617,2900.516626,7.6,0.000000,6.9,6.6
1788534735.000074,-32.841137,-70.134617,2900.516626,7.6,0.000000,6.9,6.6
1788534744.999705,-32.840980,-70.134583,2904.283260,5.0,1.900225,7.0,6.4
1788534750.999750,-32.840885,-70.134558,2908.518397,7.8,1.658418,6.3,5.5
1788534755.999798,-32.840794,-70.134547,2908.832453,6.4,2.049057,6.2,5.3
1788534761.999860,-32.840726,-70.134531,2909.526352,12.0,0.000000,6.1,5.3
1788534761.999860,-32.840726,-70.134531,2909.526352,12.0,0.000000,6.1,5.3
1788534765.999897,-32.840625,-70.134511,2909.902539,8.5,1.852536,5.9,5.2
1788534772.999954,-32.840506,-70.134488,2910.563716,9.2,1.857887,5.6,4.8
1788534782.000015,-32.840353,-70.134454,2912.102525,10.3,1.860736,5.2,4.5
1788534788.000052,-32.840250,-70.134431,2913.492669,9.6,1.875775,5.5,5.2
1788534793.000081,-32.840161,-70.134411,2914.025851,8.9,2.039118,4.8,5.0
1788534799.000114,-32.840065,-70.134389,2913.668628,9.8,0.000000,5.1,4.8
1788534799.000114,-32.840065,-70.134389,2913.668628,9.8,0.000000,5.1,4.8
1788534807.000156,-32.839927,-70.134359,2913.032258,11.4,1.884465,4.7,4.7
1788534814.000191,-32.839805,-70.134334,2912.329542,9.1,1.829367,5.0,5.1
1788534819.000217,-32.839716,-70.134314,2911.821426,10.8,1.923053,5.5,5.5
1788534825.000248,-32.839616,-70.134284,2911.840547,12.0,1.967621,6.5,5.7
1788534831.000277,-32.839513,-70.134268,2911.758839,11.7,1.928016,6.3,5.6
1788534837.000307,-32.839409,-70.134249,2911.031644,9.4,1.896057,6.2,5.8
1788534844.000342,-32.839294,-70.134217,2911.196701,12.0,1.792875,6.3,5.6
1788534850.000372,-32.839202,-70.134190,2913.694803,9.1,1.798876,6.2,5.8
1788534855.000396,-32.839115,-70.134160,2911.383020,19.5,1.965220,7.2,6.9
1788534860.000421,-32.839016,-70.134143,2914.181788,9.1,2.250818,6.4,6.5
1788534866.000450,-32.838919,-70.134126,2914.708272,10.1,0.000000,6.7,6.2
1788534866.000450,-32.838919,-70.134126,2914.708272,10.1,0.000000,6.7,6.2
1788534871.999576,-32.838820,-70.134108,2915.697441,11.2,1.822245,7.0,6.3
1788534877.999573,-32.838726,-70.134093,2914.489883,7.8,1.625187,5.1,6.0
1788534883.999605,-32.838618,-70.134071,2915.384327,12.8,1.862899,5.9,6.0
1788534889.999701,-32.838525,-70.134063,2918.009118,314.4,1.287444,8.1,7.2
1788534894.999766,-32.838435,-70.134030,2917.011534,11.5,1.995387,8.1,7.5
1788534900.999832,-32.838335,-70.134014,2917.894482,359.7,1.653188,8.5,8.1
1788534906.999888,-32.838225,-70.133984,2919.438518,8.2,1.925264,7.5,7.8
1788534912.999938,-32.838108,-70.133935,2924.459086,19.4,2.901382,5.7,8.2
1788534916.999969,-32.837989,-70.133923,2917.922335,4.7,4.088178,7.2,8.1
1788534919.999992,-32.837875,-70.133898,2919.108331,15.2,4.160426,6.6,7.5
1788534924.000020,-32.837768,-70.133842,2918.676218,26.0,3.198260,6.4,6.8
1788534930.000061,-32.837687,-70.133792,2918.106649,21.5,0.000000,5.7,6.0
1788534930.000061,-32.837687,-70.133792,2918.106649,21.5,0.000000,5.7,6.0
1788534940.000128,-32.837608,-70.133736,2917.788675,23.8,1.484874,5.9,5.9
1788534946.000165,-32.837551,-70.133645,2918.072191,55.6,1.447840,5.5,5.7
1788534955.000223,-32.837468,-70.133599,2916.123784,27.4,2.323294,7.6,7.8
1788534959.000248,-32.837375,-70.133554,2915.103683,13.4,3.248973,8.3,8.6
1788534962.000267,-32.837284,-70.133524,2914.214768,22.2,3.531785,7.8,8.5
1788534965.000285,-32.837146,-70.133465,2913.506890,21.8,5.538180,7.8,8.0
1788534968.000303,-32.837102,-70.133333,2912.893717,73.6,4.255465,7.0,7.4
1788534971.000322,-32.837096,-70.133211,2912.702118,90.0,3.489530,6.6,6.9
1788534977.000359,-32.837053,-70.133179,2912.371769,294.5,0.000000,6.7,8.2
1788534977.000359,-32.837053,-70.133179,2912.371769,294.5,0.000000,6.7,8.2
1788534997.999889,-32.836959,-70.133182,2911.112663,345.1,1.548779,10.5,10.7
1788535001.999909,-32.836876,-70.133085,2908.238709,79.5,4.670190,8.9,10.2
1788535003.999927,-32.836815,-70.132977,2904.564219,47.9,6.554531,7.9,9.7
1788535005.999939,-32.836652,-70.132900,2899.141327,32.4,9.507656,7.7,9.8
1788535006.999949,-32.836627,-70.132785,2896.457451,63.8,9.859802,11.4,15.3
1788535007.999956,-32.836560,-70.132710,2893.197438,47.6,10.293100,9.2,11.9
1788535008.999958,-32.836456,-70.132679,2886.970143,21.1,11.422100,7.0,9.6
1788535009.999966,-32.836343,-70.132602,2880.977860,28.8,13.335114,7.7,11.9
1788535010.999975,-32.836280,-70.132484,2874.659394,48.0,13.970162,10.4,16.6
1788535011.999984,-32.836183,-70.132339,2868.020574,52.1,16.397709,10.6,15.3
1788535012.999993,-32.836063,-70.132171,2863.335857,51.7,18.844752,8.5,9.9
1788535014.000002,-32.835961,-70.131989,2858.770676,55.1,20.353939,9.0,9.9
1788535015.000009,-32.835875,-70.131787,2858.550748,61.7,19.995945,30.4,28.2
1788535016.000018,-32.835841,-70.131614,2860.435143,72.5,18.190718,16.0,14.4
1788535017.000026,-32.835827,-70.131450,2862.377165,80.4,16.727098,10.7,9.9
1788535018.000034,-32.835825,-70.131298,2863.809816,85.6,14.841786,8.2,7.7
1788535019.000043,-32.835813,-70.131179,2866.984178,84.5,12.581313,6.8,6.3
1788535021.000058,-32.835818,-70.131022,2868.594585,91.0,7.870938,9.7,9.1
1788535027.000103,-32.835823,-70.130943,2870.481785,77.0,0.000000,7.0,5.8
1788535027.000103,-32.835823,-70.130943,2870.481785,77.0,0.000000,7.0,5.8
1788535032.000138,-32.835852,-70.131046,2870.250942,77.0,0.145595,6.0,5.4
1788535036.000167,-32.835859,-70.131155,2869.121063,277.1,1.963366,5.0,5.0
1788535040.000194,-32.835853,-70.131282,2866.503466,265.0,3.941799,4.3,5.1
1788535042.000208,-32.835872,-70.131404,2864.497503,257.6,5.773509,4.1,5.1
1788535044.000221,-32.835885,-70.131585,2861.996979,264.1,7.963398,3.8,4.8
1788535046.000234,-32.835909,-70.131741,2861.746920,258.0,7.363190,4.1,4.8
1788535050.000261,-32.835995,-70.131789,2862.079497,181.9,1.458192,5.0,5.2
1788535078.000445,-32.836001,-70.131679,2862.151220,71.6,0.234053,5.9,5.4
1788535093.000542,-32.835994,-70.131563,2861.623010,74.7,1.479158,5.6,5.1
1788535102.000600,-32.835971,-70.131457,2863.456986,80.7,1.038093,5.7,5.0
1788535109.000645,-32.835954,-70.131349,2864.144795,78.9,1.744337,5.6,5.0
1788535118.000703,-32.835938,-70.131244,2866.082887,77.9,1.015848,5.7,4.9
1788535128.000500,-32.835923,-70.131136,2866.274728,81.3,1.262971,5.2,5.0
1788535136.000429,-32.835907,-70.131024,2868.131726,82.7,1.259722,5.3,5.0
1788535144.000386,-32.835894,-70.130906,2869.462795,86.2,1.368432,5.3,5.1
1788535154.000378,-32.835862,-70.130772,2871.298986,80.3,1.494952,5.4,5.1
1788535161.000391,-32.835847,-70.130664,2874.177892,81.9,1.509804,5.5,5.1
1788535167.000410,-32.835780,-70.130564,2873.307752,47.1,2.087949,5.2,4.9
1788535172.000428,-32.835690,-70.130490,2870.859803,35.5,2.694391,5.5,5.3
1788535176.000444,-32.835588,-70.130421,2871.243507,28.3,3.209151,5.1,5.0
1788535181.000465,-32.835503,-70.130358,2871.444178,30.1,1.627668,5.2,5.0
1788535194.000527,-32.835402,-70.130331,2871.172363,20.2,1.863074,6.0,5.4
1788535199.000551,-32.835307,-70.130278,2868.710786,24.0,3.880079,5.4,5.4
1788535201.000562,-32.835210,-70.130279,2866.847447,356.9,5.277674,5.2,5.6
1788535203.000571,-32.835090,-70.130279,2865.230135,3.0,6.341683,5.3,5.4
1788535205.000581,-32.834957,-70.130267,2862.469144,4.4,7.637479,5.2,5.1
1788535207.000591,-32.834822,-70.130206,2861.779365,27.8,7.528945,4.5,4.4
1788535209.000601,-32.834769,-70.130104,2862.337223,53.6,5.422058,4.7,4.5
1788535212.000617,-32.834668,-70.130027,2862.557357,32.9,4.429672,5.3,5.0
1788535218.000648,-32.834612,-70.130008,2863.878777,303.9,0.000000,6.2,5.5
1788535218.000648,-32.834612,-70.130008,2863.878777,303.9,0.000000,6.2,5.5
1788535279.000358,-32.834615,-70.130003,2866.865220,353.5,0.190844,5.9,5.8
1788535340.000513,-32.834600,-70.129999,2865.328599,3.7,0.189175,4.9,4.6
1788535350.000550,-32.834543,-70.129905,2862.836755,45.8,1.853600,4.5,4.8
1788535354.000565,-32.834467,-70.129815,2860.864034,49.4,4.037120,4.5,4.5
1788535356.000572,-32.834405,-70.129694,2858.028212,61.0,6.767836,4.6,4.5
1788535358.000580,-32.834369,-70.129526,2858.930391,78.9,8.087327,3.8,4.1
1788535359.000583,-32.834361,-70.129417,2859.455075,84.0,9.148211,4.3,5.0
1788535361.000590,-32.834318,-70.129299,2857.553422,66.4,6.573454,6.0,5.9
1788535363.000598,-32.834354,-70.129176,2857.355294,107.6,5.472962,4.8,5.1
1788535366.000610,-32.834289,-70.129088,2854.141938,9.9,4.083239,4.9,4.9
1788535371.000628,-32.834194,-70.129099,2850.935744,338.0,1.458240,5.5,5.1
1788535381.000329,-32.834121,-70.129167,2850.135636,309.7,1.482670,5.9,5.3
1788535404.000240,-32.834042,-70.129075,2851.009697,65.4,2.355523,4.8,4.9
1788535410.000243,-32.834018,-70.129032,2850.286528,27.0,0.000000,5.4,4.8
1788535410.000243,-32.834018,-70.129032,2850.286528,27.0,0.000000,5.4,4.8
1788535420.000255,-32.833972,-70.128935,2854.096260,56.9,1.707368,5.9,5.6
1788535425.000266,-32.833915,-70.128825,2855.808282,65.6,2.577318,6.2,6.1
1788535431.000279,-32.833855,-70.128701,2855.432207,65.5,0.000000,7.1,6.2
1788535431.000279,-32.833855,-70.128701,2855.432207,65.5,0.000000,7.1,6.2
1788535436.000291,-32.833804,-70.128600,2855.739529,55.6,1.962986,8.5,7.7
1788535441.000303,-32.833747,-70.128505,2856.052494,51.1,3.096840,9.6,8.1
1788535445.000313,-32.833699,-70.128385,2854.101254,63.9,3.638515,8.1,8.5
1788535449.000324,-32.833660,-70.128278,2857.033929,66.9,3.979761,7.9,9.7
1788535455.000341,-32.833601,-70.128178,2857.805656,61.4,0.000000,8.3,11.3
1788535455.000341,-32.833601,-70.128178,2857.805656,61.4,0.000000,8.3,11.3
1788535460.000354,-32.833547,-70.128085,2859.886278,64.3,1.974500,10.5,15.2
1788535465.000368,-32.833513,-70.127981,2861.206127,67.9,2.162842,12.6,15.3
1788535470.000383,-32.833468,-70.127856,2865.184616,65.7,0.000000,13.7,14.8
1788535470.000383,-32.833468,-70.127856,2865.184616,65.7,0.000000,13.7,14.8
1788535475.000397,-32.833415,-70.127765,2869.139741,46.7,2.446025,12.0,17.2
1788535481.000414,-32.833368,-70.127644,2872.472580,62.7,0.000000,14.2,16.2
1788535481.000414,-32.833368,-70.127644,2872.472580,62.7,0.000000,14.2,16.2
1788535488.000433,-32.833306,-70.127545,2881.017409,59.4,2.299974,14.1,15.4
1788535493.000447,-32.833258,-70.127454,2885.058901,58.0,2.372147,13.5,14.7
1788535499.000465,-32.833212,-70.127335,2889.312584,68.9,0.000000,12.9,15.7
1788535499.000465,-32.833212,-70.127335,2889.312584,68.9,0.000000,12.9,15.7
1788535506.000265,-32.833135,-70.127206,2895.070813,61.7,2.188250,13.4,16.6
1788535511.000238,-32.833074,-70.127115,2899.434461,51.5,2.338074,10.5,16.1
1788535517.000207,-32.833019,-70.127011,2904.636335,45.5,0.000000,10.1,15.4
1788535517.000207,-32.833019,-70.127011,2904.636335,45.5,0.000000,10.1,15.4
1788535527.000181,-32.832984,-70.126907,2907.863295,46.3,1.173519,11.4,15.0
1788535534.000176,-32.832943,-70.126806,2912.701370,60.0,1.947715,12.1,16.1
1788535540.000179,-32.832908,-70.126685,2919.132017,86.6,2.329280,10.5,16.7
1788535544.000181,-32.832844,-70.126602,2921.102954,61.9,1.689898,11.0,18.1
1788535550.000189,-32.832781,-70.126516,2926.902170,66.3,2.268240,11.9,18.2
1788535556.000198,-32.832744,-70.126433,2929.375739,63.0,0.000000,18.2,25.2
1788535556.000198,-32.832744,-70.126433,2929.375739,63.0,0.000000,18.2,25.2
1788535561.000207,-32.832701,-70.126333,2936.014467,51.9,1.852217,15.6,25.3
1788535568.000220,-32.832612,-70.126215,2941.890839,51.1,2.092705,24.9,29.7
1788535574.000232,-32.832572,-70.126089,2948.876626,72.3,0.832879,22.1,32.6
1788535574.000232,-32.832572,-70.126089,2948.876626,72.3,0.000000,22.1,32.6
1788535579.000242,-32.832515,-70.126003,2953.487792,54.8,1.930113,24.8,32.1
1788535586.000256,-32.832468,-70.125908,2962.795812,68.3,0.750648,18.6,29.4
1788535591.000266,-32.832431,-70.125792,2967.442243,74.6,2.211871,12.7,26.6
1788535596.000278,-32.832359,-70.125722,2975.115071,56.5,2.287055,18.3,26.2
1788535602.000290,-32.832311,-70.125633,2984.633563,53.7,1.344993,12.7,24.4
1788535602.000290,-32.832311,-70.125633,2984.633563,53.7,0.000000,12.7,24.4
1788535607.000301,-32.832273,-70.125509,2983.041915,62.2,2.020579,15.2,24.1
1788535611.000310,-32.832207,-70.125407,2985.016474,59.0,2.362163,12.2,24.3
1788535617.000322,-32.832172,-70.125304,2993.134823,56.2,0.541255,14.5,25.3
1788535617.000322,-32.832172,-70.125304,2993.134823,56.2,0.000000,14.5,25.3
1788535625.000341,-32.832111,-70.125220,3007.663663,64.1,2.229030,16.9,27.9
1788535631.000272,-32.832080,-70.125145,3016.584528,61.4,1.100976,23.3,26.2
1788535631.000272,-32.832080,-70.125145,3016.584528,61.4,0.000000,23.3,26.2
1788535636.000251,-32.832050,-70.125037,3026.713521,56.7,1.957389,23.3,23.7
1788535642.000219,-32.832008,-70.124918,3035.374565,61.3,2.199217,20.9,20.9
1788535648.000196,-32.831963,-70.124812,3043.648110,56.4,1.212062,17.6,19.2
1788535648.000196,-32.831963,-70.124812,3043.648110,56.4,0.000000,17.6,19.2
1788535653.000185,-32.831890,-70.124730,3049.712620,63.1,2.030370,23.5,21.7
1788535659.000179,-32.831871,-70.124630,3054.699375,63.2,0.000000,24.8,20.2
1788535659.000179,-32.831871,-70.124630,3054.699375,63.2,0.000000,24.8,20.2
1788535667.000177,-32.831827,-70.124508,3062.989258,59.8,1.324710,19.1,30.1
1788535673.000179,-32.831761,-70.124399,3070.731501,67.9,2.120267,25.6,30.6
1788535679.000184,-32.831708,-70.124307,3079.469802,46.1,0.945747,20.9,25.8
1788535679.000184,-32.831708,-70.124307,3079.469802,46.1,0.000000,20.9,25.8
1788535685.000189,-32.831647,-70.124213,3087.515068,70.2,1.948192,21.6,26.8
1788535690.000195,-32.831601,-70.124120,3096.992794,54.9,1.961657,21.8,25.1
1788535696.000202,-32.831543,-70.124026,3106.457383,44.2,2.507545,19.6,23.5
1788535702.000210,-32.831509,-70.123931,3115.980226,66.5,1.600246,23.9,23.9
1788535702.000210,-32.831509,-70.123931,3115.980226,66.5,0.000000,23.9,23.9
1788535707.000217,-32.831448,-70.123845,3123.409983,52.6,2.290343,18.0,21.4
1788535713.000226,-32.831427,-70.123790,3130.750199,54.8,0.903105,19.0,21.4
1788535713.000226,-32.831427,-70.123790,3130.750199,54.8,0.000000,19.0,21.4
1788535719.000234,-32.831374,-70.123677,3139.850295,49.8,1.898802,15.0,20.0
1788535726.000243,-32.831333,-70.123547,3145.233811,64.6,2.550543,17.4,19.6
1788535732.000252,-32.831299,-70.123454,3144.688501,69.4,0.000000,10.7,17.9
1788535732.000252,-32.831299,-70.123454,3144.688501,69.4,0.000000,10.7,17.9
1788535736.000258,-32.831238,-70.123358,3145.980409,56.2,2.224157,9.7,18.0
1788535742.000266,-32.831207,-70.123243,3148.849251,73.6,0.000000,10.1,15.5
1788535742.000266,-32.831207,-70.123243,3148.849251,73.6,0.000000,10.1,15.5
1788535748.000275,-32.831141,-70.123134,3152.993961,45.2,2.069061,9.7,14.2
1788535753.000312,-32.831096,-70.123037,3154.299695,56.5,1.987122,11.1,13.8
1788535759.000288,-32.831039,-70.122903,3158.950265,66.0,2.208523,9.3,13.8
1788535764.000261,-32.830991,-70.122797,3165.206653,62.3,2.180275,9.8,14.0
1788535769.000230,-32.830975,-70.122684,3166.132069,85.7,3.009695,14.1,16.6
1788535774.000208,-32.830902,-70.122612,3167.622812,61.8,0.000000,16.0,15.4
1788535774.000208,-32.830902,-70.122612,3167.622812,61.8,0.000000,16.0,15.4
1788535780.000189,-32.830847,-70.122514,3167.901470,61.8,2.256396,12.5,13.0
1788535785.000179,-32.830808,-70.122413,3167.153719,61.5,2.057099,12.3,11.7
1788535790.000174,-32.830752,-70.122300,3167.627366,53.5,2.488309,11.8,11.3
1788535793.000172,-32.830705,-70.122198,3167.479567,56.3,4.261583,10.5,10.4
1788535795.000170,-32.830655,-70.122096,3168.137846,59.7,5.326692,10.2,9.9
1788535798.000169,-32.830583,-70.121988,3167.917189,52.3,4.061810,9.4,9.2
1788535801.000169,-32.830521,-70.121893,3167.530131,52.4,3.725437,8.0,8.6
1788535804.000169,-32.830462,-70.121798,3168.394482,50.2,3.573097,7.6,8.3
1788535807.000169,-32.830406,-70.121707,3166.918320,49.6,3.527555,6.7,7.6
1788535812.000170,-32.830349,-70.121625,3168.161503,44.4,1.776324,5.7,6.5
1788535820.000172,-32.830285,-70.121546,3168.726500,48.3,1.326096,4.8,5.8
1788535832.000179,-32.830202,-70.121477,3167.491692,33.7,1.853636,4.7,5.8
1788535837.000182,-32.830115,-70.121410,3166.763582,33.2,2.728005,4.8,5.8
1788535840.000183,-32.830031,-70.121344,3166.337102,32.7,3.729217,4.8,5.8
1788535843.000185,-32.829948,-70.121277,3166.052869,34.9,3.540321,4.6,5.5
1788535849.000189,-32.829892,-70.121195,3167.147736,79.8,0.000000,5.0,5.9
1788535849.000189,-32.829892,-70.121195,3167.147736,79.8,0.000000,5.0,5.9
1788535861.000196,-32.829915,-70.121081,3167.293681,114.3,0.475983,5.6,6.5
1788535922.000083,-32.829934,-70.121051,3165.440139,135.4,0.069715,6.5,7.6
1788535975.000104,-32.829991,-70.120958,3164.199585,122.1,3.425604,9.0,11.6
1788535978.000105,-32.830106,-70.120876,3160.483871,171.4,5.580102,8.3,11.3
1788535980.000105,-32.830221,-70.120983,3156.011307,211.8,7.598730,8.3,10.6
1788535982.000105,-32.830323,-70.120871,3150.582549,130.6,7.248995,7.3,8.8
1788535984.000106,-32.830380,-70.120736,3148.837553,124.1,6.924135,5.4,7.5
1788535986.000106,-32.830495,-70.120817,3143.226558,216.4,6.741950,6.1,6.8
1788535988.000107,-32.830562,-70.120948,3139.769577,235.4,7.436673,5.3,6.6
1788535990.000107,-32.830678,-70.120925,3133.827311,158.4,6.625521,5.5,6.3
1788535992.000108,-32.830724,-70.120815,3132.514098,114.2,5.734439,5.7,6.6
1788535998.000110,-32.830817,-70.120896,3125.788309,243.7,1.619298,5.7,6.2
1788535998.000110,-32.830817,-70.120896,3125.788309,243.7,0.000000,5.7,6.2
1788536000.000110,-32.830909,-70.120879,3120.474616,157.4,5.253022,5.3,6.0
1788536002.000111,-32.830954,-70.120765,3119.133360,114.8,5.654360,4.7,7.1
1788536005.000074,-32.830971,-70.120637,3120.513774,104.1,3.711360,6.0,8.0
1788536011.000065,-32.830997,-70.120587,3120.414357,120.5,0.000000,6.4,8.4
1788536011.000065,-32.830997,-70.120587,3120.414357,120.5,0.000000,6.4,8.4
1788536018.000052,-32.831088,-70.120706,3114.127311,245.6,5.805854,7.0,8.3
1788536020.000051,-32.831117,-70.120856,3112.130404,251.8,6.948729,6.9,8.3
1788536022.000050,-32.831229,-70.120925,3106.086620,191.6,7.415407,6.7,8.3
1788536023.000049,-32.831296,-70.120850,3102.111529,149.9,8.759285,6.5,7.8
1788536025.000048,-32.831343,-70.120689,3098.421699,114.8,7.892467,9.0,11.3
1788536026.000048,-32.831442,-70.120662,3098.536922,156.5,8.694615,8.3,11.4
1788536028.000048,-32.831490,-70.120768,3090.169949,222.8,5.979534,19.3,24.3
1788536034.000046,-32.831503,-70.120818,3088.663630,285.6,0.000000,25.5,23.5
1788536034.000046,-32.831503,-70.120818,3088.663630,285.6,0.000000,25.5,23.5
1788536059.000046,-32.831561,-70.120942,3087.053097,244.7,3.508064,14.5,16.2
1788536061.000046,-32.831648,-70.120998,3083.330150,190.0,5.659986,14.8,16.2
1788536063.000047,-32.831747,-70.120875,3077.902181,133.3,7.330448,13.2,15.4
1788536065.000047,-32.831806,-70.120760,3077.920425,125.4,6.025144,12.0,13.9
1788536067.000047,-32.831913,-70.120803,3073.201457,203.0,5.754098,9.2,11.8
1788536070.000047,-32.831961,-70.120938,3068.711815,233.5,5.278389,12.3,15.9
1788536073.000048,-32.832062,-70.120931,3063.238104,182.3,3.591350,11.4,13.7
1788536079.000048,-32.832154,-70.120931,3058.470550,149.4,0.000000,11.5,11.7
1788536079.000048,-32.832154,-70.120931,3058.470550,149.4,0.000000,11.5,11.7
1788536121.000054,-32.832244,-70.120902,3056.374346,177.6,3.422218,6.2,7.8
1788536123.000054,-32.832308,-70.121031,3050.435803,246.2,6.944163,6.7,7.9
1788536125.000054,-32.832412,-70.121162,3044.188081,210.0,9.269541,6.3,7.8
1788536126.000055,-32.832501,-70.121124,3039.644086,174.5,9.691736,7.6,8.6
1788536127.000055,-32.832587,-70.121090,3037.009799,167.3,10.492992,7.6,8.2
1788536128.000054,-32.832685,-70.121144,3032.962902,196.5,11.348250,5.5,6.1
1788536130.000046,-32.832808,-70.121298,3025.555284,213.7,10.974777,7.4,8.5
1788536131.000043,-32.832919,-70.121272,3020.054085,179.9,11.731442,6.8,7.2
1788536132.000042,-32.833011,-70.121227,3017.579573,164.4,11.723784,6.0,6.4
1788536133.000041,-32.833106,-70.121256,3013.515351,187.0,11.412941,8.6,9.6
1788536135.000037,-32.833183,-70.121429,3006.714013,241.7,8.949308,13.0,15.4
1788536141.000036,-32.833173,-70.121509,3006.107243,291.0,0.000000,17.2,15.7
1788536141.000036,-32.833173,-70.121509,3006.107243,291.0,0.000000,17.2,15.7
1788536152.000033,-32.833220,-70.121651,3001.820297,247.2,5.331844,11.3,11.2
1788536154.000033,-32.833208,-70.121818,2999.476324,276.9,7.326185,9.6,9.9
1788536156.000033,-32.833146,-70.121972,2996.572268,293.9,8.038940,7.2,7.6
1788536158.000033,-32.833076,-70.122122,2994.279789,298.5,7.891264,7.5,7.3
1788536160.000033,-32.833124,-70.122282,2991.184043,241.6,8.282861,5.5,5.6
1788536162.000033,-32.833297,-70.122324,2984.070766,193.2,9.449157,5.0,5.3
1788536164.000033,-32.833429,-70.122479,2976.840319,232.3,10.702427,3.7,4.0
1788536166.000033,-32.833392,-70.122689,2973.155957,281.4,9.870877,5.1,5.6
1788536168.000033,-32.833319,-70.122862,2970.192656,295.2,9.341428,5.1,4.9
1788536170.000033,-32.833255,-70.123062,2964.909828,289.1,10.587796,4.6,4.7
1788536171.000033,-32.833247,-70.123182,2961.269188,276.9,11.099506,4.7,4.9
1788536172.000034,-32.833293,-70.123306,2956.515528,255.5,12.047326,4.5,5.0
1788536173.000033,-32.833295,-70.123459,2952.244102,267.1,13.566457,7.1,8.4
1788536174.000033,-32.833272,-70.123619,2948.776462,276.2,14.661817,4.6,5.9
1788536175.000034,-32.833281,-70.123779,2945.038483,267.8,15.232327,6.3,7.5
1788536176.000033,-32.833287,-70.123934,2939.328701,267.5,15.453311,6.8,7.4
1788536177.000033,-32.833283,-70.124095,2934.769443,268.9,15.698347,6.4,6.5
1788536178.000033,-32.833327,-70.124279,2932.606805,258.8,16.797238,6.5,6.2
1788536179.000034,-32.833320,-70.124451,2929.292418,268.5,16.787633,10.7,10.8
1788536180.000033,-32.833349,-70.124622,2925.550124,260.1,16.803700,8.0,7.0
1788536181.000033,-32.833382,-70.124770,2921.224776,259.0,15.740477,11.4,9.4
1788536182.000033,-32.833368,-70.124950,2919.411861,271.4,16.309473,17.0,14.2
1788536183.000033,-32.833374,-70.125113,2916.081723,265.6,16.057897,12.2,9.7
1788536184.000034,-32.833404,-70.125279,2912.231641,262.4,16.064431,7.9,6.3
1788536185.000034,-32.833387,-70.125420,2910.563636,270.3,14.431314,9.1,8.0
1788536186.000034,-32.833451,-70.125524,2909.271054,243.9,11.921663,8.6,8.2
1788536188.000033,-32.833555,-70.125487,2907.437127,157.3,5.005068,7.6,7.2
1788536194.000035,-32.833562,-70.125476,2908.664620,147.0,0.000000,7.9,7.2
1788536194.000035,-32.833562,-70.125476,2908.664620,147.0,0.000000,7.9,7.2
1788536216.000037,-32.833669,-70.125480,2905.510838,177.5,4.505789,6.5,7.7
1788536218.000036,-32.833791,-70.125474,2904.198223,178.3,6.426672,6.3,7.6
1788536220.000037,-32.833911,-70.125589,2900.425244,224.8,8.502982,5.3,6.3
1788536221.000037,-32.833942,-70.125693,2896.243680,243.2,9.998473,6.2,7.4
1788536222.000037,-32.833991,-70.125810,2892.878324,242.4,11.845782,4.9,6.0
1788536223.000037,-32.834060,-70.125931,2889.318850,237.8,13.390374,4.4,5.2
1788536224.000037,-32.834136,-70.126059,2884.860324,235.7,14.681048,3.9,4.7
1788536225.000037,-32.834213,-70.126201,2881.367436,236.9,15.652488,5.8,6.7
1788536226.000037,-32.834292,-70.126352,2878.472741,237.6,16.437411,4.2,5.0
1788536227.000037,-32.834375,-70.126498,2875.248089,236.2,16.766118,3.9,4.5
1788536228.000038,-32.834470,-70.126636,2872.955865,232.3,16.724360,3.7,4.4
1788536229.000038,-32.834564,-70.126776,2870.367656,232.4,16.844651,3.2,3.6
1788536230.000038,-32.834622,-70.126930,2867.870593,241.8,16.358254,3.3,3.9
1788536231.000038,-32.834670,-70.127087,2866.647816,247.0,15.809118,3.1,3.6
1788536232.000038,-32.834708,-70.127234,2865.240729,251.1,15.025324,3.0,3.4
1788536233.000037,-32.834727,-70.127384,2864.950976,257.4,14.253139,3.7,4.3
1788536234.000038,-32.834738,-70.127524,2865.086187,262.1,13.409612,3.6,4.6
1788536235.000038,-32.834745,-70.127659,2865.047111,263.9,12.622786,3.0,3.4
1788536236.000037,-32.834734,-70.127780,2865.918743,273.0,11.620926,3.1,3.7
1788536238.000038,-32.834621,-70.127889,2864.187675,320.9,8.111937,5.7,5.9
1788536240.000038,-32.834519,-70.128013,2862.123684,310.9,8.117506,8.4,8.5
1788536242.000038,-32.834433,-70.128164,2858.126540,302.2,8.963788,6.9,6.5
1788536244.000039,-32.834374,-70.128339,2857.488397,291.2,8.728008,6.8,6.8
1788536246.000038,-32.834329,-70.128508,2856.034725,285.2,8.248320,6.1,5.8
1788536248.000038,-32.834310,-70.128648,2857.597610,281.0,6.497917,5.8,5.6
1788536250.000040,-32.834272,-70.128780,2855.042996,288.1,6.897758,6.1,6.0
1788536252.000039,-32.834254,-70.128917,2852.927298,275.2,6.482533,6.4,5.9
1788536255.000039,-32.834275,-70.129059,2854.549427,266.9,4.071135,6.3,6.3
1788536261.000135,-32.834201,-70.129051,2850.758241,22.0,0.000000,6.9,6.2
1788536261.000135,-32.834201,-70.129051,2850.758241,22.0,0.000000,6.9,6.2
1788536288.000062,-32.834122,-70.129123,2852.509452,333.3,1.243660,12.8,10.0
1788536301.000047,-32.834031,-70.129062,2852.479166,51.8,2.074664,9.1,8.3
1788536307.000044,-32.834021,-70.129014,2853.398963,63.1,0.000000,9.0,7.9
1788536307.000044,-32.834021,-70.129014,2853.398963,63.1,0.000000,9.0,7.9
1788536316.000038,-32.833970,-70.128924,2855.762413,61.0,2.093310,10.9,9.9
1788536320.000036,-32.833926,-70.128829,2856.158062,65.2,3.139758,10.7,9.6
1788536324.000035,-32.833871,-70.128735,2857.530779,55.5,3.628258,10.1,9.2
1788536330.000033,-32.833820,-70.128629,2857.344619,62.9,0.000000,9.4,8.5
1788536330.000033,-32.833820,-70.128629,2857.344619,62.9,0.000000,9.4,8.5
1788536335.000032,-32.833772,-70.128536,2858.401786,51.3,1.750977,8.4,7.5
1788536340.000031,-32.833718,-70.128429,2857.617312,59.1,2.864586,8.2,7.5
1788536345.000029,-32.833665,-70.128330,2858.652204,54.9,1.797484,9.4,8.4
1788536351.000027,-32.833616,-70.128216,2862.174242,60.6,0.000000,9.0,7.8
1788536356.000025,-32.833558,-70.128106,2864.860217,54.5,2.248191,9.1,7.6
1788536362.000024,-32.833509,-70.127992,2868.680127,57.7,0.000000,7.8,7.1
1788536362.000024,-32.833509,-70.127992,2868.680127,57.7,0.000000,7.8,7.1
1788536367.000023,-32.833463,-70.127899,2871.861456,59.1,2.089875,7.5,6.8
1788536372.000022,-32.833418,-70.127798,2875.555135,63.6,2.164556,7.3,6.7
1788536377.000020,-32.833368,-70.127705,2879.009939,53.8,2.202056,6.8,6.3
1788536382.000151,-32.833323,-70.127605,2882.541802,64.3,2.259490,6.9,6.3
1788536387.000150,-32.833273,-70.127508,2886.047357,57.8,2.137658,6.9,6.2
1788536392.000142,-32.833224,-70.127410,2889.616142,57.7,2.230659,6.2,5.9
1788536398.000119,-32.833170,-70.127294,2894.205190,60.1,0.000000,5.9,5.8
1788536398.000119,-32.833170,-70.127294,2894.205190,60.1,0.000000,5.9,5.8
1788536403.000097,-32.833123,-70.127201,2897.627614,58.4,2.102214,6.0,5.8
1788536409.000079,-32.833067,-70.127084,2902.489067,60.7,0.000000,6.1,5.9
1788536409.000079,-32.833067,-70.127084,2902.489067,60.7,0.000000,6.1,5.9
1788536414.000067,-32.833017,-70.126986,2906.990320,59.9,2.223247,6.4,6.2
1788536420.000056,-32.832960,-70.126876,2910.862656,57.6,0.000000,6.8,6.8
1788536420.000056,-32.832960,-70.126876,2910.862656,57.6,0.000000,6.8,6.8
1788536426.000048,-32.832918,-70.126766,2917.232622,62.1,1.890905,6.6,6.5
1788536432.000041,-32.832872,-70.126673,2922.483122,60.5,0.000000,6.9,6.4
1788536437.000036,-32.832821,-70.126565,2927.701677,60.8,2.234496,6.9,6.5
1788536443.000030,-32.832778,-70.126472,2931.867162,60.5,0.000000,7.1,6.4
1788536443.000030,-32.832778,-70.126472,2931.867162,60.5,0.000000,7.1,6.4
1788536448.000027,-32.832728,-70.126361,2936.323745,66.8,2.040641,7.2,6.2
1788536453.000023,-32.832677,-70.126267,2941.898205,60.4,2.001729,10.8,9.2
1788536458.000019,-32.832633,-70.126177,2946.401695,59.0,0.000000,10.7,9.0
1788536458.000019,-32.832633,-70.126177,2946.401695,59.0,0.000000,10.7,9.0
1788536464.000014,-32.832580,-70.126075,2951.402462,55.2,1.780757,9.7,8.3
1788536470.000011,-32.832531,-70.125966,2956.909669,61.4,2.018271,8.7,7.6
1788536476.000007,-32.832479,-70.125860,2962.422204,58.3,0.000000,8.0,7.2
1788536476.000007,-32.832479,-70.125860,2962.422204,58.3,0.000000,8.0,7.2
1788536482.000003,-32.832421,-70.125753,2971.735309,56.7,2.121572,9.1,8.6
1788536487.999999,-32.832373,-70.125645,2978.973551,61.7,0.919519,13.7,12.1
1788536487.999999,-32.832373,-70.125645,2978.973551,61.7,0.000000,13.7,12.1
1788536493.999996,-32.832326,-70.125537,2984.159864,62.1,1.951103,15.4,12.7
1788536500.999991,-32.832271,-70.125425,2989.911477,58.9,1.918092,12.3,10.7
1788536506.999987,-32.832217,-70.125320,2996.324471,58.6,1.995270,10.8,9.9
1788536514.000209,-32.832160,-70.125213,3005.367506,61.2,1.011674,10.3,9.5
1788536521.000184,-32.832095,-70.125074,3015.309780,59.5,2.226920,9.8,8.9
1788536527.000147,-32.832046,-70.124973,3023.719789,59.8,1.295665,10.0,9.2
1788536527.000147,-32.832046,-70.124973,3023.719789,59.8,0.000000,10.0,9.2
1788536534.000115,-32.831995,-70.124870,3032.110494,57.9,0.599338,9.9,9.0
1788536540.000095,-32.831939,-70.124756,3041.948260,58.5,2.063476,9.8,8.7
1788536546.000079,-32.831897,-70.124660,3049.496793,61.7,1.024100,10.8,8.9
1788536546.000079,-32.831897,-70.124660,3049.496793,61.7,0.000000,10.8,8.9
1788536552.000065,-32.831846,-70.124564,3058.375561,61.3,1.883230,10.3,9.0
1788536558.000054,-32.831799,-70.124468,3065.539403,56.9,1.743030,9.6,8.4
1788536563.000045,-32.831749,-70.124377,3073.081426,55.1,2.335976,7.8,9.4
1788536569.000036,-32.831708,-70.124284,3079.877604,59.8,1.328719,11.2,11.4
1788536569.000036,-32.831708,-70.124284,3079.877604,59.8,0.000000,11.2,11.4
1788536575.000028,-32.831659,-70.124191,3087.142789,61.6,1.796332,13.3,12.8
1788536582.000019,-32.831604,-70.124078,3095.999168,62.3,2.160953,15.7,15.0
1788536588.000011,-32.831560,-70.123979,3105.303209,58.6,1.006685,14.2,12.5
1788536588.000011,-32.831560,-70.123979,3105.303209,58.6,0.000000,14.2,12.5
1788536594.000003,-32.831515,-70.123883,3113.844362,60.3,1.854769,12.0,10.8
1788536600.999995,-32.831465,-70.123776,3123.082018,61.9,1.814274,9.9,9.6
1788536606.999988,-32.831412,-70.123679,3131.129375,60.0,1.929695,9.8,10.8
1788536612.999980,-32.831368,-70.123574,3138.907399,59.8,2.399439,9.8,10.1
1788536617.999975,-32.831324,-70.123478,3142.324189,58.6,0.000000,8.4,9.0
1788536617.999975,-32.831324,-70.123478,3142.324189,58.6,0.000000,8.4,9.0
1788536622.999969,-32.831276,-70.123381,3145.283810,60.0,2.100606,7.9,8.4
1788536627.999962,-32.831227,-70.123284,3148.145677,59.4,0.000000,7.1,7.6
1788536627.999962,-32.831227,-70.123284,3148.145677,59.4,0.000000,7.1,7.6
1788536634.000210,-32.831170,-70.123168,3152.432306,60.6,2.139855,6.3,7.0
1788536639.000204,-32.831126,-70.123073,3155.626529,61.3,2.095958,5.9,6.6
1788536644.000187,-32.831079,-70.122977,3159.435504,62.4,0.000000,5.4,6.3
1788536644.000187,-32.831079,-70.122977,3159.435504,62.4,0.000000,5.4,6.3
1788536649.000160,-32.831029,-70.122881,3163.155042,61.5,2.119118,5.0,5.8
1788536654.000127,-32.830983,-70.122786,3167.290401,61.8,2.074213,4.6,5.6
1788536659.000102,-32.830935,-70.122682,3168.765465,57.8,2.177633,5.2,5.9
1788536664.000080,-32.830890,-70.122579,3170.146605,63.5,2.115116,5.3,6.1
1788536669.000063,-32.830837,-70.122477,3169.969399,59.2,2.201932,5.7,6.2
1788536675.000045,-32.830783,-70.122356,3169.954475,62.0,0.000000,5.2,5.9
1788536675.000045,-32.830783,-70.122356,3169.954475,62.0,0.000000,5.2,5.9
1788536680.000032,-32.830736,-70.122227,3170.455751,69.5,3.491841,4.8,5.6
1788536682.000026,-32.830687,-70.122124,3170.251902,59.4,5.410397,4.5,5.5
1788536684.000023,-32.830626,-70.122027,3169.979881,54.0,5.531230,4.4,5.3
1788536686.000017,-32.830569,-70.121941,3169.786679,52.8,5.027442,4.2,5.2
1788536689.000011,-32.830506,-70.121847,3169.857645,52.6,3.379267,4.1,5.1
1788536694.999998,-32.830445,-70.121768,3169.732521,48.5,0.000000,3.9,4.7
1788536694.999998,-32.830445,-70.121768,3169.732521,48.5,0.000000,3.9,4.7
1788536701.999985,-32.830380,-70.121674,3169.364357,49.6,1.620866,4.3,5.1
1788536710.999969,-32.830315,-70.121590,3169.241863,54.3,1.067388,5.1,5.5
1788536718.999954,-32.830233,-70.121514,3167.935239,37.7,1.586102,4.5,5.1
1788536724.999944,-32.830150,-70.121451,3167.355448,34.2,2.312777,4.0,5.1
1788536728.999937,-32.830065,-70.121400,3166.767326,30.8,2.459736,3.7,5.0
1788536731.999931,-32.829985,-70.121311,3166.391401,41.3,3.635878,4.0,5.5
1788536735.999925,-32.829910,-70.121233,3166.767878,43.0,2.128226,4.2,5.9
1788536741.999914,-32.829903,-70.121162,3167.557757,103.7,0.000000,5.6,6.9
1788536741.999914,-32.829903,-70.121162,3167.557757,103.7,0.000000,5.6,6.9
1788536750.999899,-32.829926,-70.121048,3166.377339,119.7,1.593136,5.6,6.8
1788536784.000053,-32.830003,-70.120986,3164.067623,112.8,0.366949,7.3,8.3
1788536788.000043,-32.830106,-70.120901,3159.890301,162.5,4.493829,6.9,8.3
1788536790.000040,-32.830227,-70.120974,3156.273399,195.8,7.052112,6.7,7.9
1788536792.000035,-32.830312,-70.120816,3150.981081,120.0,7.872488,5.6,6.6
1788536794.000030,-32.830396,-70.120691,3150.878686,137.2,7.710922,5.3,6.6
1788536796.000026,-32.830501,-70.120816,3143.792983,225.5,7.987683,4.8,6.2
1788536797.000024,-32.830551,-70.120906,3142.039823,235.4,9.430952,5.0,6.4
1788536799.000020,-32.830694,-70.120909,3134.735954,172.4,8.029736,4.9,5.8
1788536801.000015,-32.830768,-70.120762,3131.068986,122.2,7.860615,4.4,4.9
1788536803.000011,-32.830830,-70.120636,3128.840707,121.2,6.794145,4.8,5.5
1788536807.000002,-32.830939,-70.120635,3123.106389,189.5,4.727311,5.4,6.6
1788536808.999999,-32.831077,-70.120600,3116.148152,158.7,7.015708,5.2,6.2
1788536810.999995,-32.831147,-70.120520,3114.288278,134.6,5.744509,4.9,5.8
1788536813.999989,-32.831218,-70.120386,3113.482879,122.3,5.134481,4.7,5.5
1788536816.999983,-32.831318,-70.120391,3108.126002,215.1,4.877793,4.6,5.3
1788536818.999979,-32.831367,-70.120516,3103.465117,229.2,6.360439,4.3,5.4
1788536820.999975,-32.831494,-70.120446,3098.295259,150.3,7.052404,4.7,5.5
1788536822.999971,-32.831546,-70.120349,3098.120204,127.5,5.539371,4.5,5.2
1788536824.999967,-32.831637,-70.120393,3093.263576,213.5,5.862357,4.2,5.0
1788536826.999963,-32.831673,-70.120535,3088.473792,245.4,7.197639,4.5,5.6
1788536828.999959,-32.831792,-70.120508,3081.831152,162.2,6.495535,4.6,5.3
1788536830.999955,-32.831880,-70.120401,3079.524901,136.6,7.104682,5.4,6.2
1788536832.999951,-32.831991,-70.120361,3077.257341,168.1,7.127297,5.6,6.7
1788536834.999946,-32.832048,-70.120510,3070.935796,242.6,7.548385,5.6,6.8
1788536836.999943,-32.832052,-70.120696,3066.642928,264.7,8.476256,6.2,7.3
1788536838.999939,-32.832060,-70.120849,3065.427867,267.0,7.316617,5.8,6.8
1788536840.999934,-32.832068,-70.121016,3061.695136,264.2,7.941993,6.5,8.0
1788536842.999931,-32.832187,-70.121122,3054.353339,204.6,8.132644,7.3,9.2
1788536844.999927,-32.832368,-70.121099,3047.604097,183.1,10.218880,6.4,7.6
1788536845.999925,-32.832441,-70.121175,3042.956406,210.8,10.654750,6.2,7.5
1788536846.999923,-32.832495,-70.121290,3038.196003,232.1,11.983541,5.1,6.4
1788536847.999921,-32.832592,-70.121384,3032.154946,220.3,13.779110,5.4,6.8
1788536848.999919,-32.832718,-70.121412,3026.537894,198.5,14.505558,5.7,7.2
1788536849.999917,-32.832849,-70.121434,3022.101978,191.7,15.238382,5.0,5.8
1788536850.999915,-32.832969,-70.121540,3016.149935,210.7,16.428830,4.3,5.3
1788536851.999913,-32.833040,-70.121676,3008.790006,229.9,16.313303,4.4,5.4
1788536852.999912,-32.833100,-70.121846,3001.585203,241.5,17.604945,3.5,4.7
1788536853.999910,-32.833209,-70.121983,2994.904262,229.5,18.215522,4.1,5.3
1788536854.999907,-32.833335,-70.122111,2988.796961,223.6,18.931995,3.5,4.3
1788536855.999905,-32.833424,-70.122286,2983.073265,235.5,19.488437,3.8,4.8
1788536856.999904,-32.833480,-70.122478,2977.288465,246.0,19.651259,4.0,5.0
1788536857.999902,-32.833543,-70.122681,2972.009164,248.5,20.564405,12.2,13.1
1788536858.999899,-32.833639,-70.122867,2964.832437,240.8,21.261369,15.5,16.0
1788536859.999897,-32.833744,-70.123030,2959.656819,235.0,20.636190,8.5,8.6
1788536860.999896,-32.833875,-70.123193,2956.914311,228.4,20.744018,7.5,7.9
1788536861.999894,-32.833993,-70.123373,2952.809559,230.1,21.290688,10.5,11.3
1788536862.999891,-32.834102,-70.123556,2949.273780,234.4,21.396345,6.9,8.4
1788536863.999889,-32.834188,-70.123714,2944.461753,236.4,20.013885,7.1,7.9
1788536864.999888,-32.834280,-70.123901,2941.488916,237.6,19.953296,5.6,6.1
1788536865.999886,-32.834378,-70.124082,2939.540604,236.5,19.906432,5.9,6.5
1788536866.999884,-32.834474,-70.124245,2939.548945,234.5,18.954741,6.6,7.2
1788536867.999882,-32.834568,-70.124392,2940.994511,232.4,17.546033,5.5,6.0
1788536868.999879,-32.834659,-70.124501,2940.898722,228.2,15.614871,4.2,4.6
1788536869.999878,-32.834759,-70.124591,2940.956130,220.6,14.438744,4.6,4.9
1788536870.999876,-32.834858,-70.124625,2940.240717,203.3,12.338149,3.9,4.3
1788536872.999872,-32.835006,-70.124574,2940.065374,170.6,8.796936,4.5,4.6
1788536874.999868,-32.835161,-70.124502,2936.197859,155.4,9.281019,3.5,3.8
1788536876.999864,-32.835337,-70.124409,2932.141597,161.0,10.753650,3.6,4.1
1788536877.999862,-32.835413,-70.124481,2930.417106,202.5,9.656867,5.1,5.8
1788536879.999858,-32.835446,-70.124685,2927.059285,257.9,9.500325,4.2,4.8
1788536880.999856,-32.835420,-70.124791,2926.566316,277.0,9.593424,3.7,4.3
1788536882.999853,-32.835334,-70.124984,2922.799952,297.7,10.327556,3.9,4.7
1788536883.999850,-32.835268,-70.125081,2920.352507,304.6,11.078157,4.5,4.6
1788536884.999850,-32.835208,-70.125175,2917.128562,305.5,11.204736,4.2,4.2
1788536886.000105,-32.835175,-70.125285,2914.253092,292.9,11.196758,4.2,4.4
1788536887.000104,-32.835182,-70.125423,2911.515784,273.2,12.174715,4.4,4.7
1788536888.000100,-32.835194,-70.125573,2906.633115,265.9,13.646066,5.6,5.6
1788536889.000101,-32.835222,-70.125738,2901.342710,261.0,15.467152,5.4,6.1
1788536890.000101,-32.835259,-70.125923,2896.326125,257.5,17.218312,6.5,7.4
1788536891.000097,-32.835300,-70.126117,2890.548434,256.1,18.767857,5.8,6.3
1788536892.000098,-32.835336,-70.126335,2883.175418,256.2,20.429339,8.5,8.7
1788536893.000096,-32.835377,-70.126566,2879.959555,256.2,21.461687,11.1,11.2
1788536894.000091,-32.835426,-70.126772,2879.297491,255.4,20.868047,9.2,9.4
1788536895.000088,-32.835460,-70.126958,2878.874757,256.9,19.136151,6.7,6.8
1788536896.000085,-32.835495,-70.127144,2878.467386,256.8,18.243614,3.8,4.2
1788536897.000080,-32.835541,-70.127315,2876.957012,254.6,17.449780,7.2,9.1
1788536898.000080,-32.835584,-70.127501,2876.937817,254.3,17.473038,8.1,7.4
1788536899.000077,-32.835620,-70.127661,2875.615537,255.5,16.423815,7.5,6.4
1788536900.000072,-32.835641,-70.127825,2878.022810,259.1,15.520865,5.9,5.1
1788536901.000068,-32.835647,-70.127977,2877.231215,264.2,14.627269,4.7,4.3
1788536902.000064,-32.835636,-70.128121,2879.009207,271.1,13.626340,4.8,4.6
1788536903.000061,-32.835616,-70.128254,2876.587609,277.9,13.212672,4.0,3.7
1788536904.000058,-32.835552,-70.128368,2874.379505,296.1,12.790146,4.0,3.6
1788536905.000054,-32.835472,-70.128463,2875.621682,308.2,12.406116,4.6,4.0
1788536907.000048,-32.835352,-70.128617,2874.287080,312.6,10.509076,4.7,4.0
1788536908.000044,-32.835291,-70.128697,2874.650885,312.4,10.138163,4.2,3.6
1788536910.000039,-32.835193,-70.128865,2873.135629,304.9,9.642659,5.3,4.2
1788536912.000032,-32.835105,-70.129043,2872.265092,299.2,9.663139,5.9,5.1
1788536914.000027,-32.835038,-70.129181,2871.446472,299.4,7.683744,6.2,5.3
1788536916.000021,-32.834987,-70.129304,2871.750940,293.3,6.422666,4.3,3.7
1788536919.000013,-32.834990,-70.129428,2872.728104,263.1,3.546528,4.5,3.6
1788536924.999998,-32.834994,-70.129431,2871.461039,280.7,0.000000,5.9,4.5
1788536924.999998,-32.834994,-70.129431,2871.461039,280.7,0.000000,5.9,4.5
1788536985.999843,-32.834984,-70.129414,2873.692801,280.7,0.023213,12.6,9.0
1788537046.999889,-32.834985,-70.129410,2873.909685,308.1,0.012548,13.2,9.2
1788537107.999811,-32.834991,-70.129401,2873.440263,308.1,0.000000,13.9,9.5
1788537168.999713,-32.834993,-70.129377,2874.493040,308.1,0.038515,14.0,10.0
1788537229.999756,-32.834980,-70.129361,2873.109263,308.1,0.000000,14.6,10.1
1788537321.999806,-32.835003,-70.129332,2872.978175,308.1,0.012768,14.1,11.1
1788537382.999893,-32.835007,-70.129320,2875.663097,314.5,0.317866,12.1,9.7
1788537443.999799,-32.835025,-70.129383,2872.881577,325.2,0.000000,13.9,13.3
1788537505.000030,-32.835046,-70.129408,2875.673250,323.3,0.000000,14.1,13.9
1788537557.000036,-32.835027,-70.129300,2872.840939,323.3,0.286442,10.9,13.7
1788537560.000049,-32.834997,-70.129150,2872.118324,77.7,4.267144,10.6,13.2
1788537564.000068,-32.834899,-70.129110,2873.381425,354.9,3.123775,10.0,12.7
1788537568.000085,-32.834787,-70.129014,2869.174314,30.0,3.521406,9.7,12.3
1788537574.000111,-32.834738,-70.129057,2867.065206,347.8,0.000000,13.4,11.3
1788537574.000111,-32.834738,-70.129057,2867.065206,347.8,0.000000,13.4,11.3
1788537580.000136,-32.834618,-70.129100,2863.584264,359.8,4.297480,10.7,10.1
1788537586.000161,-32.834547,-70.129106,2862.135753,321.8,0.000000,13.0,9.6
1788537586.000161,-32.834547,-70.129106,2862.135753,321.8,0.000000,13.0,9.6
1788537598.000210,-32.834421,-70.129120,2857.581525,354.6,6.222282,9.2,8.5
1788537600.000218,-32.834330,-70.129179,2852.112975,327.8,5.428980,6.2,7.1
1788537606.000247,-32.834258,-70.129163,2851.416745,354.9,0.000000,7.4,10.5
1788537606.000247,-32.834258,-70.129163,2851.416745,354.9,0.000000,7.4,10.5
1788537615.000290,-32.834176,-70.129113,2852.605868,10.1,0.221274,12.2,11.7
1788537623.000326,-32.834090,-70.129150,2853.309944,1.0,1.086843,12.7,12.4
1788537631.000360,-32.834034,-70.129056,2852.261381,53.2,2.531191,11.6,11.1
1788537637.000385,-32.834025,-70.128996,2853.219615,55.2,0.000000,10.6,11.0
1788537637.000385,-32.834025,-70.128996,2853.219615,55.2,0.000000,10.6,11.0
1788537648.000262,-32.833983,-70.128899,2848.016539,69.7,2.248812,11.1,12.2
1788537654.000226,-32.833898,-70.128804,2851.689929,50.7,0.000000,10.4,11.0
1788537654.000226,-32.833898,-70.128804,2851.689929,50.7,0.000000,10.4,11.0
1788537659.000210,-32.833853,-70.128688,2854.470702,66.5,2.378465,9.5,9.8
1788537665.000204,-32.833801,-70.128572,2856.092081,62.6,0.000000,8.8,8.9
1788537665.000204,-32.833801,-70.128572,2856.092081,62.6,0.000000,8.8,8.9
1788537671.000206,-32.833747,-70.128471,2857.524371,53.6,2.417024,7.8,8.9
1788537676.000211,-32.833705,-70.128376,2860.258183,66.8,1.997359,8.7,9.0
1788537681.000221,-32.833646,-70.128268,2863.278597,53.7,2.078439,9.2,8.7
1788537686.000233,-32.833605,-70.128164,2864.080719,67.1,2.303724,8.7,8.8
1788537691.000245,-32.833558,-70.128065,2867.014660,60.0,2.030660,8.5,8.5
1788537696.000259,-32.833504,-70.127958,2869.333018,57.4,2.305603,8.4,8.0
1788537701.000273,-32.833459,-70.127863,2873.749674,60.6,2.090181,8.6,7.6
1788537706.000288,-32.833404,-70.127752,2877.361110,55.7,2.315238,7.7,7.3
1788537711.000304,-32.833364,-70.127655,2881.755158,66.4,2.297619,6.7,6.9
1788537717.000323,-32.833305,-70.127547,2884.605565,55.2,0.000000,7.1,6.7
1788537717.000323,-32.833305,-70.127547,2884.605565,55.2,0.000000,7.1,6.7
1788537723.000343,-32.833255,-70.127435,2887.379863,57.0,1.962967,7.2,6.8
1788537766.000485,-32.833205,-70.127333,2889.905033,59.8,1.168543,7.0,8.0
1788537772.000211,-32.833160,-70.127237,2896.391502,65.9,1.853090,7.5,8.2
1788537778.000194,-32.833103,-70.127134,2898.970211,56.3,2.144663,7.7,8.4
1788537783.000173,-32.833058,-70.127029,2902.546820,62.9,0.000000,7.8,8.1
1788537783.000173,-32.833058,-70.127029,2902.546820,62.9,0.000000,7.8,8.1
1788537789.000169,-32.833006,-70.126918,2907.715901,58.4,2.099035,8.2,7.9
1788537794.000169,-32.832958,-70.126825,2911.277249,58.8,2.037094,7.0,7.5
1788537800.000175,-32.832906,-70.126736,2917.036695,54.0,0.000000,6.1,7.5
1788537800.000175,-32.832906,-70.126736,2917.036695,54.0,0.000000,6.1,7.5
1788537805.000183,-32.832858,-70.126634,2920.398433,55.9,2.032512,7.3,7.3
1788537811.000195,-32.832810,-70.126522,2925.929854,63.4,0.000000,7.6,8.1
1788537811.000195,-32.832810,-70.126522,2925.929854,63.4,0.000000,7.6,8.1
1788537816.000206,-32.832757,-70.126429,2929.779655,56.6,2.136652,7.5,8.6
1788537822.000220,-32.832717,-70.126324,2934.431643,58.7,0.000000,7.6,9.1
1788537822.000220,-32.832717,-70.126324,2934.431643,58.7,0.000000,7.6,9.1
1788537828.000236,-32.832665,-70.126216,2939.890054,61.7,1.981043,7.9,9.3
1788537836.000257,-32.832615,-70.126104,2943.193783,57.2,1.528351,8.4,10.3
1788537848.000290,-32.832566,-70.126004,2943.843542,54.7,1.298101,11.9,12.6
1788537855.000309,-32.832521,-70.125908,2946.504476,60.5,1.899442,12.8,13.2
1788537863.000331,-32.832456,-70.125772,2956.831759,58.6,2.411399,11.9,14.3
1788537869.000349,-32.832399,-70.125686,2968.584477,52.8,0.920991,9.5,13.7
1788537869.000349,-32.832399,-70.125686,2968.584477,52.8,0.000000,9.5,13.7
1788537873.000360,-32.832350,-70.125574,2973.924861,56.8,2.168766,10.3,12.8
1788537879.000376,-32.832319,-70.125483,2977.041805,56.5,0.000000,10.5,12.4
1788537879.000376,-32.832319,-70.125483,2977.041805,56.5,0.000000,10.5,12.4
1788537886.000397,-32.832259,-70.125387,2981.775202,53.3,1.904404,7.2,12.2
1788537891.000411,-32.832204,-70.125264,2986.233421,53.7,0.000000,10.6,12.2
1788537897.000190,-32.832161,-70.125165,2995.749204,58.9,2.266381,13.0,12.0
1788537903.000170,-32.832127,-70.125112,3003.128888,59.3,1.235871,15.2,12.1
1788537903.000170,-32.832127,-70.125112,3003.128888,59.3,0.000000,15.2,12.1
1788537906.000159,-32.832076,-70.125013,3010.180716,58.4,2.151691,14.1,12.0
1788537911.000149,-32.832020,-70.124920,3016.975802,54.7,2.285802,13.6,12.6
1788537917.000147,-32.831986,-70.124828,3024.242236,63.6,1.230177,15.3,13.1
1788537917.000147,-32.831986,-70.124828,3024.242236,63.6,0.000000,15.3,13.1
1788537923.000151,-32.831934,-70.124719,3034.368905,61.8,2.079310,16.5,12.8
1788537929.000158,-32.831885,-70.124636,3044.010294,52.0,1.098224,15.6,12.8
1788537929.000158,-32.831885,-70.124636,3044.010294,52.0,0.000000,15.6,12.8
1788537935.000167,-32.831843,-70.124539,3051.539545,56.9,1.834640,15.6,12.0
1788537942.000181,-32.831792,-70.124430,3062.305139,60.9,2.063904,12.3,10.2
1788537948.000193,-32.831749,-70.124336,3070.357850,61.9,1.033732,10.8,8.8
1788537948.000193,-32.831749,-70.124336,3070.357850,61.9,0.000000,10.8,8.8
1788537954.000206,-32.831701,-70.124243,3079.824524,60.2,1.707238,9.6,9.1
1788537960.000219,-32.831651,-70.124144,3087.819927,64.2,1.950469,8.7,7.9
1788537966.000234,-32.831601,-70.124049,3096.247213,56.7,2.041255,7.6,7.4
1788537972.000247,-32.831557,-70.123951,3104.715522,58.5,1.431566,6.6,7.0
1788537972.000247,-32.831557,-70.123951,3104.715522,58.5,0.000000,6.6,7.0
1788537978.000261,-32.831511,-70.123853,3113.473524,59.6,1.841905,6.0,6.4
1788537985.000277,-32.831463,-70.123753,3123.487544,54.1,1.592744,5.4,5.7
1788537991.000292,-32.831413,-70.123655,3129.664154,57.5,2.006604,6.0,5.8
1788537997.000305,-32.831366,-70.123543,3137.793169,56.6,1.318624,6.5,6.5
1788537997.000305,-32.831366,-70.123543,3137.793169,56.6,0.000000,6.5,6.5
1788538002.000318,-32.831315,-70.123447,3140.288794,51.2,2.227303,7.6,6.4
1788538007.000329,-32.831269,-70.123352,3144.160946,53.7,2.118746,7.9,6.3
1788538012.000341,-32.831227,-70.123255,3148.224635,61.2,2.205919,6.4,6.6
1788538017.000353,-32.831180,-70.123161,3150.124837,59.9,2.188766,6.0,6.7
1788538021.999424,-32.831129,-70.123060,3154.111303,58.1,0.000000,7.2,6.4
1788538021.999424,-32.831129,-70.123060,3154.111303,58.1,0.000000,7.2,6.4
1788538026.999475,-32.831078,-70.122959,3156.704681,60.9,2.129327,6.7,6.2
1788538031.999553,-32.831022,-70.122864,3160.798413,47.2,2.310037,6.3,5.7
1788538036.999632,-32.831008,-70.122758,3166.097480,103.0,2.395849,6.1,5.8
1788538041.999703,-32.830945,-70.122673,3166.500938,55.6,2.351624,5.4,6.2
1788538046.999759,-32.830893,-70.122577,3166.508005,60.3,1.929097,5.7,6.3
1788538051.999807,-32.830848,-70.122480,3166.234562,66.6,2.582427,6.5,6.7
1788538056.999845,-32.830790,-70.122375,3166.514219,59.1,2.179290,5.5,6.6
1788538061.999879,-32.830722,-70.122249,3167.452063,56.4,3.254437,6.9,7.2
1788538064.999897,-32.830658,-70.122114,3165.048630,58.2,5.213697,7.0,7.1
1788538067.999914,-32.830589,-70.121994,3165.871867,52.5,4.349918,6.6,6.7
1788538072.999941,-32.830530,-70.121890,3165.707015,55.1,1.704305,6.3,6.5
1788538077.999964,-32.830465,-70.121799,3161.581927,43.3,2.243693,6.1,6.3
1788538082.999988,-32.830406,-70.121704,3163.333649,44.0,0.000000,5.3,5.6
1788538082.999988,-32.830406,-70.121704,3163.333649,44.0,0.000000,5.3,5.6
1788538091.000023,-32.830346,-70.121611,3164.066088,46.5,1.637592,4.7,5.0
1788538106.000084,-32.830262,-70.121508,3164.804303,50.8,2.643176,5.8,6.1
1788538112.000108,-32.830197,-70.121445,3165.633452,33.4,0.000000,5.7,6.8
1788538112.000108,-32.830197,-70.121445,3165.633452,33.4,0.000000,5.7,6.8
1788538116.000124,-32.830125,-70.121378,3165.323211,37.9,2.820284,6.0,7.0
1788538119.000136,-32.830052,-70.121308,3163.810235,56.9,4.321926,6.7,7.7
1788538125.000160,-32.830072,-70.121316,3165.706526,61.9,0.000000,8.0,7.6
1788538125.000160,-32.830072,-70.121316,3165.706526,61.9,0.000000,8.0,7.6
1788538185.000097,-32.830066,-70.121189,3164.720898,82.5,4.999398,4.6,5.8
1788538187.000105,-32.830059,-70.121031,3161.630205,83.4,7.247545,5.0,5.7
1788538189.000114,-32.830053,-70.120915,3162.350412,90.9,5.682950,5.9,6.4
1788538191.000121,-32.830142,-70.120844,3160.358212,154.3,5.873409,5.0,6.3
1788538193.000130,-32.830236,-70.120931,3154.809629,212.7,6.623069,5.0,6.2
1788538195.000137,-32.830352,-70.120847,3149.702646,137.2,7.779528,5.2,5.9
1788538197.000146,-32.830368,-70.120688,3149.365852,98.5,7.127879,4.5,5.3
1788538199.000154,-32.830430,-70.120611,3148.628047,148.2,5.236031,4.4,5.4
1788538201.000161,-32.830518,-70.120752,3141.001805,235.4,7.758463,5.6,6.5
1788538203.000168,-32.830612,-70.120906,3138.148752,224.8,8.703038,5.4,6.2
1788538205.000177,-32.830732,-70.120812,3131.479128,145.7,7.617751,4.6,4.9
1788538207.000185,-32.830785,-70.120668,3129.036576,114.6,7.607389,5.3,5.5
1788538209.000193,-32.830845,-70.120534,3130.379637,114.5,7.024718,6.3,6.4
1788538211.000201,-32.830886,-70.120434,3129.923932,120.9,5.353925,6.8,7.0
1788538213.000209,-32.830962,-70.120353,3127.337137,137.9,6.144144,6.0,6.2
1788538215.000216,-32.831041,-70.120269,3123.524441,139.7,6.242039,5.0,5.7
1788538217.000224,-32.831122,-70.120194,3121.006631,144.9,5.653168,4.9,5.6
1788538221.000240,-32.831237,-70.120202,3116.015609,208.5,4.505249,4.6,5.3
1788538223.000248,-32.831243,-70.120338,3110.556988,262.8,6.064591,5.0,5.7
1788538225.000256,-32.831342,-70.120417,3104.665992,200.6,6.732465,4.8,5.6
1788538227.000264,-32.831443,-70.120387,3100.865551,166.1,6.343388,5.3,5.8
1788538229.000273,-32.831555,-70.120430,3094.023389,212.1,7.280105,6.3,6.9
1788538230.000276,-32.831580,-70.120542,3092.081962,244.4,8.818763,7.2,7.9
1788538231.000280,-32.831668,-70.120571,3089.330944,210.9,9.229820,7.2,7.7
1788538232.000284,-32.831755,-70.120524,3084.999029,170.6,9.512171,6.6,6.8
1788538234.000291,-32.831864,-70.120417,3081.684818,140.4,8.129718,5.8,5.9
1788538237.000303,-32.831992,-70.120357,3077.858389,183.0,6.522006,6.2,6.8
1788538239.000312,-32.832069,-70.120522,3070.571169,241.6,8.620459,7.0,7.6
1788538241.000320,-32.832088,-70.120719,3066.325014,255.1,9.388297,7.2,7.6
1788538243.000328,-32.832238,-70.120707,3059.116898,172.6,8.021132,5.3,5.3
1788538245.000336,-32.832396,-70.120712,3051.358605,194.1,9.621653,5.7,6.0
1788538247.000343,-32.832468,-70.120875,3045.797497,240.4,8.546728,6.0,6.4
1788538249.000352,-32.832489,-70.121055,3041.813162,258.3,9.013358,5.7,6.0
1788538251.000360,-32.832575,-70.121224,3035.662111,229.7,9.700972,5.0,5.4
1788538252.000363,-32.832678,-70.121236,3031.226358,194.6,10.439973,5.5,5.9
1788538253.000368,-32.832783,-70.121240,3026.822457,188.9,11.532674,4.7,4.8
1788538254.000371,-32.832876,-70.121321,3021.885588,209.2,12.641569,4.3,4.7
1788538255.000375,-32.832988,-70.121357,3016.837995,196.8,13.352822,3.8,4.2
1788538256.000379,-32.833079,-70.121345,3014.065333,181.8,11.446679,4.7,5.2
1788538258.000388,-32.833186,-70.121307,3011.228961,164.0,7.276875,4.8,5.5
1788538264.000411,-32.833244,-70.121287,3009.911503,168.2,0.000000,6.6,6.7
1788538264.000411,-32.833244,-70.121287,3009.911503,168.2,0.000000,6.6,6.7
1788538325.000286,-32.833265,-70.121274,3009.183074,167.1,0.202057,10.3,10.0
1788538386.000467,-32.833261,-70.121289,3009.115824,3.7,0.000000,8.4,9.3
1788538447.000339,-32.833266,-70.121275,3007.542890,24.3,0.000000,5.6,5.4
1788538508.000413,-32.833275,-70.121281,3009.793822,48.9,0.000000,6.1,5.7
1788538569.000169,-32.833270,-70.121292,3008.778672,48.9,0.051068,5.8,5.9
1788538630.000176,-32.833280,-70.121260,3006.848258,14.3,0.050018,10.9,10.0
1788538635.000178,-32.833382,-70.121346,3003.539461,228.8,4.776127,9.3,9.5
1788538637.000179,-32.833502,-70.121350,2999.113541,172.6,6.337979,8.6,9.0
1788538640.000181,-32.833606,-70.121272,2999.441514,149.1,4.235060,8.5,8.8
1788538644.000182,-32.833693,-70.121200,2996.566842,145.0,3.293627,8.4,8.8
1788538648.000184,-32.833784,-70.121155,2994.073658,161.3,2.456294,8.5,8.7
1788538651.000107,-32.833876,-70.121143,2993.290948,192.1,3.400762,8.4,8.8
1788538657.000110,-32.833854,-70.121162,2992.279934,228.8,0.000000,8.3,8.4
1788538657.000110,-32.833854,-70.121162,2992.279934,228.8,0.000000,8.3,8.4
1788538698.000085,-32.833815,-70.121260,2990.886493,294.1,1.661157,7.9,7.8
1788538704.000085,-32.833771,-70.121375,2990.370429,290.4,2.297695,6.9,7.0
1788538709.000085,-32.833727,-70.121473,2990.268374,298.9,1.563678,6.3,6.6
1788538770.000096,-32.833725,-70.121471,2991.151397,302.3,0.023192,8.0,7.3
1788538831.000080,-32.833734,-70.121482,2993.247394,302.3,0.445395,6.1,6.7
1788538892.000046,-32.833726,-70.121478,2991.101139,331.5,0.000000,12.6,11.7
1788538910.999704,-32.833766,-70.121586,2989.688057,262.1,4.383811,16.7,18.8
1788538912.999718,-32.833762,-70.121708,2987.876934,269.5,5.839580,16.9,19.0
1788538914.999729,-32.833763,-70.121883,2984.706060,270.1,8.181435,14.8,17.7
1788538916.999746,-32.833764,-70.122093,2980.793068,267.1,9.909322,16.3,20.9
1788538917.999755,-32.833778,-70.122209,2978.112270,262.5,10.740893,15.1,19.1
1788538918.999764,-32.833804,-70.122341,2974.205474,256.9,12.080634,11.2,13.9
1788538919.999771,-32.833863,-70.122459,2971.908385,243.6,12.694981,8.0,9.5
1788538920.999778,-32.833954,-70.122549,2968.090694,227.0,13.131476,6.5,7.7
1788538921.999785,-32.834053,-70.122644,2967.461812,221.1,13.697818,6.9,8.4
1788538922.999791,-32.834141,-70.122769,2964.180054,228.9,14.808042,6.4,7.3
1788538923.999798,-32.834171,-70.122912,2961.085398,246.9,13.983356,4.4,5.5
1788538924.999803,-32.834165,-70.123041,2958.036773,263.8,12.840429,9.5,12.6
1788538925.999809,-32.834139,-70.123179,2955.243868,275.4,12.970253,13.0,16.6
1788538926.999814,-32.834174,-70.123305,2953.420362,258.9,12.788101,10.2,14.6
1788538927.999818,-32.834245,-70.123431,2950.730002,241.2,13.189984,13.1,16.3
1788538928.999822,-32.834281,-70.123553,2947.187064,248.5,12.499727,7.8,10.1
1788538929.999827,-32.834268,-70.123665,2945.143849,267.3,10.963884,6.7,8.7
1788538930.999831,-32.834241,-70.123776,2943.897459,280.5,10.656812,7.3,9.3
1788538931.999835,-32.834216,-70.123896,2942.761060,282.7,11.299961,8.2,9.6
1788538932.999837,-32.834197,-70.124026,2941.423990,279.8,11.973288,12.0,14.4
1788538933.999841,-32.834220,-70.124154,2941.042504,263.1,11.770173,9.1,10.8
1788538935.999847,-32.834319,-70.124248,2940.821178,221.2,6.456262,7.6,8.2
1788538939.999858,-32.834320,-70.124372,2939.965667,298.1,3.999214,12.7,13.9
1788538941.999862,-32.834279,-70.124476,2938.686007,292.5,5.485935,16.1,15.7
1788538943.999866,-32.834213,-70.124560,2937.614963,319.5,5.722203,15.8,17.2
1788538945.999870,-32.834111,-70.124537,2935.640438,7.5,5.761879,17.6,16.1
1788538948.999875,-32.833987,-70.124511,2934.628523,8.2,4.950361,17.9,16.1
1788538951.999880,-32.833892,-70.124417,2931.818357,37.8,4.629112,16.5,15.6
1788538954.999882,-32.833809,-70.124340,2931.691154,35.1,3.557169,16.0,15.6
1788538956.999885,-32.833744,-70.124266,2930.751398,36.8,4.381684,16.8,16.3
1788538958.999887,-32.833645,-70.124221,2929.348565,15.7,5.807376,17.1,16.5
1788538961.999890,-32.833618,-70.124324,2927.475592,278.1,2.636864,16.8,16.7
1788538967.999895,-32.833604,-70.124360,2926.262508,340.5,0.000000,19.1,16.7
1788538967.999895,-32.833604,-70.124360,2926.262508,340.5,0.000000,19.1,16.7
1788538985.999905,-32.833534,-70.124460,2924.141912,309.0,3.618641,21.1,17.1
1788538988.999907,-32.833618,-70.124555,2922.427075,198.4,4.311555,16.9,16.4
1788538993.999910,-32.833681,-70.124634,2922.038552,261.8,3.251144,14.1,15.3
1788538999.999912,-32.833676,-70.124637,2921.933495,303.9,0.000000,20.9,16.2
1788538999.999912,-32.833676,-70.124637,2921.933495,303.9,0.000000,20.9,16.2
1788539033.000043,-32.833628,-70.124783,2917.949498,268.4,4.403702,18.7,18.1
1788539035.000043,-32.833653,-70.124954,2913.816135,259.2,7.993187,18.3,17.9
1788539036.000041,-32.833670,-70.125062,2911.689530,259.9,9.468202,15.5,15.5
1788539037.000047,-32.833671,-70.125171,2910.081475,266.7,10.012403,14.5,15.3
1788539038.000050,-32.833665,-70.125295,2908.488681,271.5,10.926374,11.1,12.4
1788539039.000050,-32.833654,-70.125426,2906.695007,274.9,11.865134,7.5,8.3
1788539040.000049,-32.833634,-70.125563,2903.655339,278.4,12.601602,11.8,13.3
1788539041.000052,-32.833612,-70.125712,2900.822211,278.8,13.560054,11.8,13.3
1788539042.000051,-32.833631,-70.125862,2896.460458,265.5,14.156628,10.3,11.7
1788539043.000048,-32.833708,-70.125996,2891.085221,242.8,14.751672,19.1,24.7
1788539044.000046,-32.833820,-70.126089,2886.012592,224.4,15.306331,18.0,22.9
1788539045.000044,-32.833935,-70.126208,2881.972490,221.7,16.701879,11.4,14.1
1788539046.000042,-32.834053,-70.126343,2879.307179,224.1,17.876405,10.6,12.3
1788539047.000041,-32.834159,-70.126477,2876.795458,226.1,17.839813,7.4,8.7
1788539048.000039,-32.834268,-70.126608,2874.298511,225.8,17.604132,11.5,13.3
1788539049.000037,-32.834375,-70.126746,2871.226424,227.0,17.812292,8.2,9.0
1788539050.000036,-32.834460,-70.126899,2865.635326,234.5,18.141651,11.4,12.4
1788539051.000035,-32.834519,-70.127071,2863.125700,243.2,17.874539,9.0,9.7
1788539052.000034,-32.834590,-70.127226,2862.239894,241.6,17.100232,10.1,10.9
1788539053.000034,-32.834631,-70.127374,2863.229515,249.7,15.288101,11.7,12.4
1788539054.000033,-32.834622,-70.127514,2863.984209,266.9,13.317031,13.0,15.3
1788539055.000032,-32.834577,-70.127626,2859.763900,285.5,11.723275,14.5,18.8
1788539056.000031,-32.834523,-70.127728,2859.152428,295.1,11.345298,10.0,12.6
1788539057.000030,-32.834491,-70.127855,2858.641725,288.4,11.929832,18.5,23.0
1788539058.000030,-32.834470,-70.127961,2857.683466,286.8,11.177239,16.3,19.6
1788539060.000028,-32.834392,-70.128129,2854.713775,293.4,9.865582,17.8,21.7
1788539062.000028,-32.834344,-70.128306,2855.759786,294.2,9.050306,17.4,20.3
1788539064.000027,-32.834298,-70.128487,2854.441820,290.8,8.748867,17.2,20.4
1788539066.000027,-32.834261,-70.128644,2853.891139,275.9,7.594000,13.7,15.7
1788539068.000027,-32.834237,-70.128785,2853.433694,286.5,6.990624,16.4,19.2
1788539070.000026,-32.834267,-70.128910,2853.346282,259.6,5.826362,14.5,16.2
1788539073.000025,-32.834219,-70.129008,2854.041646,276.0,2.850720,13.6,14.5
1788539079.000027,-32.834211,-70.129073,2853.554388,298.4,0.000000,15.0,13.6
1788539079.000027,-32.834211,-70.129073,2853.554388,298.4,0.000000,15.0,13.6
1788539091.000028,-32.834132,-70.129131,2852.733769,327.6,2.088962,16.2,13.9
1788539097.000030,-32.834096,-70.129129,2853.540136,352.2,0.000000,17.0,13.5
1788539097.000030,-32.834096,-70.129129,2853.540136,352.2,0.000000,17.0,13.5
1788539158.000279,-32.834029,-70.129040,2854.716486,16.5,1.239870,15.5,14.2
1788539172.000206,-32.833998,-70.128935,2852.120007,62.2,2.699963,15.9,15.1
1788539178.000174,-32.833957,-70.128845,2853.580682,82.3,0.000000,15.7,15.0
1788539178.000174,-32.833957,-70.128845,2853.580682,82.3,0.000000,15.7,15.0
1788539182.000160,-32.833894,-70.128748,2854.783202,61.1,2.602349,16.8,14.1
1788539188.000142,-32.833838,-70.128629,2856.648686,61.3,0.000000,16.3,13.5
1788539188.000142,-32.833838,-70.128629,2856.648686,61.3,0.000000,16.3,13.5
1788539193.000132,-32.833793,-70.128533,2858.071545,61.3,1.963818,15.4,12.4
1788539198.000123,-32.833743,-70.128429,2859.915727,60.1,2.268597,14.7,11.5
1788539203.000117,-32.833698,-70.128328,2862.162338,66.4,2.180442,14.0,10.8
1788539208.000112,-32.833644,-70.128229,2864.147330,55.0,2.245204,12.4,9.7
1788539213.000107,-32.833597,-70.128131,2866.662235,65.3,2.222383,13.6,11.6
1788539218.000105,-32.833549,-70.128035,2869.481677,58.7,2.129404,15.0,12.0
1788539223.000101,-32.833500,-70.127940,2872.424948,62.2,2.086731,15.6,13.6
1788539228.000098,-32.833453,-70.127842,2876.169921,62.4,2.289394,14.6,13.1
1788539233.000095,-32.833399,-70.127744,2879.507557,56.6,0.000000,16.3,14.2
1788539233.000095,-32.833399,-70.127744,2879.507557,56.6,0.000000,16.3,14.2
1788539238.000092,-32.833354,-70.127640,2882.406515,63.6,2.149450,16.5,13.8
1788539243.000090,-32.833300,-70.127540,2885.233054,53.0,0.000000,13.7,12.0
1788539243.000090,-32.833300,-70.127540,2885.233054,53.0,0.000000,13.7,12.0
1788539251.000087,-32.833251,-70.127448,2888.886147,69.4,1.025018,16.1,12.8
1788539261.000083,-32.833192,-70.127333,2894.592318,55.9,2.320952,13.0,11.6
1788539267.000080,-32.833154,-70.127238,2897.246634,57.2,0.000000,11.6,10.6
1788539267.000080,-32.833154,-70.127238,2897.246634,57.2,0.000000,11.6,10.6
1788539272.000079,-32.833101,-70.127130,2901.510327,62.6,2.095236,11.8,10.1
1788539277.000076,-32.833055,-70.127031,2905.201023,60.8,2.198609,11.9,9.9
1788539282.000198,-32.833008,-70.126937,2908.926580,57.1,2.071451,11.0,9.3
1788539288.000176,-32.832960,-70.126842,2913.471768,55.9,0.000000,11.3,9.5
1788539288.000176,-32.832960,-70.126842,2913.471768,55.9,0.000000,11.3,9.5
1788539294.000150,-32.832916,-70.126742,2919.463239,57.5,1.800861,11.2,9.6
1788539299.000128,-32.832873,-70.126644,2924.197347,56.6,1.955731,10.9,9.4
1788539304.000111,-32.832826,-70.126547,2929.256345,61.1,2.116310,11.0,9.2
1788539309.000098,-32.832778,-70.126454,2933.257738,59.5,2.210081,11.2,9.7
1788539315.000084,-32.832722,-70.126345,2938.414999,58.3,0.000000,11.1,9.6
1788539315.000084,-32.832722,-70.126345,2938.414999,58.3,0.000000,11.1,9.6
1788539320.000076,-32.832678,-70.126249,2942.202487,61.0,2.027848,11.1,9.5
1788539325.000069,-32.832636,-70.126154,2946.195684,62.8,2.131095,11.2,9.6
1788539331.000061,-32.832582,-70.126046,2951.818412,63.8,0.000000,10.8,9.4
1788539331.000061,-32.832582,-70.126046,2951.818412,63.8,0.000000,10.8,9.4
1788539340.000051,-32.832533,-70.125950,2955.884831,59.7,0.943749,11.4,9.1
1788539351.000039,-32.832483,-70.125851,2960.842606,56.4,0.974047,13.8,10.4
1788539361.000030,-32.832434,-70.125747,2972.622026,58.2,1.792990,14.2,10.3
1788539367.000024,-32.832387,-70.125642,2980.085395,61.8,2.023062,12.7,9.6
1788539373.000019,-32.832335,-70.125535,2985.884845,62.5,0.000000,13.1,9.5
1788539373.000019,-32.832335,-70.125535,2985.884845,62.5,0.000000,13.1,9.5
1788539378.000014,-32.832287,-70.125442,2987.945509,57.1,2.045641,11.6,9.3
1788539384.000009,-32.832236,-70.125338,2994.415143,62.8,0.496802,10.9,9.3
1788539384.000009,-32.832236,-70.125338,2994.415143,62.8,0.000000,10.9,9.3
1788539390.000003,-32.832186,-70.125237,3002.704546,59.6,2.201171,11.8,9.7
1788539395.999998,-32.832140,-70.125144,3012.075115,56.7,0.981110,12.8,10.3
1788539395.999998,-32.832140,-70.125144,3012.075115,56.7,0.000000,12.8,10.3
1788539401.999993,-32.832091,-70.125038,3019.812179,58.3,1.914578,13.8,10.9
1788539408.000209,-32.832045,-70.124937,3027.975310,63.1,1.887365,14.2,10.8
1788539414.000187,-32.831993,-70.124838,3035.834406,58.8,2.063938,15.6,11.4
1788539420.000160,-32.831946,-70.124740,3044.478266,60.4,1.350122,14.5,10.7
1788539420.000160,-32.831946,-70.124740,3044.478266,60.4,0.000000,14.5,10.7
1788539426.000125,-32.831898,-70.124640,3052.913170,63.7,1.946978,12.0,9.9
1788539434.000090,-32.831834,-70.124506,3063.880966,59.2,2.056425,12.6,9.7
1788539440.000071,-32.831800,-70.124431,3070.262394,61.5,0.960095,13.1,9.7
1788539440.000071,-32.831800,-70.124431,3070.262394,61.5,0.000000,13.1,9.7
1788539445.000058,-32.831749,-70.124330,3078.613595,57.6,1.895473,12.9,9.7
1788539451.000044,-32.831701,-70.124230,3086.839743,64.8,2.016789,13.5,10.2
1788539457.000032,-32.831651,-70.124135,3094.493054,58.8,1.079206,13.2,9.7
1788539457.000032,-32.831651,-70.124135,3094.493054,58.8,0.000000,13.2,9.7
1788539463.000022,-32.831606,-70.124040,3102.175441,60.2,1.814627,14.4,10.5
1788539469.000012,-32.831561,-70.123946,3110.494803,60.9,1.873809,13.7,10.0
1788539475.000001,-32.831516,-70.123852,3118.685289,63.7,1.987715,14.9,10.9
1788539480.999993,-32.831467,-70.123759,3127.083047,60.7,2.154295,13.9,10.0
1788539486.999983,-32.831422,-70.123669,3136.254156,54.6,1.419948,14.2,10.4
1788539486.999983,-32.831422,-70.123669,3136.254156,54.6,0.000000,14.2,10.4
1788539492.999975,-32.831370,-70.123557,3142.182501,60.2,2.079273,13.3,10.7
1788539497.999968,-32.831321,-70.123460,3144.574375,58.8,0.000000,13.8,11.2
1788539497.999968,-32.831321,-70.123460,3144.574375,58.8,0.000000,13.8,11.2
1788539502.999961,-32.831273,-70.123355,3147.247346,61.7,2.141543,14.1,11.5
1788539507.999954,-32.831227,-70.123258,3150.977287,59.1,2.232541,12.0,10.3
1788539512.999947,-32.831181,-70.123160,3153.897719,60.3,2.178143,11.9,10.1
1788539517.999940,-32.831136,-70.123059,3157.489960,67.2,2.242114,11.6,10.3
1788539522.999933,-32.831091,-70.122965,3160.475621,60.8,2.194540,11.6,9.8
1788539527.999927,-32.831042,-70.122869,3164.107300,61.6,2.321756,11.9,10.2
1788539533.000164,-32.830995,-70.122775,3168.205392,59.2,2.170105,10.7,9.4
1788539538.000155,-32.830948,-70.122673,3168.697837,62.3,2.367462,10.3,9.4
1788539544.000136,-32.830897,-70.122577,3171.454298,60.4,0.000000,13.2,10.8
1788539544.000136,-32.830897,-70.122577,3171.454298,60.4,0.000000,13.2,10.8
1788539548.000122,-32.830850,-70.122483,3170.919909,60.9,2.320719,14.8,12.3
1788539553.000103,-32.830801,-70.122386,3169.394564,61.0,2.394403,18.0,15.6
1788539557.000089,-32.830760,-70.122289,3172.134026,68.7,2.725235,17.6,15.1
1788539560.000081,-32.830709,-70.122196,3170.039454,58.3,4.136902,15.7,14.1
1788539562.000075,-32.830662,-70.122100,3169.303428,56.6,5.009638,14.8,14.0
1788539564.000070,-32.830593,-70.122027,3169.115111,40.9,5.150483,14.7,13.8
1788539567.000062,-32.830512,-70.122084,3168.410237,315.4,3.902813,15.1,13.5
1788539570.000055,-32.830481,-70.122207,3168.291917,274.7,3.915195,14.5,12.6
1788539573.000049,-32.830499,-70.122343,3167.345645,254.6,4.503668,12.9,11.9
1788539576.000042,-32.830534,-70.122442,3170.524728,257.8,2.677939,11.8,11.8
1788539582.000029,-32.830526,-70.122475,3171.197739,276.6,0.000000,12.3,12.0
1788539582.000029,-32.830526,-70.122475,3171.197739,276.6,0.000000,12.3,12.0
1788539591.000012,-32.830523,-70.122583,3169.560019,262.7,1.626490,9.4,10.6
1788539596.000002,-32.830557,-70.122711,3167.769020,250.2,3.018038,8.8,10.3
1788539598.999996,-32.830584,-70.122818,3165.676810,251.5,3.406541,8.3,10.0
1788539604.999985,-32.830612,-70.122919,3163.342850,247.4,0.000000,8.4,9.3
1788539604.999985,-32.830612,-70.122919,3163.342850,247.4,0.000000,8.4,9.3
1788539637.999926,-32.830610,-70.123039,3160.331094,350.8,0.433691,8.2,10.3
1788539640.999920,-32.830681,-70.123165,3156.610623,252.3,4.561107,8.8,10.9
1788539642.999916,-32.830553,-70.123294,3148.138518,319.7,8.704034,9.0,13.3
1788539643.999915,-32.830504,-70.123414,3143.208912,299.0,10.912223,6.7,11.1
1788539644.999913,-32.830506,-70.123550,3139.751543,276.1,12.019263,5.8,8.2
1788539645.999912,-32.830522,-70.123697,3136.956540,265.2,13.109960,5.2,7.0
1788539646.999909,-32.830532,-70.123831,3137.510950,264.7,12.476651,4.9,6.6
1788539647.999908,-32.830557,-70.123940,3138.161225,258.4,10.949856,3.8,5.5
1788539649.999904,-32.830495,-70.124117,3136.113697,301.4,9.084384,11.4,17.9
1788539650.999903,-32.830421,-70.124188,3136.668216,311.6,9.705961,12.6,17.2
1788539652.999899,-32.830426,-70.124300,3134.021362,272.6,5.184397,12.9,16.0
1788539659.000095,-32.830459,-70.124322,3132.509213,252.6,0.000000,11.7,11.0
1788541340.999914,-32.830430,-70.124201,3133.266232,-1.0,0.000000,12.5,11.8
1788541351.999861,-32.830374,-70.124100,3130.923530,64.2,2.056563,13.0,12.3
1788541355.999842,-32.830334,-70.124003,3129.548007,64.0,2.567643,14.5,13.6
1788541359.999822,-32.830310,-70.123893,3129.585226,71.5,3.157135,13.9,12.9
1788541362.999809,-32.830253,-70.123799,3127.234931,52.1,3.650779,12.7,12.6
1788541367.999785,-32.830211,-70.123704,3125.660322,52.6,0.000000,12.4,11.9
1788541367.999785,-32.830211,-70.123704,3125.660322,52.6,0.000000,12.4,11.9
1788541399.999615,-32.830157,-70.123609,3125.506404,95.3,1.843538,11.8,11.7
1788541408.999567,-32.830202,-70.123512,3128.536012,112.4,1.397802,11.7,10.9
1788541416.999527,-32.830230,-70.123402,3132.124380,100.3,1.335974,10.2,10.0
1788541425.000075,-32.830267,-70.123297,3135.261484,106.9,1.281737,9.3,9.6
1788541434.000063,-32.830295,-70.123189,3139.441622,109.5,1.241746,9.7,9.0
1788541443.000011,-32.830330,-70.123084,3144.969702,113.7,1.294733,8.5,8.8
1788541451.999959,-32.830356,-70.122973,3148.367776,106.0,1.348143,8.6,8.1
1788541460.999909,-32.830384,-70.122866,3153.113497,99.9,1.372210,8.7,7.8
1788541469.999862,-32.830413,-70.122754,3157.112250,108.2,1.418080,9.3,7.6
1788541478.999816,-32.830439,-70.122648,3160.683288,102.4,1.237870,8.3,7.6
1788541486.999776,-32.830466,-70.122537,3163.699349,110.1,1.350545,7.0,7.3
1788541495.999732,-32.830482,-70.122432,3166.726545,99.8,1.565221,8.4,9.0
1788541500.999706,-32.830485,-70.122319,3166.986615,74.5,1.282221,9.2,9.1
1788541512.999646,-32.830485,-70.122209,3164.779931,63.5,0.972581,10.5,10.2
1788541529.999563,-32.830497,-70.122096,3164.254763,104.5,0.899548,7.1,6.9
1788541551.000049,-32.830501,-70.121979,3164.934949,77.9,0.889551,7.5,7.2
1788541576.999968,-32.830539,-70.121876,3165.878272,142.1,0.786671,7.1,7.1
1788541606.999817,-32.830485,-70.121777,3165.265034,40.1,1.815756,10.1,9.6
1788541650.999597,-32.830417,-70.121687,3167.786114,52.8,1.530606,13.6,12.4
1788541657.999561,-32.830350,-70.121606,3168.207395,39.4,1.950871,13.2,12.1
1788541662.999537,-32.830277,-70.121540,3167.124997,25.6,1.663613,13.2,12.1
1788541671.999492,-32.830201,-70.121461,3168.517500,43.9,1.942797,12.1,12.4
1788541677.000049,-32.830112,-70.121390,3167.142402,40.3,2.888127,10.9,11.6
1788541683.000040,-32.830045,-70.121350,3167.234820,16.4,0.000000,13.5,12.2
1788541683.000040,-32.830045,-70.121350,3167.234820,16.4,0.000000,13.5,12.2
1788541743.999718,-32.830026,-70.121353,3166.801188,-1.0,0.000000,14.4,13.5
1788541805.000001,-32.830002,-70.121275,3167.525388,83.7,0.786033,12.0,13.8
1788541813.000006,-32.829986,-70.121154,3167.295442,67.2,1.136717,11.7,12.4
1788541822.999957,-32.830005,-70.121013,3165.108922,101.0,2.810536,10.3,12.0
1788541826.999938,-32.830028,-70.120888,3167.646073,113.9,2.250425,12.2,12.2
1788541832.999907,-32.830022,-70.120872,3164.379975,114.2,0.000000,14.2,12.8
1788541832.999907,-32.830022,-70.120872,3164.379975,114.2,0.000000,14.2,12.8
1788541841.999862,-32.830130,-70.120946,3158.110495,223.8,3.551567,11.3,13.8
1788541844.999846,-32.830245,-70.120913,3153.509656,156.1,3.224504,13.2,14.1
1788541850.999816,-32.830231,-70.120902,3153.485805,149.8,0.000000,14.5,15.6
1788541850.999816,-32.830231,-70.120902,3153.485805,149.8,0.000000,14.5,15.6
1788541911.999505,-32.830229,-70.120926,3155.255272,-1.0,0.000000,16.8,15.9
1788541972.999830,-32.830206,-70.120945,3156.422744,-1.0,0.000000,21.5,18.0
1788541999.999694,-32.830302,-70.120890,3155.165784,155.6,4.310802,16.5,16.4
1788542001.999684,-32.830389,-70.120974,3150.468384,213.9,5.752324,15.4,17.4
1788542006.999659,-32.830446,-70.120890,3146.490933,109.8,1.622219,16.3,17.9
1788542024.999568,-32.830554,-70.120859,3141.524531,186.6,4.499752,15.7,17.3
1788542026.999558,-32.830627,-70.120942,3136.691076,224.1,5.503191,12.4,16.8
1788542028.999548,-32.830743,-70.120935,3129.591863,158.1,6.443440,11.7,17.0
1788542030.999538,-32.830879,-70.120794,3127.597981,146.4,9.768604,12.7,15.0
1788542031.999533,-32.830975,-70.120821,3124.464954,181.7,10.032094,10.9,15.8
1788542033.999522,-32.831068,-70.120984,3117.650729,224.1,9.446114,10.8,14.8
1788542035.999512,-32.831196,-70.120944,3107.545091,165.3,7.969496,10.3,17.0
1788542037.999502,-32.831295,-70.120796,3103.573634,134.8,8.184050,10.0,13.4
1788542039.999492,-32.831370,-70.120671,3102.348758,122.3,7.214891,9.4,10.7
1788542042.999477,-32.831464,-70.120735,3096.984476,242.2,5.567912,11.6,16.0
1788542044.999467,-32.831499,-70.120887,3093.014418,260.4,6.725159,13.6,18.6
1788542046.999456,-32.831572,-70.121010,3089.621006,224.8,6.850413,15.0,18.6
1788542048.999446,-32.831663,-70.120999,3084.996564,177.7,4.775889,21.0,23.1
1788542053.000002,-32.831758,-70.120959,3079.160184,159.7,3.738782,18.7,19.5
1788542056.000003,-32.831867,-70.120872,3073.883715,145.3,5.320745,17.1,16.9
1788542058.000000,-32.831954,-70.120800,3073.018318,147.6,5.868864,16.6,16.7
1788542059.999996,-32.832054,-70.120844,3069.225778,214.2,6.151786,15.1,17.4
1788542062.000002,-32.832098,-70.121002,3064.916438,253.5,7.174578,18.1,20.4
1788542064.000000,-32.832114,-70.121122,3061.408139,258.4,5.464246,16.5,19.1
1788542066.999993,-32.832201,-70.121186,3055.464858,184.1,5.095546,18.3,20.1
1788542068.999981,-32.832303,-70.121132,3051.868896,160.0,6.138572,17.3,18.1
1788542070.999970,-32.832384,-70.121076,3048.464690,152.9,5.545854,17.6,18.1
1788542073.999954,-32.832475,-70.121008,3044.977244,155.2,4.227898,17.3,17.2
1788542075.999942,-32.832572,-70.121049,3039.522608,210.7,6.182927,15.4,16.8
1788542077.999932,-32.832602,-70.121184,3038.856136,254.1,5.926667,14.8,17.1
1788542080.999916,-32.832612,-70.121295,3036.312262,264.2,3.205486,14.2,16.1
1788542083.999900,-32.832704,-70.121372,3025.662255,203.4,5.712424,14.4,15.9
1788542085.999889,-32.832827,-70.121347,3023.459024,172.8,6.393800,15.5,17.0
1788542087.999879,-32.832927,-70.121293,3021.080268,155.0,6.212028,16.1,17.4
1788542089.999869,-32.833024,-70.121303,3021.018027,185.4,6.861153,16.7,17.7
1788542091.999858,-32.833076,-70.121443,3015.840350,245.2,7.039516,14.9,18.5
1788542094.999843,-32.833090,-70.121597,3011.706640,272.4,5.584385,15.3,18.4
1788542097.999827,-32.833050,-70.121723,3010.464102,286.0,4.074490,15.8,17.0
1788542100.999812,-32.833020,-70.121850,3007.971664,287.6,4.953822,14.6,16.8
1788542103.999796,-32.832974,-70.121947,3004.112160,303.5,3.307830,15.1,16.8
1788542106.999787,-32.832979,-70.122055,3000.000281,249.3,4.111758,13.8,16.2
1788542108.999780,-32.833092,-70.122102,2995.697604,191.4,6.252219,12.8,16.0
1788542110.999773,-32.833181,-70.122070,2993.981146,161.8,5.351656,10.8,15.9
1788542112.999765,-32.833283,-70.122014,2993.470523,158.4,5.503797,12.6,15.2
1788542115.999755,-32.833399,-70.122001,2992.225610,172.3,4.702717,14.0,15.4
1788542118.999742,-32.833498,-70.121983,2990.369003,167.7,3.653878,13.4,15.1
1788542123.999720,-32.833602,-70.121946,2987.901076,160.6,2.503983,15.5,16.0
1788542129.999693,-32.833672,-70.121937,2986.005090,174.8,0.000000,17.9,17.5
1788542129.999693,-32.833672,-70.121937,2986.005090,174.8,0.000000,17.9,17.5
1788542191.000010,-32.833683,-70.121905,2987.730354,-1.0,0.000000,13.9,13.0
1788542206.999921,-32.833709,-70.122064,2984.067994,273.3,5.171507,11.9,12.5
1788542208.999910,-32.833645,-70.122163,2982.869250,308.0,5.859365,12.1,13.0
1788542210.999899,-32.833549,-70.122250,2981.087476,322.4,6.793177,12.9,13.0
1788542212.999889,-32.833463,-70.122303,2981.133615,332.3,5.585717,12.1,12.5
1788542215.999873,-32.833393,-70.122374,2980.337371,315.7,3.183330,12.8,12.6
1788542220.999848,-32.833332,-70.122471,2977.666779,305.7,2.392105,14.2,13.4
1788542226.999817,-32.833314,-70.122499,2977.394754,312.1,0.000000,15.7,12.9
1788542226.999817,-32.833314,-70.122499,2977.394754,312.1,0.000000,15.7,12.9
1788542269.999601,-32.833307,-70.122612,2974.475976,243.8,2.513117,14.2,14.7
1788542275.999570,-32.833331,-70.122589,2974.881619,138.7,0.000000,15.6,13.6
1788542275.999570,-32.833331,-70.122589,2974.881619,138.7,0.000000,15.6,13.6
1788542315.000011,-32.833420,-70.122610,2972.100844,230.0,2.520819,14.2,14.0
1788542320.000003,-32.833402,-70.122739,2970.903527,242.3,3.211628,14.1,14.3
1788542325.999975,-32.833415,-70.122736,2971.848012,182.1,0.000000,16.4,15.4
1788542325.999975,-32.833415,-70.122736,2971.848012,182.1,0.000000,16.4,15.4
1788542336.999922,-32.833509,-70.122749,2969.686234,172.1,2.486067,13.6,14.5
1788542342.999894,-32.833537,-70.122773,2968.969554,213.5,0.000000,15.1,13.4
1788542342.999894,-32.833537,-70.122773,2968.969554,213.5,0.000000,15.1,13.4
1788542348.999864,-32.833477,-70.122878,2966.072175,313.1,2.316645,14.1,14.4
1788542354.999834,-32.833417,-70.122961,2965.034863,307.3,0.000000,16.0,14.4
1788542354.999834,-32.833417,-70.122961,2965.034863,307.3,0.000000,16.0,14.4
1788542407.999568,-32.833383,-70.123062,2964.024728,289.3,1.943186,17.7,14.9
1788542410.999553,-32.833293,-70.123198,2959.890845,312.2,5.642478,16.5,14.3
1788542416.999523,-32.833257,-70.123226,2960.513962,310.4,0.000000,19.0,15.8
1788542416.999523,-32.833257,-70.123226,2960.513962,310.4,0.000000,19.0,15.8
1788542460.999927,-32.833218,-70.123332,2953.816480,267.0,5.281687,17.3,17.5
1788542462.999918,-32.833258,-70.123552,2944.554457,259.2,10.643803,15.4,19.4
1788542463.999912,-32.833314,-70.123698,2939.797790,247.8,13.299855,11.3,15.2
1788542464.999907,-32.833353,-70.123849,2940.338464,253.5,14.529761,12.4,14.9
1788542465.999902,-32.833360,-70.124031,2938.166398,263.1,16.201651,17.1,19.4
1788542466.999897,-32.833403,-70.124221,2936.451476,258.0,17.463243,12.7,15.6
1788542467.999892,-32.833415,-70.124406,2933.651888,265.2,17.953816,13.8,17.3
1788542468.999887,-32.833389,-70.124608,2930.567919,273.0,18.911948,9.1,10.9
1788542469.999882,-32.833408,-70.124766,2926.489395,265.7,17.415273,8.5,10.7
1788542470.999877,-32.833399,-70.124950,2921.059482,270.4,17.916893,8.3,10.5
1788542471.999872,-32.833430,-70.125124,2916.568057,262.1,17.953840,10.4,11.9
1788542472.999867,-32.833458,-70.125318,2911.255491,260.4,18.693224,10.4,13.7
1788542473.999862,-32.833525,-70.125534,2906.884292,251.2,20.056977,12.0,13.9
1788542474.999856,-32.833627,-70.125642,2902.649199,237.2,17.765940,12.6,15.4
1788542475.999852,-32.833722,-70.125794,2898.250666,237.1,18.500862,11.9,13.4
1788542476.999847,-32.833826,-70.125903,2893.510626,224.9,17.150624,17.4,16.6
1788542477.999841,-32.833943,-70.126008,2888.894703,217.1,16.877399,15.5,15.0
1788542478.999837,-32.834048,-70.126080,2886.592601,210.6,14.924371,12.5,11.4
1788542479.999831,-32.834156,-70.126158,2884.175475,210.4,14.560899,11.8,11.5
1788542480.999827,-32.834277,-70.126242,2882.193469,211.5,14.639131,13.4,14.2
1788542481.999822,-32.834388,-70.126335,2881.549845,220.5,14.540245,15.8,15.2
1788542483.999811,-32.834394,-70.126542,2875.450395,265.2,9.303691,10.5,10.3
1788542489.999781,-32.834367,-70.126565,2872.364341,329.3,0.000000,9.8,8.9
1788542489.999781,-32.834367,-70.126565,2872.364341,329.3,0.000000,9.8,8.9
1788542496.999746,-32.834371,-70.126683,2870.681558,263.3,4.528293,9.1,9.5
1788542498.999735,-32.834407,-70.126835,2867.187726,254.7,7.616326,9.2,9.7
1788542500.999726,-32.834439,-70.127062,2862.043583,260.5,10.647138,8.3,8.7
1788542501.999721,-32.834449,-70.127176,2862.197323,263.3,10.843279,6.9,7.4
1788542502.999715,-32.834443,-70.127300,2861.818058,269.8,11.304589,5.7,6.1
1788542503.999711,-32.834443,-70.127410,2860.871673,270.9,10.746551,5.1,5.6
1788542505.999701,-32.834438,-70.127609,2861.165090,272.3,9.341651,5.6,6.4
1788542507.999691,-32.834427,-70.127800,2860.128543,274.1,8.901485,7.4,8.1
1788542509.999680,-32.834402,-70.127976,2858.763760,279.2,8.462010,7.2,8.0
1788542511.999670,-32.834373,-70.128142,2856.535705,281.4,8.089432,6.0,6.9
1788542513.999660,-32.834367,-70.128315,2856.915586,274.2,7.865881,6.9,7.9
1788542515.999651,-32.834361,-70.128442,2858.064711,273.2,6.420953,9.6,11.5
1788542517.999641,-32.834326,-70.128609,2860.069337,286.2,7.133889,12.7,13.6
1788542520.999625,-32.834317,-70.128750,2858.395327,280.2,4.605517,12.6,14.1
1788542522.999615,-32.834295,-70.128882,2855.884496,283.2,6.078395,13.1,13.7
1788542524.999605,-32.834281,-70.128993,2857.267071,285.6,5.431707,13.7,14.3
1788542528.999585,-32.834224,-70.129079,2855.152682,334.6,2.604660,12.9,13.2
1788542534.999555,-32.834166,-70.129114,2854.964233,316.5,0.000000,13.0,13.4
1788542534.999555,-32.834166,-70.129114,2854.964233,316.5,0.000000,13.0,13.4
1788542548.999485,-32.834078,-70.129145,2852.031666,5.9,0.479294,10.9,10.5
1788542555.999988,-32.834019,-70.129028,2850.186820,50.1,1.463404,10.3,10.7
1788542564.999989,-32.833983,-70.128926,2852.896552,50.3,2.113779,11.8,11.7
1788542570.999981,-32.833929,-70.128815,2854.883011,60.7,0.000000,11.0,11.7
1788542570.999981,-32.833929,-70.128815,2854.883011,60.7,0.000000,11.0,11.7
1788542576.999950,-32.833877,-70.128720,2856.244201,60.2,2.429983,12.6,12.7
1788542581.999925,-32.833827,-70.128618,2858.900062,57.4,0.000000,11.3,11.2
1788542581.999925,-32.833827,-70.128618,2858.900062,57.4,0.000000,11.3,11.2
1788542586.999900,-32.833776,-70.128521,2861.248697,58.6,2.312907,10.0,9.8
1788542592.999869,-32.833718,-70.128399,2864.582406,58.0,0.000000,9.0,8.9
1788542592.999869,-32.833718,-70.128399,2864.582406,58.0,0.000000,9.0,8.9
1788542597.999845,-32.833664,-70.128308,2867.592460,50.9,1.849817,9.1,8.7
1788542603.999815,-32.833609,-70.128190,2868.955840,55.7,2.221327,8.8,8.4
1788542608.999790,-32.833554,-70.128090,2872.233175,61.3,2.265174,9.5,8.3
1788542613.999765,-32.833509,-70.127993,2873.391436,60.4,2.084673,9.0,7.7
1788542618.999740,-32.833461,-70.127878,2876.631058,60.6,2.324274,8.4,7.5
1788542624.999710,-32.833409,-70.127764,2877.957765,66.1,0.000000,7.7,7.1
1788542624.999710,-32.833409,-70.127764,2877.957765,66.1,0.000000,7.7,7.1
1788542629.999685,-32.833357,-70.127670,2881.030247,57.4,2.043634,7.8,7.2
1788542634.999662,-32.833305,-70.127582,2883.977926,49.4,1.925133,8.2,8.0
1788542639.999637,-32.833256,-70.127486,2889.221559,59.0,2.045575,7.6,7.3
1788542644.999612,-32.833204,-70.127388,2894.016025,58.1,2.367102,7.3,6.9
1788542649.999586,-32.833161,-70.127292,2896.994052,57.1,0.000000,7.1,6.6
1788542649.999586,-32.833161,-70.127292,2896.994052,57.1,0.000000,7.1,6.6
1788542654.999562,-32.833118,-70.127191,2899.500090,61.4,2.036589,6.3,6.1
1788542659.999538,-32.833068,-70.127094,2903.945972,55.4,2.088669,6.2,5.9
1788542664.999513,-32.833022,-70.126999,2907.788214,62.6,2.132164,6.1,5.7
1788542669.999488,-32.832978,-70.126904,2911.054739,60.4,2.199312,4.6,5.5
1788542674.999463,-32.832927,-70.126809,2916.665808,54.7,2.261494,4.5,5.7
1788542680.999434,-32.832884,-70.126725,2921.894333,62.5,0.000000,5.9,6.2
1788542680.999434,-32.832884,-70.126725,2921.894333,62.5,0.000000,5.9,6.2
1788542686.999961,-32.832837,-70.126603,2925.888223,67.4,1.819765,7.0,6.9
1788542692.999969,-32.832788,-70.126494,2930.818431,72.4,2.121942,7.4,6.9
1788542698.999960,-32.832724,-70.126387,2939.026131,54.8,0.713810,6.9,6.3
1788542698.999960,-32.832724,-70.126387,2939.026131,54.8,0.000000,6.9,6.3
1788542704.999935,-32.832672,-70.126277,2945.843485,60.5,2.033040,7.3,6.4
1788542709.999913,-32.832626,-70.126182,2950.430041,63.5,0.000000,6.6,6.1
1788542709.999913,-32.832626,-70.126182,2950.430041,63.5,0.000000,6.6,6.1
1788542715.999884,-32.832571,-70.126081,2956.800174,59.7,2.015406,6.6,6.3
1788542721.999858,-32.832520,-70.125974,2962.292220,67.3,0.000000,6.6,6.3
1788542721.999858,-32.832520,-70.125974,2962.292220,67.3,0.000000,6.6,6.3
1788542726.999833,-32.832477,-70.125875,2966.839345,63.0,2.137118,7.0,6.6
1788542732.999805,-32.832425,-70.125774,2973.879669,55.2,0.694274,7.0,6.6
1788542732.999805,-32.832425,-70.125774,2973.879669,55.2,0.000000,7.0,6.6
1788542738.999776,-32.832382,-70.125680,2980.897154,57.2,0.584793,7.3,6.8
1788542743.999752,-32.832335,-70.125579,2988.300294,56.6,2.102930,7.2,6.7
1788542749.999723,-32.832266,-70.125490,2992.753943,43.3,0.000000,8.5,7.7
1788542749.999723,-32.832266,-70.125490,2992.753943,43.3,0.000000,8.5,7.7
1788542763.999656,-32.832170,-70.125237,3003.438770,61.2,2.014433,8.6,7.9
1788542769.999627,-32.832122,-70.125138,3012.608776,59.6,0.763849,7.6,7.1
1788542769.999627,-32.832122,-70.125138,3012.608776,59.6,0.000000,7.6,7.1
1788542774.999602,-32.832074,-70.125039,3020.920265,67.2,1.973727,8.6,7.7
1788542780.999573,-32.832013,-70.124935,3032.364995,55.0,2.360015,8.3,7.4
1788542786.999544,-32.831967,-70.124835,3040.883882,63.7,1.247397,8.7,7.5
1788542786.999544,-32.831967,-70.124835,3040.883882,63.7,0.000000,8.7,7.5
1788542793.999511,-32.831921,-70.124728,3045.805686,71.9,1.570992,8.8,7.4
1788542799.999482,-32.831863,-70.124627,3055.036726,49.9,1.941381,8.5,7.3
1788542805.999452,-32.831819,-70.124518,3064.405876,58.4,2.250794,7.5,7.7
1788542811.999986,-32.831791,-70.124464,3067.117856,56.5,0.000000,5.9,7.9
1788542811.999986,-32.831791,-70.124464,3067.117856,56.5,0.000000,5.9,7.9
1788542815.999984,-32.831749,-70.124355,3074.301432,61.5,1.921253,6.0,8.4
1788542821.999992,-32.831699,-70.124264,3082.765229,59.3,2.000092,6.8,8.4
1788542826.999964,-32.831640,-70.124179,3091.362486,58.7,2.021277,9.1,8.5
1788542832.999933,-32.831601,-70.124075,3100.404303,64.5,1.608240,9.9,8.3
1788542832.999933,-32.831601,-70.124075,3100.404303,64.5,0.000000,9.9,8.3
1788542839.999899,-32.831547,-70.123967,3110.721140,66.3,1.631398,7.8,8.5
1788542845.999868,-32.831497,-70.123869,3117.783187,58.3,1.985605,7.6,8.1
1788542851.999839,-32.831459,-70.123772,3123.547797,58.6,1.949012,5.4,8.0
1788542857.999810,-32.831415,-70.123678,3132.354179,62.9,2.087757,8.6,9.1
1788542863.999780,-32.831372,-70.123579,3137.600562,60.0,0.000000,8.5,8.8
1788542863.999780,-32.831372,-70.123579,3137.600562,60.0,0.000000,8.5,8.8
1788542870.999746,-32.831317,-70.123462,3138.621530,61.0,1.441634,8.2,8.0
1788542881.999693,-32.831260,-70.123364,3144.197349,66.8,0.983760,8.5,7.3
1788542893.999635,-32.831216,-70.123259,3148.524210,65.6,1.126400,7.6,7.1
1788542904.999582,-32.831171,-70.123157,3151.780189,61.6,1.136128,9.3,8.0
1788542947.999998,-32.831128,-70.123050,3153.136379,60.9,0.041296,12.4,10.2
1788542979.999840,-32.831073,-70.122962,3157.518800,58.0,1.451326,8.1,7.9
1788542987.999801,-32.831012,-70.122826,3162.324579,60.5,2.015732,6.3,8.3
1788542992.999777,-32.830951,-70.122713,3164.140253,55.5,3.146072,7.3,7.4
1788542998.999748,-32.830898,-70.122615,3168.098520,47.8,0.000000,7.8,7.9
1788542998.999748,-32.830898,-70.122615,3168.098520,47.8,0.000000,7.8,7.9
1788543010.999690,-32.830853,-70.122516,3167.353687,50.0,0.811462,7.2,7.0
1788543019.999647,-32.830806,-70.122414,3168.324378,61.1,1.472910,7.6,7.1
1788543025.999618,-32.830765,-70.122319,3167.175565,58.9,1.786496,7.2,6.9
1788543027.999608,-32.830688,-70.122247,3170.112814,38.9,5.381849,7.5,7.1
1788543030.999594,-32.830675,-70.122121,3171.628978,62.2,5.113289,7.6,7.0
1788543033.999579,-32.830623,-70.122009,3169.540195,58.0,4.297342,7.4,7.0
1788543037.999559,-32.830571,-70.121902,3173.456692,57.7,2.956481,8.3,7.4
1788543043.999530,-32.830545,-70.121832,3170.074501,64.1,0.000000,7.7,7.5
1788543043.999530,-32.830545,-70.121832,3170.074501,64.1,0.000000,7.7,7.5
1788543047.999511,-32.830494,-70.121736,3166.835774,52.3,2.307315,7.5,7.6
1788543053.999482,-32.830447,-70.121635,3165.522863,67.3,0.000000,7.6,7.8
1788543053.999482,-32.830447,-70.121635,3165.522863,67.3,0.000000,7.6,7.8
1788543056.999468,-32.830404,-70.121541,3162.759146,65.9,3.245349,7.4,7.8
1788543060.000011,-32.830343,-70.121389,3159.601816,66.5,5.682051,6.8,8.0
1788543062.000009,-32.830277,-70.121300,3159.868910,56.8,5.678099,6.8,8.4
1788543064.000016,-32.830181,-70.121166,3158.707754,55.9,8.145558,6.6,9.0
1788543066.000015,-32.830110,-70.121083,3159.208657,52.9,6.445572,7.7,11.4
1788543072.000013,-32.830081,-70.121023,3160.449662,77.9,0.000000,9.3,9.4
1788543072.000013,-32.830081,-70.121023,3160.449662,77.9,0.000000,9.3,9.4
1788543110.999840,-32.830158,-70.120964,3160.280883,127.8,2.434599,9.9,11.7
1788543113.999825,-32.830227,-70.120854,3158.287673,122.7,4.440129,9.7,10.9
1788543116.999811,-32.830272,-70.120754,3156.643873,122.1,3.588524,9.4,10.7
1788543119.999797,-32.830338,-70.120630,3153.922565,130.2,4.535775,10.4,11.7
1788543122.999782,-32.830417,-70.120514,3151.392130,136.7,4.543945,11.2,12.2
1788543125.999769,-32.830488,-70.120408,3148.701810,131.4,4.173446,9.2,12.3
1788543128.999754,-32.830578,-70.120316,3145.022469,140.0,4.292455,8.3,12.3
1788543131.999739,-32.830652,-70.120251,3142.726432,143.8,3.493633,8.9,11.3
1788543135.999720,-32.830770,-70.120208,3137.644298,185.7,4.841703,9.5,11.0
1788543137.999711,-32.830819,-70.120317,3131.014536,242.5,5.510049,8.4,10.6
1788543139.999701,-32.830859,-70.120427,3129.957104,235.5,6.103035,8.3,10.4
1788543141.999692,-32.830973,-70.120357,3124.728842,142.4,6.389709,8.9,11.3
1788543144.999677,-32.831078,-70.120264,3122.170328,159.2,6.106189,9.7,12.0
1788543146.999666,-32.831147,-70.120395,3115.362701,241.7,6.998447,8.7,11.7
1788543148.999657,-32.831165,-70.120522,3114.771170,252.2,6.365659,7.9,10.6
1788543150.999647,-32.831274,-70.120513,3108.252683,172.6,5.610684,7.8,10.7
1788543152.999638,-32.831335,-70.120434,3108.176634,134.0,5.132961,7.8,10.7
1788543155.999623,-32.831421,-70.120354,3106.826485,161.9,4.436695,9.0,10.5
1788543157.999613,-32.831486,-70.120450,3100.396727,237.3,5.533737,8.5,10.0
1788543161.999594,-32.831469,-70.120557,3099.803014,268.7,1.715766,7.5,9.3
1788543203.999995,-32.831560,-70.120678,3093.548172,198.5,3.470416,8.1,10.2
1788543209.999964,-32.831586,-70.120656,3094.133174,169.6,0.000000,10.2,10.9
1788543209.999964,-32.831586,-70.120656,3094.133174,169.6,0.000000,10.2,10.9
1788543216.999929,-32.831640,-70.120566,3091.636515,128.2,2.767139,10.3,12.0
1788543221.999903,-32.831697,-70.120475,3089.565353,134.5,2.173159,11.2,11.7
1788543224.999888,-32.831767,-70.120586,3083.891071,262.3,5.333180,9.8,11.6
1788543230.999858,-32.831752,-70.120625,3083.622699,335.7,0.000000,8.6,11.1
1788543230.999858,-32.831752,-70.120625,3083.622699,335.7,0.000000,8.6,11.1
1788543237.999824,-32.831858,-70.120628,3075.698529,139.5,4.782490,8.4,10.7
1788543240.999810,-32.831926,-70.120518,3077.886513,123.9,3.984641,8.7,10.4
1788543246.999780,-32.831959,-70.120456,3077.018608,163.5,0.000000,9.8,10.9
1788543246.999780,-32.831959,-70.120456,3077.018608,163.5,0.000000,9.8,10.9
1788543264.999693,-32.832074,-70.120519,3067.737097,238.8,5.521625,9.8,10.4
1788543270.999663,-32.832075,-70.120600,3068.472704,235.1,0.000000,8.6,8.8
1788543270.999663,-32.832075,-70.120600,3068.472704,235.1,0.000000,8.6,8.8
1788543273.999648,-32.832181,-70.120630,3063.718631,165.4,5.303729,7.3,7.9
1788543276.999633,-32.832250,-70.120534,3062.399394,139.5,3.455252,7.0,7.2
1788543279.999619,-32.832318,-70.120606,3057.668981,246.5,3.020872,6.4,6.8
1788543285.999590,-32.832325,-70.120695,3056.239547,283.4,0.000000,5.7,5.9
1788543285.999590,-32.832325,-70.120695,3056.239547,283.4,0.000000,5.7,5.9
1788543306.999488,-32.832347,-70.120826,3054.740283,266.4,2.603520,4.5,4.9
1788543312.999888,-32.832355,-70.120924,3053.071974,277.0,0.000000,4.9,4.7
1788543312.999888,-32.832355,-70.120924,3053.071974,277.0,0.000000,4.9,4.7
1788543335.999847,-32.832423,-70.120997,3050.787054,213.4,3.892101,4.6,5.0
1788543341.999828,-32.832471,-70.120960,3049.414462,132.1,0.000000,5.6,5.1
1788543341.999828,-32.832471,-70.120960,3049.414462,132.1,0.000000,5.6,5.1
1788543354.999780,-32.832546,-70.121020,3044.401786,238.3,4.668473,4.2,5.5
1788543356.999771,-32.832559,-70.121180,3040.599591,265.9,6.927297,4.5,5.5
1788543358.999762,-32.832649,-70.121331,3034.720283,224.0,8.668889,4.9,5.6
1788543360.999754,-32.832847,-70.121383,3028.098720,196.7,11.282566,5.0,5.8
1788543361.999750,-32.832927,-70.121475,3020.298266,218.7,13.018439,4.5,5.1
1788543362.999745,-32.833008,-70.121592,3015.868871,223.6,14.365527,4.8,6.0
1788543363.999742,-32.833127,-70.121632,3008.604082,204.1,14.915085,4.0,5.0
1788543364.999737,-32.833251,-70.121678,3002.735436,201.7,15.705719,4.0,5.0
1788543365.999733,-32.833346,-70.121817,2995.988022,223.1,16.705301,3.2,3.9
1788543366.999729,-32.833455,-70.121917,2989.465302,218.1,16.872159,4.5,5.7
1788543367.999724,-32.833568,-70.121916,2985.331731,196.3,14.363261,3.6,4.4
1788543369.999716,-32.833673,-70.121841,2986.210279,151.4,7.904877,4.3,4.5
1788543375.999690,-32.833695,-70.121805,2988.154360,147.1,0.000000,4.9,5.4
1788543375.999690,-32.833695,-70.121805,2988.154360,147.1,0.000000,4.9,5.4
1788543436.999421,-32.833714,-70.121806,2989.317590,329.1,0.000000,7.5,7.8
1788543464.999746,-32.833826,-70.121819,2984.708286,162.6,4.812209,5.6,7.4
1788543466.999748,-32.833912,-70.121776,2983.931498,156.5,5.068715,5.7,7.1
1788543469.999750,-32.833967,-70.121861,2980.912349,270.0,4.593151,4.9,6.8
1788543472.999748,-32.833890,-70.121992,2978.282141,308.5,5.405522,5.7,6.6
1788543474.999747,-32.833815,-70.122075,2980.098706,317.1,5.691640,5.6,6.3
1788543477.999744,-32.833740,-70.122144,2980.090135,316.3,3.616390,5.6,6.2
1788543481.999737,-32.833649,-70.122244,2979.716005,311.9,3.842808,5.5,5.7
1788543483.999734,-32.833587,-70.122324,2978.573546,313.3,5.278931,5.7,5.7
1788543485.999730,-32.833507,-70.122408,2977.820357,318.2,6.093813,5.4,5.5
1788543488.999722,-32.833397,-70.122496,2977.538303,325.1,5.160525,5.3,5.6
1788543491.999715,-32.833324,-70.122578,2977.321037,313.4,3.499939,4.9,5.4
1788543494.999707,-32.833242,-70.122658,2976.838458,318.1,3.592741,4.7,5.1
1788543500.999691,-32.833205,-70.122690,2974.797334,302.0,0.000000,5.5,5.4
1788543500.999691,-32.833205,-70.122690,2974.797334,302.0,0.000000,5.5,5.4
1788543548.999531,-32.833211,-70.122844,2966.806709,289.7,4.956123,8.5,9.4
1788543550.999524,-32.833280,-70.123000,2962.257628,237.1,8.516142,7.2,8.8
1788543551.999520,-32.833318,-70.123128,2959.472242,248.3,10.956923,6.7,8.3
1788543552.999518,-32.833303,-70.123266,2955.050365,268.3,12.128787,6.2,7.3
1788543553.999514,-32.833341,-70.123423,2949.572496,255.8,14.467806,5.4,6.7
1788543554.999510,-32.833399,-70.123591,2946.176630,253.3,16.040225,5.1,6.6
1788543555.999508,-32.833373,-70.123761,2943.885342,274.5,15.661067,3.0,4.7
1788543556.999504,-32.833319,-70.123970,2942.059395,283.8,17.747669,3.8,5.9
1788543557.999500,-32.833336,-70.124128,2938.254737,269.1,16.638365,3.1,4.9
1788543558.999497,-32.833415,-70.124192,2934.087794,241.1,12.196857,4.1,5.2
1788543559.999494,-32.833494,-70.124313,2934.300897,232.4,12.758712,4.6,5.6
1788543561.999487,-32.833465,-70.124476,2930.534357,277.5,7.309979,4.9,5.7
1788543567.999981,-32.833473,-70.124463,2926.566014,273.5,0.000000,6.2,6.9
1788543567.999981,-32.833473,-70.124463,2926.566014,273.5,0.000000,6.2,6.9
1788543628.999846,-32.833460,-70.124435,2924.124640,273.5,0.000000,9.5,10.0
1788543638.999813,-32.833421,-70.124539,2921.120129,308.4,1.580868,8.0,9.0
1788543648.999780,-32.833400,-70.124656,2921.696873,288.1,3.829248,7.2,8.3
1788543650.999773,-32.833398,-70.124781,2920.395564,269.7,5.869996,6.9,7.9
1788543652.999766,-32.833391,-70.124967,2915.379059,268.3,8.714776,5.8,7.5
1788543653.999763,-32.833413,-70.125084,2912.817190,258.6,10.485370,5.0,7.0
1788543654.999760,-32.833434,-70.125205,2909.727776,259.0,11.319757,4.7,7.2
1788543655.999757,-32.833486,-70.125296,2907.140377,241.9,11.268907,3.8,6.2
1788543656.999754,-32.833579,-70.125412,2907.168052,223.3,12.603522,3.2,5.6
1788543657.999750,-32.833683,-70.125425,2902.523050,204.3,12.298849,3.4,5.1
1788543658.999747,-32.833797,-70.125471,2902.048247,201.4,12.968986,3.5,5.2
1788543659.999743,-32.833899,-70.125556,2897.564032,214.9,13.406010,3.0,4.3
1788543660.999740,-32.833973,-70.125688,2894.003435,232.0,14.155694,3.8,6.2
1788543661.999737,-32.834019,-70.125852,2891.636369,244.2,15.045286,3.0,5.5
1788543662.999734,-32.834090,-70.125987,2888.048367,237.0,15.649087,3.2,5.5
1788543663.999730,-32.834193,-70.126129,2887.095833,229.7,16.584007,5.2,8.6
1788543664.999727,-32.834274,-70.126258,2883.514791,234.1,16.419759,5.3,8.9
1788543665.999723,-32.834316,-70.126405,2878.267405,246.0,16.443043,4.7,7.8
1788543666.999721,-32.834362,-70.126565,2874.472744,249.1,16.747639,5.9,9.2
1788543667.999717,-32.834430,-70.126705,2871.041211,243.6,16.664213,6.1,9.4
1788543668.999713,-32.834512,-70.126816,2866.237338,238.1,16.295734,6.5,9.4
1788543669.999711,-32.834573,-70.126995,2866.618918,243.6,16.918141,8.7,11.8
1788543670.999706,-32.834648,-70.127131,2865.473851,240.2,15.845061,8.0,10.0
1788543671.999704,-32.834726,-70.127255,2865.972268,235.4,14.453147,5.2,6.0
1788543672.999700,-32.834783,-70.127369,2867.216359,237.6,12.969941,4.3,4.8
1788543673.999697,-32.834822,-70.127484,2867.167303,245.1,12.413481,4.3,4.6
1788543674.999694,-32.834876,-70.127572,2869.408549,236.0,10.587918,4.1,4.3
1788543680.999673,-32.834906,-70.127506,2868.222665,116.9,0.000000,5.5,5.4
1788543680.999673,-32.834906,-70.127506,2868.222665,116.9,0.000000,5.5,5.4
1788543692.000160,-32.834998,-70.127528,2866.297408,145.4,1.430896,5.7,5.6
1788543703.000130,-32.834980,-70.127402,2865.117029,72.4,1.987514,5.6,6.2
1788543713.000067,-32.834974,-70.127269,2861.876049,96.4,1.318071,7.0,7.0
1788543728.999990,-32.834975,-70.127161,2867.002085,87.9,2.303195,6.5,6.8
1788543734.999965,-32.834962,-70.127064,2868.453419,77.1,0.000000,5.6,6.2
1788543734.999965,-32.834962,-70.127064,2868.453419,77.1,0.000000,5.6,6.2
1788543741.999936,-32.834962,-70.126956,2862.380506,78.9,1.861468,6.0,6.8
1788543747.999914,-32.834969,-70.126829,2872.271947,89.5,1.867683,6.8,6.8
1788543752.999894,-32.834967,-70.126712,2876.423206,98.5,2.040510,6.8,6.8
1788543758.999871,-32.834958,-70.126585,2880.722951,83.8,0.000000,6.0,6.7
1788543758.999871,-32.834958,-70.126585,2880.722951,83.8,0.000000,6.0,6.7
1788543764.999849,-32.834957,-70.126466,2883.618258,85.9,2.091269,5.5,6.3
1788543770.999827,-32.834965,-70.126351,2887.193762,91.8,0.000000,5.2,5.9
1788543770.999827,-32.834965,-70.126351,2887.193762,91.8,0.000000,5.2,5.9
1788543776.999805,-32.834957,-70.126239,2889.791770,84.8,1.891106,5.3,5.8
1788543782.999783,-32.834958,-70.126117,2893.803621,89.5,1.954593,5.0,5.9
1788543788.999760,-32.834957,-70.125999,2895.921472,88.0,1.849506,5.5,6.3
1788543794.999739,-32.834954,-70.125878,2901.017448,90.1,1.983952,5.1,6.1
1788543800.999716,-32.834966,-70.125760,2909.106341,104.1,2.480440,6.5,7.0
1788543806.999694,-32.834958,-70.125719,2907.627604,89.7,0.000000,6.1,7.4
1788543806.999694,-32.834958,-70.125719,2907.627604,89.7,0.000000,6.1,7.4
1788543809.999683,-32.834959,-70.125603,2912.811414,96.1,1.937619,5.9,7.1
1788543816.000175,-32.834945,-70.125491,2915.513704,83.5,1.981691,6.7,7.2
1788543822.000164,-32.834937,-70.125377,2919.647784,87.6,1.996566,6.0,8.0
1788543829.000143,-32.834935,-70.125257,2923.340696,90.3,2.059250,7.0,9.3
1788543835.000097,-32.834926,-70.125126,2926.603103,88.8,0.000000,6.5,9.8
1788543835.000097,-32.834926,-70.125126,2926.603103,88.8,0.000000,6.5,9.8
1788543841.000056,-32.834936,-70.125012,2929.967408,84.4,1.900437,7.9,9.6
1788543847.000021,-32.834932,-70.124895,2934.236707,84.7,1.924690,7.2,8.6
1788543852.999989,-32.834940,-70.124779,2938.390507,95.2,1.919639,6.7,8.2
1788543860.999951,-32.834933,-70.124626,2943.344551,89.5,1.913154,6.7,7.6
1788543866.999923,-32.834934,-70.124514,2947.452653,92.5,1.839182,6.0,6.9
1788543872.999897,-32.834932,-70.124392,2948.957135,94.9,1.847186,5.4,6.5
1788543879.999867,-32.834942,-70.124249,2952.378240,92.6,2.006915,5.7,6.6
1788543885.999842,-32.834936,-70.124122,2953.280566,90.0,0.000000,6.1,7.3
1788543885.999842,-32.834936,-70.124122,2953.280566,90.0,0.000000,6.1,7.3
1788543891.999817,-32.834923,-70.123998,2955.245250,86.3,2.006606,6.4,7.1
1788543897.999792,-32.834923,-70.123880,2956.352071,89.1,0.000000,6.2,7.0
1788543897.999792,-32.834923,-70.123880,2956.352071,89.1,0.000000,6.2,7.0
1788543903.999767,-32.834913,-70.123751,2957.333452,86.7,1.832792,6.0,7.0
1788543909.999743,-32.834912,-70.123629,2959.202616,89.7,1.895039,6.6,7.2
1788543914.999723,-32.834904,-70.123520,2961.263112,88.1,1.949499,5.8,7.2
1788543921.999694,-32.834912,-70.123395,2963.670365,86.9,1.870474,6.8,8.0
1788543927.999670,-32.834895,-70.123274,2964.994721,82.4,2.001354,5.1,7.7
1788543933.999646,-32.834894,-70.123153,2968.442876,83.2,0.000000,6.1,8.0
1788543933.999646,-32.834894,-70.123153,2968.442876,83.2,0.000000,6.1,8.0
1788543939.999621,-32.834899,-70.123042,2972.349568,89.2,2.030161,5.7,7.4
1788543946.000017,-32.834891,-70.122932,2975.824071,79.2,0.000000,6.2,7.3
1788543946.000017,-32.834891,-70.122932,2975.824071,79.2,0.000000,6.2,7.3
1788543952.000011,-32.834915,-70.122820,2978.316424,105.5,1.533931,5.9,7.9
1788543957.999994,-32.834898,-70.122693,2979.569480,86.1,1.997892,6.1,7.9
1788543963.999971,-32.834900,-70.122581,2979.730235,83.6,0.000000,5.4,8.0
1788543968.999951,-32.834897,-70.122457,2980.988584,90.5,1.997756,5.9,8.2
1788543974.999927,-32.834890,-70.122322,2982.984990,87.3,2.244581,5.5,7.4
1788543980.999903,-32.834886,-70.122233,2984.655173,90.1,0.000000,5.0,7.3
1788543980.999903,-32.834886,-70.122233,2984.655173,90.1,0.000000,5.0,7.3
1788543986.999877,-32.834893,-70.122088,2986.680861,86.9,1.981699,5.5,7.3
1788543993.999848,-32.834901,-70.121952,2987.119195,86.0,2.053369,5.5,7.1
1788543999.999824,-32.834888,-70.121821,2988.603582,86.4,0.000000,6.3,7.5
1788543999.999824,-32.834888,-70.121821,2988.603582,86.4,0.000000,6.3,7.5
1788544006.999796,-32.834891,-70.121679,2989.822263,92.5,2.192408,6.0,7.0
1788544012.999771,-32.834888,-70.121558,2989.807396,90.9,0.000000,6.3,7.8
1788544012.999771,-32.834888,-70.121558,2989.807396,90.9,0.000000,6.3,7.8
1788544018.999746,-32.834881,-70.121447,2991.105458,76.6,1.848169,6.1,7.3
1788544025.999718,-32.834894,-70.121315,2994.159009,96.8,1.836855,6.2,8.0
1788544032.999689,-32.834906,-70.121187,2993.264752,101.3,1.619265,5.0,7.3
1788544037.999674,-32.834892,-70.121065,2995.366159,82.5,2.524540,6.4,7.2
1788544043.999657,-32.834921,-70.120965,2993.045849,157.8,0.000000,5.9,6.7
1788544043.999657,-32.834921,-70.120965,2993.045849,157.8,0.000000,5.9,6.7
1788544057.999607,-32.835022,-70.121000,2994.657820,181.2,1.835635,5.7,6.2
1788544063.999584,-32.835112,-70.121010,2994.743106,185.1,1.532049,5.4,5.7
1788544070.000021,-32.835214,-70.121073,2993.974841,206.4,3.667137,4.7,5.4
1788544073.000018,-32.835323,-70.121144,2993.134495,210.3,4.215241,5.0,5.3
1788544076.000019,-32.835375,-70.121235,2994.051731,243.2,3.607452,4.7,5.4
1788544080.000021,-32.835440,-70.121353,2993.145780,230.3,3.621509,4.6,5.3
1788544084.000009,-32.835487,-70.121463,2991.845167,252.2,3.369133,4.2,5.3
1788544086.000000,-32.835505,-70.121572,2990.235283,254.4,5.338574,4.3,5.5
1788544087.999991,-32.835543,-70.121683,2989.663641,253.3,5.421185,4.6,5.4
1788544090.999978,-32.835419,-70.121773,2985.241365,350.2,5.858348,4.9,5.7
1788544092.999969,-32.835308,-70.121784,2984.052747,348.9,6.679653,5.5,6.3
1788544094.999961,-32.835190,-70.121832,2982.784526,343.8,6.904616,5.1,6.1
1788544096.999953,-32.835113,-70.121889,2983.492544,321.1,5.174915,5.6,6.1
1788544099.999940,-32.835122,-70.122040,2982.819957,253.6,5.326305,5.2,5.5
1788544101.999932,-32.835214,-70.122164,2978.719545,228.0,8.011412,5.1,5.8
1788544103.999923,-32.835323,-70.122215,2975.960125,203.1,6.409903,4.4,4.8
1788544105.999915,-32.835396,-70.122309,2977.932273,237.6,6.089707,4.4,4.8
1788544107.999907,-32.835336,-70.122425,2977.203322,303.7,6.306936,3.9,5.3
1788544110.999894,-32.835221,-70.122496,2974.964514,330.0,4.704075,3.9,5.4
1788544114.999878,-32.835173,-70.122624,2974.447953,273.2,3.787374,4.8,5.4
1788544117.999865,-32.835258,-70.122748,2971.597536,218.4,5.836985,4.9,5.3
1788544119.999858,-32.835379,-70.122731,2970.519576,170.0,6.417148,4.5,5.1
1788544125.999833,-32.835409,-70.122682,2969.259612,109.1,0.000000,5.1,5.3
1788544125.999833,-32.835409,-70.122682,2969.259612,109.1,0.000000,5.1,5.3
1788544129.999817,-32.835330,-70.122787,2969.178668,321.6,3.498365,5.0,5.2
1788544135.999792,-32.835257,-70.122881,2969.339374,303.2,0.000000,5.1,5.6
1788544135.999792,-32.835257,-70.122881,2969.339374,303.2,0.000000,5.1,5.6
1788544138.999780,-32.835205,-70.122995,2968.051928,301.0,4.486949,4.9,5.4
1788544141.999768,-32.835148,-70.123082,2966.887602,301.0,3.113323,4.8,5.3
1788544144.999755,-32.835168,-70.123256,2960.121613,245.4,6.752231,4.5,5.3
1788544146.999747,-32.835283,-70.123373,2953.682781,219.5,8.788589,4.7,5.5
1788544148.999740,-32.835418,-70.123449,2952.769136,205.0,8.394147,4.4,4.8
1788544150.999731,-32.835406,-70.123627,2950.326469,283.3,7.816571,3.6,4.3
1788544152.999724,-32.835289,-70.123716,2948.808787,328.9,7.259042,4.4,4.7
1788544154.999715,-32.835230,-70.123832,2945.173761,283.0,6.824011,4.4,4.7
1788544156.999706,-32.835339,-70.123893,2941.889717,195.3,5.899280,4.3,4.3
1788544159.999694,-32.835450,-70.123916,2942.072530,194.6,4.094391,4.4,4.6
1788544165.999670,-32.835450,-70.123976,2941.138543,267.9,0.000000,4.6,5.1
1788544165.999670,-32.835450,-70.123976,2941.138543,267.9,0.000000,4.6,5.1
1788544186.999585,-32.835481,-70.124102,2939.453984,253.3,4.151986,4.1,5.4
1788544188.999577,-32.835467,-70.124281,2933.062217,283.6,9.033208,4.2,5.4
1788544189.999572,-32.835416,-70.124377,2930.583396,297.5,10.227192,4.3,4.8
1788544190.999569,-32.835361,-70.124470,2930.474675,302.0,10.368598,4.2,4.3
1788544192.999559,-32.835241,-70.124606,2931.337121,316.8,9.063879,5.1,5.1
1788544196.000067,-32.835196,-70.124732,2932.173005,270.0,4.906788,4.8,4.6
1788544198.000073,-32.835297,-70.124835,2924.638893,220.9,7.756213,4.0,4.3
1788544200.000067,-32.835431,-70.124870,2922.098842,188.3,6.956781,4.9,5.0
1788544206.000061,-32.835488,-70.124903,2924.681372,122.9,0.000000,4.8,5.3
1788544206.000061,-32.835488,-70.124903,2924.681372,122.9,0.000000,4.8,5.3
1788544243.999877,-32.835394,-70.124963,2918.090165,336.4,2.994759,7.4,7.3
1788544246.999864,-32.835317,-70.125053,2916.231640,314.6,4.257122,7.2,7.0
1788544249.999850,-32.835247,-70.125125,2915.623470,317.1,3.240121,7.6,7.2
1788544253.999834,-32.835180,-70.125213,2914.891018,309.5,2.601372,6.4,6.8
1788544259.999808,-32.835152,-70.125334,2913.441341,272.1,0.000000,6.8,6.6
1788544259.999808,-32.835152,-70.125334,2913.441341,272.1,0.000000,6.8,6.6
1788544261.999800,-32.835168,-70.125505,2905.631432,261.7,8.449458,6.1,6.2
1788544262.999796,-32.835192,-70.125621,2901.749749,257.3,10.674448,6.5,7.3
1788544263.999791,-32.835214,-70.125771,2898.253032,257.5,12.993915,6.4,6.8
1788544264.999786,-32.835249,-70.125930,2893.638981,255.6,14.970189,8.5,9.4
1788544265.999782,-32.835282,-70.126113,2892.999295,256.0,16.459216,8.2,9.7
1788544266.999777,-32.835322,-70.126297,2886.047584,255.3,17.955447,7.5,8.3
1788544267.999773,-32.835374,-70.126501,2879.958721,254.5,19.565438,7.2,8.9
1788544268.999770,-32.835411,-70.126715,2874.222487,256.4,20.346419,4.7,6.6
1788544269.999765,-32.835455,-70.126923,2872.335280,256.4,20.302885,3.2,5.7
1788544270.999761,-32.835515,-70.127067,2867.273582,252.5,18.635639,4.6,8.0
1788544271.999756,-32.835554,-70.127194,2870.962860,251.9,16.245105,6.9,7.4
1788544272.999752,-32.835595,-70.127382,2873.128515,252.5,16.642538,5.9,6.2
1788544273.999748,-32.835628,-70.127547,2874.825003,254.5,16.257716,4.2,4.5
1788544274.999744,-32.835650,-70.127686,2872.778350,259.6,14.647160,3.3,3.3
1788544275.999740,-32.835654,-70.127825,2873.762523,264.5,13.537646,4.3,4.3
1788544276.999734,-32.835653,-70.127963,2875.170827,268.1,12.950091,4.9,4.6
1788544277.999731,-32.835658,-70.128076,2873.999940,269.4,11.920433,6.4,6.3
1788544278.999727,-32.835633,-70.128204,2876.014701,278.2,11.833143,5.7,5.6
1788544279.999723,-32.835587,-70.128316,2875.925870,291.9,11.534848,6.0,5.5
1788544280.999718,-32.835510,-70.128402,2876.600798,309.7,11.333139,7.8,7.5
1788544282.999711,-32.835390,-70.128547,2877.483376,313.8,10.012427,10.5,10.9
1788544284.999702,-32.835308,-70.128704,2879.344770,307.4,8.828836,13.2,12.5
1788544286.999693,-32.835225,-70.128838,2877.404655,308.8,8.017829,17.6,17.8
1788544288.999686,-32.835147,-70.128979,2879.885094,305.2,8.361173,15.4,15.3
1788544290.999678,-32.835113,-70.129092,2877.777541,296.8,6.545438,15.5,14.5
1788544293.999667,-32.835072,-70.129209,2875.373289,292.8,3.709639,14.2,13.9
1788544299.999642,-32.835031,-70.129296,2874.712943,302.8,0.000000,11.3,12.1
1788544299.999642,-32.835031,-70.129296,2874.712943,302.8,0.000000,11.3,12.1
1788544349.999951,-32.835033,-70.129405,2870.905884,245.4,0.293467,10.6,10.2
1788544410.999684,-32.835053,-70.129495,2875.179926,245.4,0.000000,15.6,14.7
1788544437.999567,-32.835130,-70.129427,2875.472953,138.8,1.332511,3.0,16.8
1788544444.999540,-32.835207,-70.129352,2877.051531,138.8,1.798000,3.0,49.6
1788546817.000091,-32.835113,-70.130029,2869.403498,232.1,1.694949,9.0,12.7
1788546823.000097,-32.835169,-70.130154,2869.892428,245.2,2.981359,8.1,10.6
1788546827.000102,-32.835196,-70.130281,2867.873181,257.0,3.071502,6.9,9.9
1788546830.000105,-32.835228,-70.130409,2868.329713,250.5,3.687173,7.6,9.8
1788546834.000110,-32.835257,-70.130530,2866.987733,253.5,2.820863,8.2,9.0
1788546839.000115,-32.835270,-70.130648,2868.283368,262.2,2.137710,7.4,8.1
1788546845.000123,-32.835295,-70.130749,2867.874025,249.7,0.000000,7.0,7.4
1788546845.000123,-32.835295,-70.130749,2867.874025,249.7,0.000000,7.0,7.4
1788546853.000133,-32.835326,-70.130853,2867.804307,244.7,0.000000,6.5,7.3
1788546859.000141,-32.835355,-70.130958,2867.379980,259.9,0.000000,8.1,8.1
1788546863.000146,-32.835387,-70.131075,2866.656611,254.2,3.116728,7.4,8.3
1788546866.000149,-32.835416,-70.131208,2865.143392,260.7,4.527627,7.4,7.9
1788546868.000152,-32.835452,-70.131316,2865.010728,251.3,4.942866,7.1,7.8
1788546871.000156,-32.835530,-70.131412,2862.484538,226.3,3.762365,6.4,7.8
1788546876.000012,-32.835617,-70.131474,2862.258483,220.2,2.383883,6.5,8.0
1788546882.000014,-32.835610,-70.131542,2861.183029,301.0,0.000000,7.4,7.0
1788546882.000014,-32.835610,-70.131542,2861.183029,301.0,0.000000,7.4,7.0
1788546890.000020,-32.835532,-70.131613,2860.577987,350.2,0.818318,8.2,7.6
1788546907.000029,-32.835505,-70.131718,2860.198409,310.9,0.000000,8.3,7.9
1788546920.000041,-32.835466,-70.131848,2860.222524,293.2,2.716486,6.4,7.3
1788546926.000048,-32.835439,-70.131953,2859.195248,294.1,0.000000,4.9,6.7
1788546926.000048,-32.835439,-70.131953,2859.195248,294.1,0.000000,4.9,6.7
1788546932.000054,-32.835412,-70.132074,2861.007073,293.9,2.229085,5.5,6.6
1788546938.000062,-32.835389,-70.132196,2862.208998,277.3,0.000000,5.6,6.4
1788546938.000062,-32.835389,-70.132196,2862.208998,277.3,0.000000,5.6,6.4
1788546943.000067,-32.835360,-70.132299,2864.475885,295.8,1.705106,5.7,6.6
1788546948.000074,-32.835339,-70.132405,2865.909024,285.7,1.885285,6.2,7.2
1788546954.000081,-32.835307,-70.132529,2867.713057,292.1,2.005819,7.0,7.6
1788546959.000087,-32.835271,-70.132627,2870.206429,293.5,2.181980,6.5,7.3
1788546965.000095,-32.835248,-70.132741,2874.037612,286.4,0.000000,7.1,7.3
1788546965.000095,-32.835248,-70.132741,2874.037612,286.4,0.000000,7.1,7.3
1788546971.000101,-32.835221,-70.132856,2881.200919,286.6,2.336168,6.7,7.0
1788546977.000108,-32.835203,-70.132927,2884.175546,278.6,0.000000,8.2,7.1
1788546977.000108,-32.835203,-70.132927,2884.175546,278.6,0.000000,8.2,7.1
1788546983.000117,-32.835172,-70.133048,2891.845311,288.5,1.803687,7.6,6.6
1788546990.000124,-32.835145,-70.133165,2899.351584,288.0,1.920029,6.1,6.0
1788546997.000134,-32.835111,-70.133283,2907.541968,280.7,1.825845,5.8,6.1
1788547004.000113,-32.835087,-70.133390,2914.799417,281.3,1.936168,5.8,6.3
1788547011.000106,-32.835061,-70.133505,2921.456389,285.9,2.044903,5.0,5.8
1788547017.000094,-32.835033,-70.133617,2922.956608,284.3,0.000000,5.2,5.8
1788547017.000094,-32.835033,-70.133617,2922.956608,284.3,0.000000,5.2,5.8
1788547023.000086,-32.835007,-70.133733,2925.068833,284.9,1.969925,5.1,5.6
1788547029.000084,-32.834979,-70.133847,2927.088466,287.9,1.691913,5.1,5.8
1788547035.000083,-32.834949,-70.133968,2929.562398,288.6,1.855846,5.5,6.0
1788547041.000084,-32.834920,-70.134083,2932.101303,285.5,1.898048,6.0,6.4
1788547047.000087,-32.834886,-70.134191,2933.568985,288.2,1.546418,6.0,6.6
1788547052.000090,-32.834864,-70.134298,2937.095039,283.2,2.101689,6.0,6.7
1788547058.000095,-32.834835,-70.134417,2940.889634,287.3,0.000000,6.6,7.1
1788547058.000095,-32.834835,-70.134417,2940.889634,287.3,0.000000,6.6,7.1
1788547064.000100,-32.834806,-70.134550,2947.456785,283.0,2.045776,6.0,6.7
1788547070.000105,-32.834778,-70.134666,2952.740908,285.0,0.000000,6.6,7.0
1788547070.000105,-32.834778,-70.134666,2952.740908,285.0,0.000000,6.6,7.0
1788547076.000110,-32.834751,-70.134772,2956.890654,284.0,2.007998,6.3,6.8
1788547082.000116,-32.834725,-70.134862,2956.255207,283.7,0.000000,6.0,6.5
1788547082.000116,-32.834725,-70.134862,2956.255207,283.7,0.000000,6.0,6.5
1788547088.000121,-32.834694,-70.134977,2958.601744,288.6,1.573831,5.9,6.4
1788547094.000127,-32.834671,-70.135095,2962.557801,286.8,0.000000,5.8,6.3
1788547099.000131,-32.834645,-70.135200,2964.460880,285.7,1.747025,5.6,6.1
1788547105.000137,-32.834618,-70.135321,2968.326562,283.8,2.208951,5.9,6.4
1788547111.000143,-32.834593,-70.135415,2970.330752,284.4,0.000000,6.8,7.2
1788547111.000143,-32.834593,-70.135415,2970.330752,284.4,0.000000,6.8,7.2
1788547116.000147,-32.834567,-70.135524,2973.783551,285.8,1.836037,7.2,7.7
1788547122.000153,-32.834538,-70.135639,2973.874733,287.0,1.935185,7.1,7.6
1788547128.000159,-32.834508,-70.135768,2975.473866,284.1,2.109263,6.7,7.2
1788547134.000151,-32.834481,-70.135864,2976.222255,284.3,0.000000,6.4,6.7
1788547134.000151,-32.834481,-70.135864,2976.222255,284.3,0.000000,6.4,6.7
1788547139.000134,-32.834454,-70.135980,2978.241681,282.3,2.192603,6.1,6.5
1788547145.000119,-32.834425,-70.136097,2979.482402,285.4,0.000000,6.4,6.5
1788547145.000119,-32.834425,-70.136097,2979.482402,285.4,0.000000,6.4,6.5
1788547151.000111,-32.834397,-70.136218,2982.003641,286.4,1.822209,6.5,6.8
1788547157.000105,-32.834370,-70.136335,2983.986573,285.4,1.890059,6.6,6.9
1788547163.000104,-32.834342,-70.136444,2985.182977,287.4,1.619236,7.0,7.1
1788547169.000104,-32.834315,-70.136571,2988.251210,285.6,1.889156,7.1,7.6
1788547175.000104,-32.834288,-70.136673,2990.903290,285.7,0.000000,7.3,8.2
1788547180.000105,-32.834260,-70.136789,2993.899295,284.1,1.680350,7.5,8.1
1788547185.000107,-32.834242,-70.136946,2992.696924,261.5,3.683599,7.1,8.2
1788547189.000109,-32.834326,-70.137014,2993.062399,192.1,2.451130,7.6,7.9
1788547195.000111,-32.834403,-70.137030,2992.947758,192.1,0.000000,7.4,7.3
1788547195.000111,-32.834403,-70.137030,2992.947758,192.1,0.000000,7.4,7.3
1788547200.000114,-32.834507,-70.137059,2989.853318,190.2,2.661813,6.8,6.9
1788547204.000115,-32.834605,-70.137061,2989.639090,172.7,2.133449,6.6,6.9
1788547208.000117,-32.834708,-70.137086,2990.989150,190.3,2.407064,6.6,7.2
1788547212.000119,-32.834801,-70.137081,2990.949346,178.2,2.629909,6.6,7.4
1788547216.000122,-32.834905,-70.137096,2990.631242,193.8,2.726867,6.3,7.1
1788547220.000123,-32.834999,-70.137112,2990.656632,186.6,2.575519,6.1,7.1
1788547224.000126,-32.835100,-70.137122,2990.293797,184.7,2.484862,6.0,6.8
1788547227.000127,-32.835194,-70.137138,2990.332119,193.0,3.645910,5.8,6.6
1788547231.000129,-32.835298,-70.137179,2989.312296,207.0,2.468121,6.3,6.9
1788547237.000133,-32.835399,-70.137209,2990.683497,198.9,0.000000,7.0,7.5
1788547237.000133,-32.835399,-70.137209,2990.683497,198.9,0.000000,7.0,7.5
1788547240.000134,-32.835490,-70.137239,2988.992584,194.9,3.220345,6.8,7.3
1788547244.000136,-32.835578,-70.137265,2987.589691,194.5,2.524587,6.8,7.1
1788547247.000138,-32.835670,-70.137292,2986.801858,194.0,3.656866,6.2,7.2
1788547249.000139,-32.835756,-70.137331,2986.733280,200.8,4.962736,5.8,7.2
1788547252.000141,-32.835876,-70.137386,2986.598858,200.4,4.813078,6.0,7.0
1788547254.000152,-32.835962,-70.137422,2986.301041,199.1,5.003887,6.1,7.2
1788547257.000145,-32.836072,-70.137472,2986.374011,203.9,4.202353,6.3,7.6
1788547262.000129,-32.836170,-70.137500,2985.715168,191.2,0.000000,6.5,7.4
1788547262.000129,-32.836170,-70.137500,2985.715168,191.2,0.000000,6.5,7.4
1788547269.000108,-32.836263,-70.137534,2985.013243,204.4,1.165722,8.8,9.0
1788547276.000093,-32.836351,-70.137571,2986.757240,196.0,1.756337,8.2,9.6
1788547309.000073,-32.836448,-70.137597,2982.724670,231.6,1.505064,11.4,10.6
1788547315.000073,-32.836500,-70.137697,2981.671714,250.9,1.984931,9.6,9.6
1788547323.000074,-32.836540,-70.137811,2979.995020,239.3,2.066301,9.4,9.1
1788547327.000074,-32.836584,-70.137911,2980.767329,249.1,2.338199,9.1,8.9
1788547331.000074,-32.836678,-70.138000,2976.859515,215.0,4.287907,9.3,9.3
1788547333.000075,-32.836784,-70.138008,2973.485011,174.8,5.971396,7.9,9.4
1788547335.000075,-32.836896,-70.137880,2968.852654,137.1,8.061122,10.0,10.2
1788547337.000076,-32.837038,-70.137896,2969.079527,198.7,7.521265,8.0,8.5
1788547339.000076,-32.837050,-70.138009,2969.330782,263.3,4.975727,9.1,9.6
1788547345.000076,-32.837067,-70.138080,2966.991956,207.6,0.000000,12.0,11.8
1788547345.000076,-32.837067,-70.138080,2966.991956,207.6,0.000000,12.0,11.8
1788547356.000083,-32.837135,-70.138166,2967.033163,225.0,1.541359,12.6,12.9
1788547368.000095,-32.837233,-70.138206,2965.047841,181.9,4.535164,12.5,12.7
1788547370.000096,-32.837380,-70.138192,2960.257864,171.3,7.698845,15.2,15.9
1788547376.000100,-32.837412,-70.138168,2959.321386,169.9,0.000000,17.6,15.1
1788547376.000100,-32.837412,-70.138168,2959.321386,169.9,0.000000,17.6,15.1
1788547386.000116,-32.837522,-70.138146,2956.796581,168.1,2.962017,14.7,13.8
1788547389.000110,-32.837590,-70.138254,2954.355448,262.4,4.421964,12.7,13.2
1788547392.000099,-32.837593,-70.138409,2954.267441,261.3,5.028014,10.5,12.2
1788547394.000092,-32.837605,-70.138551,2953.032128,258.9,6.128595,10.4,11.5
1788547396.000085,-32.837612,-70.138670,2953.734050,259.4,5.067871,10.2,11.6
1788547400.000074,-32.837665,-70.138780,2952.623028,235.4,3.158660,9.8,10.5
1788547403.000067,-32.837718,-70.138886,2951.010849,239.9,3.553186,11.4,11.8
1788547406.000061,-32.837865,-70.138922,2943.728554,173.9,7.008161,11.8,12.7
1788547407.000060,-32.837956,-70.138895,2939.812249,168.9,9.286066,12.7,13.8
1788547408.000059,-32.838062,-70.138870,2935.839133,169.1,11.275027,11.9,13.4
1788547409.000057,-32.838177,-70.138843,2932.933783,168.9,12.494034,13.0,13.0
1788547410.000056,-32.838282,-70.138796,2933.110200,162.8,12.540641,11.1,11.2
1788547411.000054,-32.838379,-70.138755,2931.925314,159.9,11.798390,10.3,10.2
1788547413.000053,-32.838532,-70.138663,2932.914278,155.7,9.856374,9.1,9.0
1788547415.000050,-32.838710,-70.138743,2928.922801,201.8,10.926034,9.8,11.5
1788547416.000049,-32.838803,-70.138827,2926.801762,214.8,12.214793,11.9,14.8
1788547417.000048,-32.838858,-70.138932,2923.827767,227.9,12.402303,10.3,12.8
1788547418.000048,-32.838922,-70.139051,2925.223921,236.2,12.895762,11.7,16.2
1788547419.000046,-32.838955,-70.139164,2926.144970,245.8,11.994912,12.0,13.6
1788547421.000044,-32.838972,-70.139343,2922.296735,264.9,8.863587,9.6,9.8
1788547423.000043,-32.839038,-70.139451,2920.489290,222.8,6.478916,9.6,9.9
1788547425.000042,-32.839142,-70.139394,2915.526791,154.3,5.905029,9.7,10.5
1788547427.000041,-32.839230,-70.139298,2912.500968,145.8,6.781376,11.9,11.8
1788547429.000041,-32.839351,-70.139321,2913.083333,202.9,6.916625,10.5,11.3
1788547431.000040,-32.839417,-70.139469,2909.803015,243.8,7.461510,9.3,9.5
1788547433.000038,-32.839473,-70.139592,2910.808449,236.9,6.544135,11.5,10.0
1788547439.000037,-32.839559,-70.139541,2906.540817,187.9,0.000000,13.2,10.9
1788547439.000037,-32.839559,-70.139541,2906.540817,187.9,0.000000,13.2,10.9
1788547454.000034,-32.839643,-70.139587,2901.576718,239.4,0.691389,12.9,11.3
1788547501.000029,-32.839728,-70.139637,2898.185322,219.9,3.425613,11.7,12.2
1788547503.000030,-32.839799,-70.139711,2894.806603,218.6,5.535072,11.7,12.1
1788547505.000126,-32.839944,-70.139657,2887.889226,164.7,8.307307,9.5,11.8
1788547506.000130,-32.840033,-70.139678,2884.023909,186.6,9.602133,11.4,13.9
1788547507.000129,-32.840125,-70.139757,2882.926353,210.5,10.979021,8.0,11.6
1788547509.000130,-32.840323,-70.139793,2874.177363,179.3,12.834177,10.1,10.8
1788547510.000128,-32.840446,-70.139804,2871.994787,185.1,13.532979,13.7,14.1
1788547511.000131,-32.840558,-70.139881,2870.436862,203.5,13.867664,10.7,12.0
1788547512.000131,-32.840689,-70.139916,2871.132076,195.4,14.137900,9.2,9.7
1788547513.000128,-32.840817,-70.139877,2869.177911,176.1,14.216174,14.2,12.9
1788547514.000128,-32.840930,-70.139874,2864.796824,179.9,13.594075,11.1,9.4
1788547515.000125,-32.841039,-70.139922,2862.714275,192.1,13.070781,10.3,8.7
1788547516.000121,-32.841152,-70.139926,2859.187150,182.1,13.139660,11.0,8.9
1788547517.000120,-32.841276,-70.139897,2857.379464,177.0,13.465498,10.9,8.8
1788547518.000120,-32.841399,-70.139920,2853.997344,184.5,13.653816,8.3,7.0
1788547519.000117,-32.841514,-70.139878,2851.845964,169.9,13.422685,11.0,9.0
1788547520.000114,-32.841612,-70.139904,2850.938513,187.9,11.679662,10.5,9.5
1788547522.000109,-32.841722,-70.139954,2850.366499,183.8,6.722074,9.7,8.3
1788547528.000096,-32.841776,-70.139935,2850.147601,184.3,0.000000,11.4,9.3
1788547528.000096,-32.841776,-70.139935,2850.147601,184.3,0.000000,11.4,9.3
1788547539.000081,-32.841873,-70.139940,2849.450324,203.8,0.645188,11.2,10.8
1788547561.000064,-32.841966,-70.139994,2847.529961,208.0,0.000000,11.4,12.1
1788547563.000062,-32.842067,-70.140036,2843.991563,209.7,5.539469,10.0,11.8
1788547569.000059,-32.842156,-70.140123,2842.274078,201.2,0.000000,10.5,11.6
1788547569.000059,-32.842156,-70.140123,2842.274078,201.2,0.000000,10.5,11.6
1788547571.000057,-32.842295,-70.140141,2837.171642,189.8,7.467517,10.6,11.6
1788547573.000056,-32.842474,-70.140193,2832.244928,192.8,10.357669,9.5,10.8
1788547574.000056,-32.842570,-70.140185,2828.234805,178.1,10.888887,9.3,10.5
1788547575.000055,-32.842668,-70.140150,2824.714811,168.8,11.435860,12.1,15.2
1788547576.000056,-32.842775,-70.140153,2823.874380,179.2,11.759011,15.3,17.1
1788547577.000055,-32.842880,-70.140116,2819.623560,167.2,12.042794,12.4,13.6
1788547578.000054,-32.843006,-70.140067,2820.420994,164.8,12.886930,17.6,16.9
1788547580.000053,-32.843140,-70.140000,2818.703968,151.7,8.606951,12.3,11.3
1788547582.000052,-32.843259,-70.139935,2814.832304,152.2,8.432951,11.6,11.5
1788547583.000052,-32.843349,-70.139894,2812.247053,160.4,9.600382,13.1,13.8
1788547584.000051,-32.843454,-70.139866,2811.277927,166.2,10.687713,11.6,10.7
1788547586.000051,-32.843600,-70.139815,2812.894160,164.0,8.962965,10.1,9.3
1788547588.000050,-32.843730,-70.139818,2811.372571,187.8,6.818475,10.6,10.2
1788547591.000048,-32.843825,-70.139821,2813.687527,165.0,2.337018,9.5,8.7
1788547596.000047,-32.843845,-70.139935,2811.124143,281.6,0.000000,8.7,8.7
1788547596.000047,-32.843845,-70.139935,2811.124143,281.6,0.000000,8.7,8.7
1788547604.000043,-32.843870,-70.140051,2802.926406,219.8,3.461939,8.2,9.1
1788547607.000042,-32.843975,-70.140016,2799.811834,175.9,3.564644,8.9,9.3
1788547610.000041,-32.844049,-70.140091,2794.928354,252.5,4.537583,8.4,9.6
1788547613.000039,-32.844029,-70.140204,2791.010341,291.6,2.757563,9.2,9.5
1788547619.000037,-32.844023,-70.140232,2789.072692,274.8,0.000000,11.6,10.3
1788547619.000037,-32.844023,-70.140232,2789.072692,274.8,0.000000,11.6,10.3
1788547639.000273,-32.844098,-70.140318,2785.647817,214.1,6.249822,13.0,12.5
1788547641.000267,-32.844198,-70.140477,2782.729089,239.1,9.362789,10.4,11.0
1788547643.000253,-32.844367,-70.140435,2776.357410,159.0,9.287990,9.6,9.3
1788547645.000239,-32.844396,-70.140321,2775.399003,114.3,4.678374,9.2,8.9
1788547649.000212,-32.844483,-70.140407,2773.970066,230.6,4.688732,8.8,8.2
1788547651.000201,-32.844523,-70.140515,2774.830701,237.3,5.191926,8.3,7.6
1788547653.000190,-32.844643,-70.140566,2771.377069,195.5,6.924144,7.6,7.4
1788547655.000180,-32.844773,-70.140505,2770.086832,156.5,7.161072,8.2,7.6
1788547657.000171,-32.844904,-70.140503,2768.651294,184.8,6.946518,6.6,6.4
1788547660.000160,-32.845012,-70.140533,2769.686803,188.1,3.709687,6.3,6.7
1788547664.000147,-32.845136,-70.140537,2766.782307,185.5,3.670047,6.0,6.4
1788547668.000136,-32.845272,-70.140517,2763.049334,146.0,5.136388,6.2,6.7
1788547672.000126,-32.845333,-70.140431,2758.697001,138.0,2.079679,7.7,7.1
1788547678.000113,-32.845341,-70.140404,2758.277344,145.2,0.000000,10.8,8.7
1788547678.000113,-32.845341,-70.140404,2758.277344,145.2,0.000000,10.8,8.7
1788547682.000105,-32.845389,-70.140307,2753.892240,121.2,3.242662,11.9,11.1
1788547685.000101,-32.845486,-70.140295,2751.829439,211.4,4.358909,11.4,12.1
1788547687.000098,-32.845555,-70.140405,2750.791855,237.7,5.736165,11.3,11.4
1788547689.000094,-32.845612,-70.140499,2750.858519,235.7,5.123911,11.6,11.1
1788547692.000090,-32.845729,-70.140551,2748.762604,182.1,4.649413,10.6,10.7
1788547694.000087,-32.845775,-70.140427,2741.861486,107.7,5.708369,10.8,10.9
1788547696.000084,-32.845764,-70.140301,2743.498885,85.7,5.471935,11.7,10.8
1788547698.000081,-32.845819,-70.140188,2744.846313,127.7,6.472090,11.0,10.6
1788547700.000079,-32.845893,-70.140261,2739.478784,216.6,4.739920,10.1,10.8
1788547706.000071,-32.845942,-70.140310,2738.648053,198.3,0.000000,11.5,10.3
1788547706.000071,-32.845942,-70.140310,2738.648053,198.3,0.000000,11.5,10.3
1788547726.000046,-32.846027,-70.140359,2736.928327,216.3,1.765548,12.0,10.6
1788547731.000041,-32.846121,-70.140427,2735.050202,211.1,2.820464,10.8,10.2
1788547735.000036,-32.846197,-70.140488,2733.578361,215.0,2.038358,10.5,9.8
1788547739.000032,-32.846288,-70.140455,2728.000354,137.1,4.471917,9.7,9.9
1788547741.000029,-32.846408,-70.140374,2724.377731,159.0,7.844528,9.9,10.5
1788547743.000027,-32.846526,-70.140442,2722.481924,201.0,7.339827,9.5,10.6
1788547745.000024,-32.846610,-70.140355,2715.471779,127.9,6.113712,6.6,9.8
1788547747.000022,-32.846634,-70.140219,2711.218151,111.0,6.736620,7.8,8.8
1788547749.000019,-32.846751,-70.140191,2711.355778,175.9,5.822371,7.2,7.9
1788547753.000015,-32.846840,-70.140264,2708.392878,206.6,3.149064,8.4,8.5
1788547756.000012,-32.846940,-70.140342,2705.060040,209.8,5.144947,8.5,8.3
1788547758.000373,-32.847076,-70.140309,2698.134068,170.6,7.862774,9.1,9.6
1788547760.000366,-32.847253,-70.140342,2692.407259,186.3,10.217142,7.9,8.4
1788547762.000353,-32.847373,-70.140224,2690.502410,136.4,7.512637,9.0,8.6
1788547765.000333,-32.847484,-70.140172,2688.741426,180.9,5.367460,7.9,7.9
1788547768.000310,-32.847570,-70.140102,2683.727881,139.1,3.760059,9.5,8.5
1788547771.000291,-32.847623,-70.140013,2678.659500,129.0,3.827701,10.8,9.2
1788547774.000260,-32.847718,-70.139990,2674.300665,189.9,4.569002,11.2,9.3
1788547776.000240,-32.847818,-70.140061,2671.651797,213.2,6.163041,10.6,9.6
1788547778.000224,-32.847924,-70.140094,2663.967377,182.4,7.170444,11.4,10.3
1788547780.000208,-32.848086,-70.140103,2655.821583,191.2,9.397711,9.3,9.2
1788547782.000194,-32.848244,-70.140055,2655.220224,169.0,8.262207,9.0,10.0
1788547788.000159,-32.848310,-70.140032,2653.383367,124.9,0.000000,11.2,8.2
1788547788.000159,-32.848310,-70.140032,2653.383367,124.9,0.000000,11.2,8.2
1788547848.999986,-32.848324,-70.140041,2652.449153,115.9,0.487517,11.1,9.3
1788547858.999965,-32.848302,-70.139933,2652.675482,83.4,1.632463,9.6,8.4
1788547864.999952,-32.848398,-70.139899,2650.492540,197.3,3.920817,8.2,8.2
1788547867.999946,-32.848500,-70.139941,2646.830173,170.2,4.451540,8.2,8.2
1788547869.999942,-32.848534,-70.139805,2642.699377,99.3,6.140033,8.8,8.6
1788547871.999938,-32.848531,-70.139686,2641.608125,87.7,5.442558,8.8,8.5
1788547875.999929,-32.848597,-70.139590,2636.813032,163.2,4.996066,9.5,8.3
1788547877.999926,-32.848711,-70.139566,2631.403373,151.2,6.898301,7.5,8.3
1788547879.999921,-32.848748,-70.139419,2630.833768,109.9,6.991395,7.9,8.3
1788547881.999917,-32.848793,-70.139271,2623.574258,96.3,7.306007,9.2,8.9
1788547884.000356,-32.848785,-70.139112,2626.292261,113.8,7.589429,10.4,9.1
1788547886.000351,-32.848824,-70.138969,2624.480905,90.4,7.008199,12.5,10.1
1788547892.000314,-32.848801,-70.138901,2618.908348,92.9,0.000000,10.6,8.0
1788547892.000314,-32.848801,-70.138901,2618.908348,92.9,0.000000,10.6,8.0
1788547895.000291,-32.848896,-70.138779,2615.801903,140.3,6.178128,10.0,8.5
1788547897.000277,-32.848844,-70.138665,2612.508441,58.8,5.960765,9.6,8.5
1788547899.000252,-32.848925,-70.138528,2610.580504,127.1,8.010764,8.8,8.6
1788547902.000220,-32.848836,-70.138401,2608.599925,30.9,5.742967,9.8,8.5
1788547905.000193,-32.848897,-70.138285,2605.347676,140.1,5.613086,9.0,7.9
1788547907.000176,-32.848850,-70.138183,2603.381587,63.1,4.720703,8.7,7.5
1788547909.000161,-32.848884,-70.138053,2599.433898,96.1,6.232271,7.8,7.2
1788547911.000147,-32.848910,-70.137886,2594.504036,108.1,8.528768,8.8,8.0
1788547912.000141,-32.848924,-70.137780,2592.282375,100.6,9.706121,7.7,6.9
1788547913.000134,-32.848948,-70.137676,2590.667918,104.8,10.428346,8.2,7.3
1788547914.000127,-32.848990,-70.137552,2584.854836,110.5,12.219518,8.8,8.1
1788547915.000121,-32.849024,-70.137432,2582.480052,109.7,12.438341,8.2,7.5
1788547916.000116,-32.849077,-70.137307,2581.284072,113.8,12.696053,7.1,6.3
1788547917.000110,-32.849135,-70.137185,2579.006546,117.5,13.024942,7.8,7.1
1788547918.000105,-32.849198,-70.137062,2578.509071,120.4,13.094530,9.1,8.1
1788547919.000099,-32.849250,-70.136952,2578.248473,119.6,12.245473,7.8,7.0
1788547920.000094,-32.849300,-70.136839,2578.957684,118.6,11.893447,8.1,7.4
1788547921.000089,-32.849366,-70.136753,2579.800228,128.5,11.270758,8.9,8.0
1788547923.000079,-32.849455,-70.136605,2579.706402,124.0,8.920915,8.9,8.0
1788547925.000070,-32.849530,-70.136514,2578.705873,118.6,5.778847,9.6,8.8
1788547931.000044,-32.849468,-70.136472,2578.195570,75.7,0.000000,11.7,8.9
1788547931.000044,-32.849468,-70.136472,2578.195570,75.7,0.000000,11.7,8.9
1788547950.999973,-32.849372,-70.136411,2577.962274,28.8,1.527765,8.9,6.6
1788547963.999932,-32.849271,-70.136397,2577.357498,15.7,3.717978,10.9,8.0
1788547969.999913,-32.849187,-70.136386,2580.095301,3.4,0.000000,9.6,7.5
1788547969.999913,-32.849187,-70.136386,2580.095301,3.4,0.000000,9.6,7.5
1788547976.999893,-32.849072,-70.136354,2584.140543,8.4,2.665100,9.1,7.3
1788547982.999875,-32.848983,-70.136336,2587.898633,6.7,0.000000,9.1,7.1
1788547982.999875,-32.848983,-70.136336,2587.898633,6.7,0.000000,9.1,7.1
1788547988.999857,-32.848881,-70.136317,2592.525626,13.9,1.822734,8.7,6.9
1788547994.999839,-32.848779,-70.136299,2597.927688,9.8,1.892416,8.5,6.6
1788548000.999821,-32.848682,-70.136279,2602.611928,9.1,1.876221,8.4,6.6
1788548006.999804,-32.848587,-70.136256,2607.527174,8.3,1.979880,7.9,6.3
1788548013.000275,-32.848494,-70.136233,2612.653391,13.0,1.987053,7.5,6.0
1788548019.000243,-32.848399,-70.136215,2618.087918,8.4,1.925502,7.4,6.0
1788548026.000188,-32.848297,-70.136192,2622.882705,9.7,1.803166,7.8,6.6
1788548033.000132,-32.848189,-70.136164,2630.300753,14.7,2.022501,7.0,6.0
1788548039.000093,-32.848101,-70.136145,2635.773569,14.3,0.000000,7.0,5.9
1788548039.000093,-32.848101,-70.136145,2635.773569,14.3,0.000000,7.0,5.9
1788548045.000060,-32.848011,-70.136130,2642.496195,10.1,1.754923,7.8,5.8
1788548052.000026,-32.847910,-70.136109,2651.014941,10.4,1.752977,7.0,5.4
1788548058.999994,-32.847811,-70.136083,2658.670992,9.5,1.801460,6.4,5.2
1788548065.999965,-32.847711,-70.136057,2667.034209,12.0,2.004584,6.2,5.4
1788548071.999942,-32.847630,-70.136038,2674.138743,12.0,1.172384,6.0,5.3
1788548071.999942,-32.847630,-70.136038,2674.138743,12.0,0.000000,6.0,5.3
1788548078.999915,-32.847534,-70.136021,2682.727262,6.6,1.579791,6.3,5.4
1788548085.999888,-32.847437,-70.136000,2691.731375,10.8,1.704185,6.4,5.6
1788548092.999861,-32.847340,-70.135976,2700.315807,12.6,1.819807,6.1,5.5
1788548100.999832,-32.847242,-70.135944,2708.213821,27.8,1.962673,8.1,6.9
1788548107.999806,-32.847129,-70.135928,2715.983479,7.0,1.961882,8.1,6.9
1788548117.999770,-32.846993,-70.135898,2723.913166,16.5,0.000000,11.3,9.6
1788548123.999747,-32.846888,-70.135884,2729.601630,14.4,1.621697,13.8,11.8
1788548133.999711,-32.846746,-70.135863,2737.791012,6.5,1.795220,12.8,11.1
1788548141.000170,-32.846645,-70.135838,2745.980577,9.6,1.821202,12.5,10.7
1788548148.000147,-32.846546,-70.135813,2755.404350,12.4,1.993295,10.9,9.5
1788548155.000097,-32.846431,-70.135787,2759.190549,8.8,2.083902,11.6,8.9
1788548161.000061,-32.846365,-70.135772,2761.056777,8.5,0.000000,11.0,8.5
1788548161.000061,-32.846365,-70.135772,2761.056777,8.5,0.000000,11.0,8.5
1788548165.000040,-32.846257,-70.135747,2764.530946,7.1,2.270520,12.1,9.1
1788548171.000009,-32.846168,-70.135738,2769.164904,9.6,0.000000,10.5,8.6
1788548171.000009,-32.846168,-70.135738,2769.164904,9.6,0.000000,10.5,8.6
1788548180.999961,-32.845995,-70.135693,2771.359446,9.8,1.994504,8.8,7.2
1788548186.999935,-32.845892,-70.135671,2776.567653,9.8,1.934167,7.2,6.1
1788548192.999909,-32.845798,-70.135650,2781.673028,5.6,1.962810,7.4,6.1
1788548198.999884,-32.845700,-70.135628,2785.603026,10.4,1.947894,7.5,5.9
1788548203.999862,-32.845612,-70.135605,2788.821425,11.4,2.156713,7.5,5.8
1788548209.999837,-32.845584,-70.135599,2790.074847,10.3,0.000000,6.9,5.5
1788548209.999837,-32.845584,-70.135599,2790.074847,10.3,0.000000,6.9,5.5
1788548213.999820,-32.845444,-70.135564,2793.490618,10.2,1.998751,7.3,5.8
1788548220.999791,-32.845347,-70.135549,2796.729342,3.9,0.000000,6.8,5.7
1788548225.999771,-32.845244,-70.135524,2801.722367,9.3,2.019203,6.2,5.5
1788548231.999746,-32.845141,-70.135495,2805.584352,12.0,0.000000,5.8,5.4
1788548231.999746,-32.845141,-70.135495,2805.584352,12.0,0.000000,5.8,5.4
1788548238.999717,-32.845029,-70.135466,2809.373848,8.8,1.813805,5.8,5.6
1788548244.999694,-32.844929,-70.135442,2812.394776,9.7,1.918202,6.4,5.9
1788548250.999671,-32.844822,-70.135424,2813.251395,9.0,2.045497,7.1,5.9
1788548256.999647,-32.844739,-70.135404,2814.612738,10.0,0.000000,6.5,5.7
1788548256.999647,-32.844739,-70.135404,2814.612738,10.0,0.000000,6.5,5.7
1788548262.000125,-32.844636,-70.135379,2816.114911,12.2,1.883483,6.2,5.7
1788548268.000109,-32.844536,-70.135357,2817.507525,8.5,1.894137,6.2,5.9
1788548274.000090,-32.844433,-70.135334,2820.771571,8.7,1.752887,6.3,5.8
1788548280.000048,-32.844325,-70.135313,2821.132004,12.7,2.037214,7.0,6.0
1788548286.000012,-32.844240,-70.135296,2821.892995,6.9,0.000000,6.5,6.0
1788548286.000012,-32.844240,-70.135296,2821.892995,6.9,0.000000,6.5,6.0
1788548290.999984,-32.844134,-70.135271,2822.823595,11.0,1.930136,6.0,5.9
1788548297.999948,-32.844015,-70.135246,2823.551440,6.7,1.795486,6.0,5.9
1788548303.999920,-32.843900,-70.135227,2824.850028,5.9,1.994781,7.2,6.4
1788548309.999890,-32.843791,-70.135206,2824.620834,5.6,2.197072,7.1,6.1
1788548315.999863,-32.843705,-70.135181,2825.834559,10.9,0.000000,6.5,6.0
1788548315.999863,-32.843705,-70.135181,2825.834559,10.9,0.000000,6.5,6.0
1788548322.999831,-32.843575,-70.135149,2827.589220,8.5,1.962063,5.9,5.8
1788548328.999805,-32.843470,-70.135123,2829.233285,8.7,1.911481,5.8,5.9
1788548336.999770,-32.843352,-70.135095,2830.067304,9.9,0.000000,7.0,6.4
1788548342.999743,-32.843250,-70.135071,2832.061449,11.1,0.000000,6.7,6.3
1788548346.999726,-32.843161,-70.135052,2833.392765,10.7,1.993061,6.5,6.2
1788548352.999700,-32.843061,-70.135028,2836.260253,13.0,1.736935,6.5,6.0
1788548357.999677,-32.842966,-70.135010,2838.334713,12.5,2.028946,6.8,5.8
1788548363.999652,-32.842878,-70.134993,2839.110702,10.5,0.000000,7.0,5.8
1788548363.999652,-32.842878,-70.134993,2839.110702,10.5,0.000000,7.0,5.8
1788548368.999629,-32.842778,-70.134971,2841.460622,9.9,1.867886,7.0,6.0
1788548374.999604,-32.842688,-70.134949,2844.084773,12.8,0.000000,7.3,6.0
1788548379.999582,-32.842592,-70.134928,2846.132399,7.6,1.892040,7.0,6.1
1788548387.000042,-32.842488,-70.134903,2848.342288,14.2,0.000000,6.5,5.7
1788548392.000039,-32.842392,-70.134882,2850.950222,11.2,1.945325,5.9,5.4
1788548398.000032,-32.842291,-70.134860,2853.890683,8.8,1.843109,5.7,5.4
1788548404.000018,-32.842188,-70.134838,2857.318036,10.7,1.984363,5.6,5.5
1788548409.999992,-32.842092,-70.134816,2861.119936,16.8,1.927817,7.0,6.4
1788548415.999966,-32.842000,-70.134803,2866.263966,7.8,0.000000,7.9,7.0
1788548420.999944,-32.841910,-70.134785,2871.213808,7.4,2.020950,8.1,7.0
1788548426.999918,-32.841812,-70.134762,2877.075847,12.5,0.000000,8.3,7.4
1788548426.999918,-32.841812,-70.134762,2877.075847,12.5,0.000000,8.3,7.4
1788548432.999891,-32.841719,-70.134741,2881.659284,12.5,1.832478,9.2,8.2
1788548438.999865,-32.841623,-70.134717,2886.162098,12.6,1.886673,8.0,7.7
1788548445.999834,-32.841528,-70.134698,2891.375210,11.1,0.000000,7.2,7.1
1788548450.999812,-32.841433,-70.134677,2896.613189,9.1,1.985146,6.8,6.8
1788548456.999786,-32.841335,-70.134651,2900.116781,11.4,2.094211,6.4,6.6
1788548462.999759,-32.841250,-70.134629,2902.484260,11.3,0.000000,5.9,6.3
1788548462.999759,-32.841250,-70.134629,2902.484260,11.3,0.000000,5.9,6.3
1788548467.999737,-32.841160,-70.134608,2905.329210,9.2,1.394445,5.6,6.0
1788548476.999697,-32.841052,-70.134583,2908.979499,12.4,1.416487,5.2,5.6
1788548485.999658,-32.840959,-70.134559,2912.594540,10.8,1.162318,5.3,5.3
1788548495.999613,-32.840869,-70.134540,2913.549062,9.3,0.970764,8.6,7.5
1788548506.999565,-32.840768,-70.134517,2914.460145,8.1,0.994784,8.4,7.8
1788548518.000034,-32.840675,-70.134498,2914.402106,9.7,0.000000,8.5,7.4
1788548525.000031,-32.840575,-70.134478,2915.225333,7.5,1.893395,8.1,7.4
1788548531.999995,-32.840454,-70.134451,2916.242470,9.4,1.995362,6.7,6.5
1788548538.999958,-32.840344,-70.134426,2917.269664,9.3,0.000000,6.2,6.1
1788548544.999927,-32.840222,-70.134399,2918.741231,10.6,1.953084,6.3,6.2
1788548551.999893,-32.840116,-70.134375,2918.122516,10.4,0.000000,5.9,5.9
1788548556.999869,-32.840016,-70.134352,2918.073582,8.8,1.976804,5.7,5.7
1788548561.999847,-32.839926,-70.134333,2917.933079,10.1,1.962300,5.6,5.8
1788548567.999819,-32.839836,-70.134315,2917.860193,10.4,0.000000,5.1,5.5
1788548573.999792,-32.839717,-70.134291,2917.205420,10.5,2.022494,5.2,5.5
1788548579.999764,-32.839614,-70.134267,2916.759296,10.2,0.000000,5.8,5.7
1788548579.999764,-32.839614,-70.134267,2916.759296,10.2,0.000000,5.8,5.7
1788548584.999741,-32.839524,-70.134250,2916.377402,8.8,1.977735,6.4,6.2
1788548590.999714,-32.839413,-70.134225,2917.758983,10.4,2.140604,6.6,5.9
1788548596.999688,-32.839312,-70.134201,2916.560625,7.5,0.000000,6.0,5.8
1788548596.999688,-32.839312,-70.134201,2916.560625,7.5,0.000000,6.0,5.8
1788548603.999656,-32.839210,-70.134178,2917.013400,10.3,0.000000,5.7,5.6
1788548609.999629,-32.839089,-70.134151,2918.230494,10.6,1.910148,5.3,5.4
1788548614.999607,-32.839000,-70.134133,2919.022439,7.5,1.966372,5.7,5.5
1788548620.999580,-32.838894,-70.134111,2919.713091,10.8,1.946385,6.4,5.8
1788548626.999553,-32.838804,-70.134091,2920.826763,10.8,0.000000,6.8,6.2
1788548632.999526,-32.838684,-70.134063,2922.423331,9.9,1.910036,6.5,6.1
1788548639.000012,-32.838579,-70.134041,2923.906203,11.5,2.049530,6.1,5.7
1788548645.000012,-32.838479,-70.134012,2925.179919,13.4,0.000000,6.3,5.8
1788548645.000012,-32.838479,-70.134012,2925.179919,13.4,0.000000,6.3,5.8
1788548651.000012,-32.838374,-70.133991,2925.252021,9.8,1.929437,6.3,5.9
1788548656.999990,-32.838268,-70.133967,2925.851355,12.1,2.006588,6.3,5.8
1788548662.999960,-32.838168,-70.133942,2926.595474,12.9,0.000000,6.6,6.1
1788548662.999960,-32.838168,-70.133942,2926.595474,12.9,0.000000,6.6,6.1
1788548666.999940,-32.838058,-70.133934,2923.213951,1.9,4.220305,6.6,6.4
1788548669.999926,-32.837934,-70.133895,2922.901775,11.1,4.781612,6.9,6.4
1788548672.999912,-32.837825,-70.133849,2922.747916,22.6,4.230676,6.9,6.2
1788548675.999897,-32.837751,-70.133761,2921.922211,55.4,3.489754,6.4,6.3
1788548681.999870,-32.837700,-70.133722,2922.081327,34.4,0.000000,7.1,6.3
1788548681.999870,-32.837700,-70.133722,2922.081327,34.4,0.000000,7.1,6.3
1788548715.999715,-32.837608,-70.133720,2920.842083,2.3,3.133373,8.9,8.0
1788548718.999702,-32.837506,-70.133677,2920.308805,25.6,4.527059,9.1,8.3
1788548721.999688,-32.837382,-70.133603,2920.166577,29.2,5.359154,6.5,8.6
1788548723.999680,-32.837281,-70.133545,2919.530927,27.0,5.916099,9.7,8.5
1788548725.999670,-32.837197,-70.133446,2918.692496,53.4,6.596401,9.8,8.6
1788548727.999661,-32.837194,-70.133319,2919.392390,87.2,5.658527,8.8,8.1
1788548730.999648,-32.837189,-70.133176,2919.769406,77.1,4.098959,8.0,7.5
1788548733.999634,-32.837138,-70.133062,2918.688729,55.3,4.582258,8.2,7.8
1788548739.999607,-32.837079,-70.133071,2916.603130,309.8,0.000000,9.2,8.1
1788548739.999607,-32.837079,-70.133071,2916.603130,309.8,0.000000,9.2,8.1
1788548750.999557,-32.836991,-70.133105,2913.595260,346.6,4.151517,8.3,9.1
1788548752.999549,-32.836883,-70.133134,2911.584635,350.8,6.033653,8.5,9.0
1788548754.999539,-32.836819,-70.133002,2904.888887,74.5,7.145301,8.8,10.2
1788548756.999530,-32.836841,-70.132835,2904.842103,92.0,8.129071,8.0,9.8
1788548762.999503,-32.836791,-70.132805,2902.114469,3.2,0.000000,12.0,10.8
1788548762.999503,-32.836791,-70.132805,2902.114469,3.2,0.000000,12.0,10.8
1788548791.999966,-32.836688,-70.132779,2898.510398,38.7,4.635763,8.4,9.2
1788548793.999958,-32.836714,-70.132663,2896.524338,104.9,5.034164,8.9,9.6
1788548795.999949,-32.836669,-70.132569,2896.589173,39.3,4.939680,9.6,9.8
1788548801.999922,-32.836657,-70.132589,2895.846757,359.9,0.000000,11.6,9.5
1788548801.999922,-32.836657,-70.132589,2895.846757,359.9,0.000000,11.6,9.5
1788548816.999854,-32.836573,-70.132649,2893.876714,324.4,2.364114,9.7,8.8
1788548822.999826,-32.836545,-70.132682,2894.554012,309.2,0.000000,9.0,8.4
1788548822.999826,-32.836545,-70.132682,2894.554012,309.2,0.000000,9.0,8.4
1788548864.999634,-32.836453,-70.132701,2892.800575,8.7,0.657812,9.9,9.3
1788548870.999608,-32.836353,-70.132585,2885.690388,53.7,6.710884,9.1,9.3
1788548872.999599,-32.836354,-70.132396,2879.975563,93.7,8.422461,8.2,8.8
1788548874.999590,-32.836396,-70.132253,2878.078024,94.0,6.892336,11.3,10.8
1788548876.999580,-32.836218,-70.132131,2871.645459,27.5,10.551662,16.9,16.5
1788548877.999575,-32.836097,-70.132046,2866.523430,29.8,13.804988,23.0,22.8
1788548878.999571,-32.835994,-70.131996,2864.039992,28.2,13.199709,15.3,14.1
1788548879.999567,-32.835909,-70.131886,2865.086183,40.8,13.074488,15.6,13.7
1788548880.999561,-32.835883,-70.131759,2863.646152,64.9,11.939516,11.6,10.4
1788548881.999557,-32.835851,-70.131631,2865.619673,71.4,11.810408,9.0,8.3
1788548882.999553,-32.835825,-70.131529,2865.252183,72.7,10.600816,10.5,9.4
1788548884.999544,-32.835779,-70.131381,2868.212437,69.0,7.355155,9.4,8.3
1788548888.999525,-32.835691,-70.131440,2868.534218,288.1,3.872033,8.3,7.5
1788548893.000041,-32.835599,-70.131479,2866.121356,321.2,3.018725,9.7,8.5
1788548899.000036,-32.835606,-70.131558,2865.802104,302.9,0.000000,9.7,7.8
1788548899.000036,-32.835606,-70.131558,2865.802104,302.9,0.000000,9.7,7.8
1788548908.000014,-32.835527,-70.131617,2866.412430,72.5,0.347623,9.2,7.7
1788548922.999940,-32.835496,-70.131721,2864.217148,338.4,0.000000,9.9,8.6
1788548931.999897,-32.835462,-70.131867,2865.808556,280.4,2.397245,8.3,8.5
1788548937.999870,-32.835426,-70.131989,2865.049660,283.2,0.000000,7.0,7.6
1788548937.999870,-32.835426,-70.131989,2865.049660,283.2,0.000000,7.0,7.6
1788548943.999841,-32.835396,-70.132109,2865.626027,290.5,2.237004,6.5,7.0
1788548949.999812,-32.835376,-70.132227,2866.913858,285.2,0.000000,7.8,7.8
1788548949.999812,-32.835376,-70.132227,2866.913858,285.2,0.000000,7.8,7.8
1788548956.999780,-32.835354,-70.132356,2869.588158,284.4,0.000000,8.6,7.9
1788548961.999756,-32.835330,-70.132469,2872.431875,288.6,2.026156,8.5,7.9
1788548967.999729,-32.835310,-70.132571,2874.720301,282.0,0.000000,7.8,7.5
1788548967.999729,-32.835310,-70.132571,2874.720301,282.0,0.000000,7.8,7.5
1788548971.999711,-32.835271,-70.132692,2874.639568,289.1,3.154094,7.6,7.3
1788548977.999682,-32.835245,-70.132793,2879.077372,283.3,0.000000,6.8,7.4
1788548977.999682,-32.835245,-70.132793,2879.077372,283.3,0.000000,6.8,7.4
1788548984.999650,-32.835210,-70.132901,2885.380611,281.6,1.662810,9.2,8.0
1788548990.999621,-32.835178,-70.133006,2891.772588,287.0,1.795432,9.1,8.3
1788548996.999591,-32.835151,-70.133111,2896.213331,282.5,1.594231,8.6,7.7
1788549005.999547,-32.835117,-70.133253,2906.395917,288.5,1.756385,7.3,7.1
1788549012.999513,-32.835091,-70.133362,2913.731962,289.9,1.810252,7.1,6.6
1788549021.000007,-32.835060,-70.133479,2922.034153,285.7,1.482982,7.2,7.1
1788549026.000002,-32.835030,-70.133582,2923.537682,287.7,2.440914,7.0,7.2
1788549031.999997,-32.835008,-70.133704,2925.469933,284.5,0.000000,7.5,7.2
1788549031.999997,-32.835008,-70.133704,2925.469933,284.5,0.000000,7.5,7.2
1788549039.999956,-32.834969,-70.133851,2927.518900,286.8,1.934162,9.1,9.2
1788549045.999924,-32.834941,-70.133966,2930.275849,286.9,1.927371,9.2,9.4
1788549052.999890,-32.834908,-70.134106,2933.497991,287.7,1.963038,8.4,8.7
1788549058.999862,-32.834881,-70.134217,2936.777684,283.9,1.833809,6.6,8.4
1788549064.999833,-32.834849,-70.134336,2938.186078,286.0,1.824210,7.6,7.9
1788549070.999805,-32.834817,-70.134447,2941.270658,287.4,1.937626,8.7,8.2
1788549077.999772,-32.834787,-70.134583,2949.157337,287.9,1.914612,9.1,8.4
1788549083.999744,-32.834765,-70.134692,2954.243906,284.8,1.952033,8.7,8.2
1788549089.999716,-32.834734,-70.134806,2957.158263,287.9,1.779207,8.6,8.6
1788549096.999683,-32.834703,-70.134938,2959.436308,287.4,2.057298,8.6,8.1
1788549102.999656,-32.834676,-70.135054,2961.668152,286.1,0.000000,8.7,8.1
1788549102.999656,-32.834676,-70.135054,2961.668152,286.1,0.000000,8.7,8.1
1788549108.999627,-32.834647,-70.135172,2964.927102,284.6,1.832311,7.7,7.4
1788549114.999600,-32.834619,-70.135290,2968.684203,283.4,1.964662,7.2,7.7
1788549120.999571,-32.834589,-70.135402,2970.964789,285.4,1.961942,7.4,7.5
1788549126.999543,-32.834563,-70.135529,2973.517652,280.0,2.587126,7.3,7.5
1788549132.999516,-32.834534,-70.135637,2974.900757,286.1,0.000000,7.6,7.6
1788549132.999516,-32.834534,-70.135637,2974.900757,286.1,0.000000,7.6,7.6
1788549140.999479,-32.834497,-70.135775,2975.806602,285.5,1.512868,6.7,7.9
1788549145.999993,-32.834472,-70.135893,2978.400224,282.7,1.941621,7.9,7.9
1788549151.999999,-32.834439,-70.136007,2979.786794,287.3,1.951601,7.9,7.9
1788549158.999991,-32.834411,-70.136122,2979.738355,284.2,0.000000,6.9,8.1
1788549163.999973,-32.834379,-70.136246,2981.107591,287.0,1.934289,8.1,8.2
1788549169.999950,-32.834349,-70.136364,2983.240916,283.8,1.768472,7.8,8.3
1788549175.999926,-32.834321,-70.136483,2985.223770,286.6,2.054463,7.9,8.0
1788549181.999900,-32.834298,-70.136597,2989.029258,283.6,0.000000,7.9,8.2
1788549181.999900,-32.834298,-70.136597,2989.029258,283.6,0.000000,7.9,8.2
1788549187.999874,-32.834269,-70.136712,2992.912921,284.0,1.936120,7.4,7.8
1788549193.999846,-32.834245,-70.136824,2995.012189,279.2,2.061939,7.1,7.6
1788549197.999828,-32.834258,-70.136957,2992.967364,234.0,2.518976,8.3,8.2
1788549203.999801,-32.834343,-70.137007,2993.503109,179.0,0.000000,7.8,7.3
1788549203.999801,-32.834343,-70.137007,2993.503109,179.0,0.000000,7.8,7.3
1788549208.999779,-32.834439,-70.137025,2992.897347,188.6,2.192752,7.5,7.0
1788549212.999760,-32.834555,-70.137035,2994.630510,185.4,3.237789,7.1,6.9
1788549215.999746,-32.834649,-70.137045,2993.826106,181.5,3.564613,6.8,7.2
1788549219.999728,-32.834753,-70.137064,2992.596862,185.8,2.971124,6.6,6.9
1788549222.999714,-32.834845,-70.137076,2992.845305,188.2,3.409317,6.8,7.3
1788549226.999695,-32.834959,-70.137093,2992.978017,185.8,2.985337,6.5,7.1
1788549230.999677,-32.835064,-70.137105,2991.655872,184.9,2.610523,6.6,7.1
1788549234.999658,-32.835171,-70.137119,2992.272494,192.4,3.143678,7.0,7.1
1788549239.999636,-32.835290,-70.137153,2992.886700,206.1,2.765772,7.0,7.1
1788549245.999608,-32.835392,-70.137166,2992.326580,184.1,0.000000,6.7,6.9
1788549245.999608,-32.835392,-70.137166,2992.326580,184.1,0.000000,6.7,6.9
1788549251.999580,-32.835482,-70.137193,2992.637682,197.7,1.675914,6.8,6.8
1788549257.999552,-32.835572,-70.137228,2990.237421,196.6,1.712757,7.4,7.3
1788549261.999533,-32.835666,-70.137254,2989.367272,197.7,2.942939,7.1,7.8
1788549264.999520,-32.835757,-70.137287,2989.950930,195.6,3.749026,6.8,7.6
1788549267.999505,-32.835844,-70.137341,2988.785902,206.5,3.448451,7.1,7.4
1788549272.000023,-32.835943,-70.137373,2985.614199,187.2,3.086255,6.9,7.6
1788549275.000018,-32.836061,-70.137325,2983.500475,150.4,5.291394,6.6,7.3
1788549277.000016,-32.836075,-70.137210,2984.132925,83.5,4.929961,7.0,7.5
1788549283.000012,-32.836054,-70.137214,2982.003497,36.8,0.000000,9.2,7.9
1788549283.000012,-32.836054,-70.137214,2982.003497,36.8,0.000000,9.2,7.9
1788549306.999887,-32.836002,-70.137125,2979.716379,57.9,4.141703,8.2,8.1
1788549308.999878,-32.835926,-70.137009,2978.542477,57.2,6.673646,7.9,7.8
1788549311.999862,-32.835858,-70.136928,2975.911724,37.2,3.019433,8.0,7.6
1788549314.999848,-32.835767,-70.136838,2975.345520,38.7,5.026582,7.8,7.2
1788549316.999838,-32.835677,-70.136803,2974.258522,16.4,5.402254,7.7,7.2
1788549318.999829,-32.835582,-70.136776,2975.340365,15.1,5.256045,7.6,7.0
1788549320.999819,-32.835511,-70.136706,2974.252657,49.2,4.903618,7.3,6.9
1788549323.999805,-32.835536,-70.136577,2974.611406,94.4,3.818244,6.7,6.7
1788549326.999792,-32.835467,-70.136495,2973.698971,29.6,3.567393,6.8,7.1
1788549329.999777,-32.835353,-70.136462,2972.097388,8.9,4.521235,7.4,7.3
1788549331.999767,-32.835260,-70.136432,2969.898956,28.9,6.143140,7.4,7.2
1788549333.999759,-32.835269,-70.136289,2966.843203,98.8,6.266068,7.2,8.1
1788549335.999749,-32.835337,-70.136199,2965.902170,132.5,5.428880,8.2,7.9
1788549341.999721,-32.835370,-70.136176,2965.845168,162.7,0.000000,8.8,7.4
1788549341.999721,-32.835370,-70.136176,2965.845168,162.7,0.000000,8.8,7.4
1788549345.999702,-32.835381,-70.136054,2962.379598,90.5,4.151754,6.7,7.4
1788549348.999689,-32.835318,-70.135946,2962.555517,32.3,3.647774,7.4,7.0
1788549354.999661,-32.835297,-70.135881,2962.877534,101.8,0.000000,8.2,7.0
1788549354.999661,-32.835297,-70.135881,2962.877534,101.8,0.000000,8.2,7.0
1788549412.999997,-32.835366,-70.135802,2962.489199,156.1,0.471600,8.1,7.5
1788549422.999945,-32.835434,-70.135720,2961.864555,157.6,2.471705,7.4,7.5
1788549425.999930,-32.835475,-70.135599,2960.983707,93.5,5.125618,7.6,7.9
1788549428.999915,-32.835391,-70.135539,2959.285819,18.7,2.654261,8.6,8.4
1788549434.999886,-32.835453,-70.135423,2951.233735,148.2,0.566017,8.8,9.4
1788549434.999886,-32.835453,-70.135423,2951.233735,148.2,0.000000,8.8,9.4
1788549436.999876,-32.835549,-70.135424,2951.318634,168.0,5.149621,7.0,9.5
1788549438.999866,-32.835584,-70.135292,2948.628314,98.0,5.934455,8.5,9.1
1788549440.999857,-32.835502,-70.135215,2946.670765,45.5,4.305188,8.6,8.7
1788549443.999843,-32.835598,-70.135106,2935.960170,161.7,6.216124,9.4,10.1
1788549445.999833,-32.835712,-70.135018,2928.955323,133.6,8.024611,10.3,10.1
1788549447.999824,-32.835716,-70.134819,2926.315349,92.9,9.405653,12.3,11.6
1788549449.999815,-32.835782,-70.134639,2917.734965,124.6,10.228824,11.5,11.3
1788549450.999810,-32.835861,-70.134570,2916.051957,138.8,10.424226,12.6,11.7
1788549452.999801,-32.835949,-70.134441,2919.826867,120.1,7.909950,9.4,8.4
1788549455.999786,-32.836032,-70.134348,2919.562782,135.6,4.627605,6.9,6.5
1788549461.999759,-32.836030,-70.134304,2920.533803,99.3,0.000000,9.7,7.5
1788549461.999759,-32.836030,-70.134304,2920.533803,99.3,0.000000,9.7,7.5
1788549492.999613,-32.836022,-70.134186,2917.302938,76.9,0.824323,10.6,9.0
1788549537.000024,-32.836136,-70.134021,2911.195458,151.0,8.183035,11.1,11.6
1788549539.000012,-32.836266,-70.133923,2905.879979,141.2,8.989533,9.1,11.5
1788549541.000002,-32.836256,-70.133707,2904.513864,79.9,9.140043,7.9,9.5
1788549541.999997,-32.836217,-70.133597,2903.746782,70.5,9.975063,8.9,9.1
1788549543.999987,-32.836262,-70.133403,2900.568375,108.9,8.945186,7.7,9.1
1788549545.999977,-32.836228,-70.133298,2901.144802,71.6,5.670271,8.1,8.0
1788549551.999947,-32.836265,-70.133239,2899.884030,132.8,0.000000,8.9,7.5
1788549551.999947,-32.836265,-70.133239,2899.884030,132.8,0.000000,8.9,7.5
1788549567.999868,-32.836238,-70.133106,2896.257560,87.7,3.393445,7.1,6.4
1788549571.999848,-32.836248,-70.132998,2894.609425,75.1,2.906268,7.1,6.8
1788549574.999835,-32.836226,-70.132885,2891.583296,96.9,2.938348,6.2,6.5
1788549580.999805,-32.836237,-70.132863,2891.257569,123.2,0.000000,9.0,7.1
1788549580.999805,-32.836237,-70.132863,2891.257569,123.2,0.000000,9.0,7.1
1788549619.999620,-32.836230,-70.132736,2888.535462,79.3,3.695237,7.4,8.1
1788549621.999610,-32.836137,-70.132570,2881.033130,57.2,9.128576,6.9,7.7
1788549623.999600,-32.836046,-70.132328,2869.388139,61.6,12.651460,6.3,7.3
1788549624.999595,-32.835977,-70.132208,2866.000251,59.7,14.011895,5.2,5.8
1788549625.999590,-32.835915,-70.132028,2861.851387,66.3,16.912802,9.4,11.2
1788549626.999586,-32.835871,-70.131883,2863.258115,69.3,15.783240,7.0,7.2
1788549627.999581,-32.835836,-70.131733,2862.261325,74.5,14.543665,7.3,7.1
1788549628.999576,-32.835831,-70.131597,2862.979779,84.0,13.367079,8.6,8.9
1788549629.999571,-32.835843,-70.131458,2864.645500,92.7,12.586375,9.4,9.5
1788549631.999562,-32.835881,-70.131270,2871.005357,100.6,8.715765,8.4,7.0
1788549634.999547,-32.835894,-70.131138,2871.223729,94.2,3.608434,6.0,5.3
1788549640.999519,-32.835898,-70.131132,2870.467930,90.3,0.000000,6.6,6.2
1788549640.999519,-32.835898,-70.131132,2870.467930,90.3,0.000000,6.6,6.2
1788549650.000055,-32.835916,-70.131238,2868.140136,264.6,3.199598,6.3,6.5
1788549653.000054,-32.835915,-70.131396,2866.301570,271.1,5.260548,5.5,6.2
1788549655.000053,-32.835926,-70.131546,2864.951219,266.1,7.079709,5.6,6.0
1788549657.000054,-32.835928,-70.131694,2864.800825,269.0,6.782224,6.1,6.0
1788549659.000047,-32.835977,-70.131784,2864.960805,232.3,4.451873,5.8,5.9
1788549665.000017,-32.836003,-70.131778,2864.905665,209.7,0.000000,7.0,5.5
1788549665.000017,-32.836003,-70.131778,2864.905665,209.7,0.000000,7.0,5.5
1788549669.999986,-32.836017,-70.131659,2864.236776,100.2,1.532201,6.1,5.6
1788549679.999930,-32.836001,-70.131553,2865.030809,80.7,0.914872,6.3,5.5
1788549688.999882,-32.835981,-70.131445,2866.664912,78.9,1.000132,6.2,5.5
1788549694.999851,-32.835966,-70.131336,2867.924160,80.8,1.437229,6.2,5.5
1788549703.999805,-32.835954,-70.131223,2869.527121,75.9,1.283613,6.0,5.7
1788549711.999765,-32.835932,-70.131106,2871.028581,84.2,1.522272,5.9,5.6
1788549719.999726,-32.835917,-70.130997,2872.607633,79.2,1.476103,5.8,5.5
1788549727.999687,-32.835901,-70.130886,2872.874659,68.8,1.141382,5.6,5.3
1788549735.999648,-32.835887,-70.130779,2873.113736,79.6,1.256488,5.8,5.2
1788549743.999609,-32.835863,-70.130666,2876.129946,71.1,1.242098,6.0,5.3
1788549748.999584,-32.835798,-70.130590,2876.603403,38.8,2.211703,5.8,5.8
1788549754.999555,-32.835724,-70.130544,2874.204969,18.9,0.000000,8.5,8.1
1788549754.999555,-32.835724,-70.130544,2874.204969,18.9,0.000000,8.5,8.1
1788549758.999538,-32.835638,-70.130491,2871.996080,22.5,2.778996,9.9,9.8
1788549761.999527,-32.835554,-70.130431,2871.963103,30.0,3.329190,10.7,10.4
1788549765.999510,-32.835437,-70.130403,2872.383027,8.3,3.089259,10.9,10.6
1788549768.999498,-32.835325,-70.130399,2870.206619,354.5,4.588754,11.8,11.4
1788549770.999489,-32.835188,-70.130378,2867.873506,0.9,7.333427,12.4,12.1
1788549773.000043,-32.835056,-70.130326,2866.798421,16.9,7.897371,14.2,16.0
1788549775.000040,-32.834907,-70.130248,2865.935634,25.1,9.067782,10.9,11.8
1788549777.000042,-32.834780,-70.130156,2865.636323,32.4,8.461632,8.5,8.6
1788549779.000039,-32.834670,-70.130012,2864.677698,46.7,8.793411,11.1,10.9
1788549781.000036,-32.834592,-70.129874,2865.879344,58.0,7.908433,9.0,8.7
1788549783.000040,-32.834541,-70.129733,2862.027632,59.2,7.830523,10.2,10.8
1788549785.000033,-32.834442,-70.129559,2858.474218,65.4,9.608552,11.5,12.1
1788549787.000031,-32.834384,-70.129417,2856.951272,50.7,7.352153,9.3,9.5
1788549791.000010,-32.834346,-70.129312,2855.930796,70.1,2.604491,10.0,9.7
1788549793.999992,-32.834335,-70.129184,2854.777381,101.6,3.758033,9.4,10.2
1788549799.999959,-32.834298,-70.129088,2852.642278,18.9,0.000000,11.5,12.1
1788549799.999959,-32.834298,-70.129088,2852.642278,18.9,0.000000,11.5,12.1
1788549805.999926,-32.834202,-70.129107,2851.844505,0.0,0.700256,11.3,11.3
1788549814.999879,-32.834122,-70.129171,2852.055160,311.3,0.653245,9.8,9.0
1788549864.999629,-32.834049,-70.129093,2852.574855,349.0,0.291059,7.6,6.9
1788549882.999539,-32.834055,-70.128986,2850.878389,92.2,0.683824,10.7,9.3
1788549894.999487,-32.833981,-70.128912,2850.368495,215.4,0.184959,8.6,8.0
1788549906.000023,-32.833925,-70.128820,2851.494708,60.5,1.218553,6.9,7.0
1788549913.000014,-32.833871,-70.128713,2853.681229,54.6,1.917144,6.4,6.2
1788549917.999988,-32.833827,-70.128615,2856.043087,64.8,2.082784,6.9,6.3
1788549922.999964,-32.833778,-70.128517,2858.645813,55.3,2.126975,6.6,6.3
1788549927.999939,-32.833729,-70.128414,2860.638126,58.9,2.131267,6.1,6.3
1788549932.999915,-32.833679,-70.128314,2863.104833,63.8,2.191209,6.8,6.4
1788549938.999886,-32.833627,-70.128213,2865.282125,56.4,0.000000,6.0,6.2
1788549938.999886,-32.833627,-70.128213,2865.282125,56.4,0.000000,6.0,6.2
1788549942.999865,-32.833581,-70.128116,2867.670288,58.9,2.203796,5.6,5.9
1788549947.999841,-32.833536,-70.128019,2870.186806,62.6,2.132864,6.2,6.2
1788549952.999816,-32.833490,-70.127922,2872.475835,57.7,0.000000,6.4,6.2
1788549952.999816,-32.833490,-70.127922,2872.475835,57.7,0.000000,6.4,6.2
1788549957.999791,-32.833442,-70.127827,2875.578935,62.0,2.214512,6.1,5.9
1788549963.999762,-32.833386,-70.127717,2879.546998,56.9,0.000000,6.1,6.0
1788549963.999762,-32.833386,-70.127717,2879.546998,56.9,0.000000,6.1,6.0
1788549969.999732,-32.833342,-70.127615,2883.001550,61.4,0.000000,5.7,5.7
1788549973.999712,-32.833294,-70.127516,2886.605083,59.5,2.180080,5.7,5.6
1788549979.999683,-32.833241,-70.127406,2890.621800,60.9,0.000000,5.5,5.3
1788549979.999683,-32.833241,-70.127406,2890.621800,60.9,0.000000,5.5,5.3
1788549988.999637,-32.833193,-70.127312,2893.897802,56.9,0.971381,6.0,5.9
1788550002.999569,-32.833136,-70.127193,2898.875422,60.5,0.923898,6.3,6.3
1788550014.999509,-32.833088,-70.127095,2902.078999,56.6,0.978532,6.3,6.1
1788550023.999464,-32.833039,-70.126995,2905.746580,61.3,1.621978,6.3,6.3
1788550032.000016,-32.832974,-70.126855,2913.089131,61.2,1.269279,6.1,6.3
1788550047.999955,-32.832909,-70.126733,2919.879919,56.8,1.002252,7.0,7.0
1788550058.999894,-32.832861,-70.126630,2925.139875,63.5,1.024034,6.2,6.6
1788550070.999832,-32.832815,-70.126529,2929.831640,61.7,0.928413,6.0,6.5
1788550080.999781,-32.832757,-70.126416,2935.357236,58.2,1.683733,5.2,5.6
1788550087.999746,-32.832706,-70.126309,2940.765300,60.2,0.000000,4.6,5.5
1788550092.999721,-32.832654,-70.126205,2946.228078,57.2,2.143323,4.5,5.4
1788550098.999691,-32.832605,-70.126094,2952.269411,65.7,0.957346,4.5,5.7
1788550098.999691,-32.832605,-70.126094,2952.269411,65.7,0.000000,4.5,5.7
1788550104.999662,-32.832556,-70.126001,2957.214081,58.6,0.000000,4.6,5.7
1788550109.999637,-32.832505,-70.125896,2962.471943,60.4,2.146935,4.7,5.9
1788550115.999607,-32.832470,-70.125827,2966.099864,60.0,0.000000,4.9,6.0
1788550115.999607,-32.832470,-70.125827,2966.099864,60.0,0.000000,4.9,6.0
1788550119.999587,-32.832415,-70.125712,2973.312515,59.7,2.078000,4.7,6.4
1788550125.999557,-32.832365,-70.125614,2981.343029,57.3,1.047199,5.8,6.0
1788550125.999557,-32.832365,-70.125614,2981.343029,57.3,0.000000,5.8,6.0
1788550131.999528,-32.832320,-70.125520,2988.114259,59.6,1.774730,5.2,6.0
1788550137.999498,-32.832267,-70.125416,2993.159540,62.9,2.036309,5.4,6.3
1788550143.999467,-32.832235,-70.125354,2994.504618,59.9,0.000000,5.8,7.2
1788550143.999467,-32.832235,-70.125354,2994.504618,59.9,0.000000,5.8,7.2
1788550158.999992,-32.832179,-70.125226,3003.500376,57.3,0.000000,7.3,8.4
1788550206.999781,-32.832125,-70.125121,3013.136451,54.8,0.995356,8.4,10.0
1788550213.999747,-32.832077,-70.125023,3019.906444,61.0,1.579816,8.6,10.2
1788550220.999711,-32.832022,-70.124914,3029.137756,55.7,1.899669,9.7,10.5
1788550226.999682,-32.831977,-70.124811,3035.128371,62.5,1.902981,7.9,9.2
1788550232.999652,-32.831928,-70.124717,3043.796022,58.9,2.263368,9.5,11.2
1788550238.999622,-32.831878,-70.124618,3051.772736,59.3,1.272820,8.7,10.6
1788550238.999622,-32.831878,-70.124618,3051.772736,59.3,0.000000,8.7,10.6
1788550245.999587,-32.831828,-70.124515,3061.436694,64.2,1.952995,7.2,10.1
1788550249.999567,-32.831781,-70.124423,3066.774319,56.0,2.139102,7.6,10.3
1788550255.999538,-32.831749,-70.124340,3073.141559,58.5,0.944049,8.9,9.8
1788550255.999538,-32.831749,-70.124340,3073.141559,58.5,0.000000,8.9,9.8
1788550261.999508,-32.831701,-70.124238,3081.232818,58.6,1.814780,9.1,10.3
1788550268.999474,-32.831652,-70.124131,3091.655478,56.6,1.763711,9.6,10.0
1788550274.999444,-32.831607,-70.124033,3099.910688,63.9,2.085430,9.0,9.8
1788550280.999996,-32.831579,-70.123979,3105.728389,60.4,0.000000,8.3,9.1
1788550280.999996,-32.831579,-70.123979,3105.728389,60.4,0.000000,8.3,9.1
1788550285.999999,-32.831527,-70.123871,3115.405938,58.9,1.897207,7.9,9.0
1788550292.999991,-32.831477,-70.123773,3124.477006,56.2,1.688787,9.3,9.5
1788550299.999952,-32.831427,-70.123675,3133.446305,53.1,1.399433,9.5,9.6
1788550304.999926,-32.831372,-70.123567,3140.128031,58.4,2.222338,9.3,9.6
1788550310.999895,-32.831324,-70.123470,3141.298264,58.5,0.000000,9.0,9.1
1788550310.999895,-32.831324,-70.123470,3141.298264,58.5,0.000000,9.0,9.1
1788550315.999869,-32.831279,-70.123377,3143.357760,54.6,1.738682,7.7,8.8
1788550319.999848,-32.831239,-70.123280,3147.398442,60.8,2.207849,7.6,8.3
1788550325.999819,-32.831187,-70.123172,3151.533109,58.4,0.000000,6.6,7.7
1788550325.999819,-32.831187,-70.123172,3151.533109,58.4,0.000000,6.6,7.7
1788550330.999793,-32.831141,-70.123075,3155.347405,58.2,2.277693,5.6,7.3
1788550336.999764,-32.831081,-70.122955,3158.633708,58.5,0.000000,5.6,7.2
1788550336.999764,-32.831081,-70.122955,3158.633708,58.5,0.000000,5.6,7.2
1788550341.999739,-32.831026,-70.122856,3162.590811,53.1,1.908775,5.9,6.9
1788550348.999704,-32.830967,-70.122737,3165.428373,65.9,2.179068,6.6,7.0
1788550354.999675,-32.830901,-70.122596,3169.294639,68.6,0.000000,6.8,6.8
1788550354.999675,-32.830901,-70.122596,3169.294639,68.6,0.000000,6.8,6.8
1788550359.999650,-32.830845,-70.122485,3169.755395,55.3,2.689798,5.6,6.0
1788550364.999625,-32.830798,-70.122384,3169.997201,55.4,1.774902,5.6,5.6
1788550375.999570,-32.830740,-70.122260,3172.065053,50.0,2.953666,5.8,5.6
1788550377.999561,-32.830691,-70.122149,3170.321803,61.0,5.596280,4.9,5.5
1788550380.999546,-32.830622,-70.122036,3169.152210,57.8,3.914469,4.9,5.6
1788550386.999516,-32.830596,-70.121944,3170.432676,71.2,0.000000,5.8,5.9
1788550386.999516,-32.830596,-70.121944,3170.432676,71.2,0.000000,5.8,5.9
1788550395.999472,-32.830582,-70.121829,3169.733861,70.0,1.240487,6.6,6.5
1788550399.999453,-32.830522,-70.121722,3169.262364,55.3,3.133892,6.3,6.4
1788550406.000002,-32.830472,-70.121632,3168.290129,62.4,0.000000,5.5,6.4
1788550406.000002,-32.830472,-70.121632,3168.290129,62.4,0.000000,5.5,6.4
1788550411.000002,-32.830402,-70.121521,3167.653260,52.7,3.035577,5.8,6.2
1788550414.000002,-32.830347,-70.121413,3165.471920,60.2,4.365937,5.3,6.4
1788550416.000008,-32.830273,-70.121327,3164.927966,46.3,5.367971,5.4,6.5
1788550417.999998,-32.830199,-70.121228,3162.385283,51.9,6.325951,6.2,7.6
1788550419.999987,-32.830134,-70.121108,3160.891967,60.2,6.026560,5.8,8.2
1788550425.999957,-32.830090,-70.121080,3162.808928,59.3,0.000000,9.4,9.6
1788550425.999957,-32.830090,-70.121080,3162.808928,59.3,0.000000,9.4,9.6
1788550486.999653,-32.830089,-70.121068,3162.737558,59.3,0.029195,9.9,10.1
1788550539.000010,-32.830191,-70.120928,3155.873625,124.1,6.445935,8.3,9.2
1788550541.000007,-32.830285,-70.120786,3153.639553,125.7,8.222008,9.5,10.7
1788550543.000007,-32.830367,-70.120642,3150.103274,124.2,8.289352,12.5,12.4
1788550544.999997,-32.830444,-70.120520,3149.196825,127.0,6.825846,9.3,9.8
1788550546.999987,-32.830500,-70.120423,3149.053453,128.8,5.453118,10.0,9.9
1788550549.999973,-32.830572,-70.120337,3145.232346,137.9,4.021131,11.2,11.5
1788550551.999963,-32.830638,-70.120261,3142.897889,146.6,5.031995,12.8,12.4
1788550553.999954,-32.830760,-70.120348,3135.543034,222.1,7.837574,9.4,12.1
1788550555.999944,-32.830787,-70.120516,3132.019145,241.2,7.964823,8.7,10.6
1788550557.999934,-32.830926,-70.120440,3126.399633,156.8,7.545502,8.5,10.4
1788550559.999924,-32.831029,-70.120298,3124.040363,132.9,9.166892,10.2,11.1
1788550561.999915,-32.831115,-70.120234,3120.591806,155.6,6.156498,11.6,11.9
1788550563.999905,-32.831200,-70.120389,3116.589834,247.9,8.252463,10.7,11.5
1788550565.999894,-32.831204,-70.120514,3113.903104,262.4,6.299472,9.3,12.1
1788550567.999884,-32.831215,-70.120632,3112.161913,256.6,5.407561,9.5,11.6
1788550569.999874,-32.831247,-70.120782,3107.892209,253.8,7.318955,8.7,9.5
1788550571.999865,-32.831312,-70.120886,3105.800098,227.6,6.073599,7.8,8.3
1788550577.999835,-32.831349,-70.120913,3103.280325,248.4,0.000000,10.9,10.5
1788550577.999835,-32.831349,-70.120913,3103.280325,248.4,0.000000,10.9,10.5
1788550596.999741,-32.831404,-70.120819,3094.786541,120.8,1.553552,12.2,11.6
1788550658.000025,-32.831456,-70.120818,3091.287496,-1.0,0.000000,12.7,10.5
1788550718.999750,-32.831501,-70.120851,3095.833394,-1.0,0.000000,12.5,9.6
1788550779.999446,-32.831479,-70.120851,3093.803704,-1.0,0.000000,14.6,11.4
1788550840.999759,-32.831470,-70.120831,3091.000476,150.0,0.026669,24.2,16.9
1788550901.999450,-32.831530,-70.120854,3095.055640,144.5,0.000000,12.6,9.3
1788550937.999908,-32.831643,-70.120863,3091.069487,204.5,4.589329,10.1,10.3
1788550939.999899,-32.831678,-70.120971,3087.242231,247.3,5.564619,8.2,10.4
1788550941.999890,-32.831780,-70.120949,3080.791175,158.6,6.908480,9.0,9.9
1788550943.999881,-32.831844,-70.120840,3078.437532,124.3,6.374145,8.0,9.1
1788550945.999872,-32.831940,-70.120804,3076.666656,170.7,6.345166,7.3,8.5
1788550947.999862,-32.832003,-70.120974,3069.214504,247.6,7.978552,8.3,9.2
1788550949.999853,-32.832014,-70.121130,3068.405488,256.7,7.243421,7.2,7.7
1788550951.999844,-32.832145,-70.121139,3061.067644,179.6,7.021754,6.4,6.9
1788550953.999834,-32.832241,-70.121061,3057.364587,147.5,6.678074,6.1,6.6
1788550955.999824,-32.832325,-70.121016,3055.961741,159.2,5.731207,5.4,6.2
1788550957.999815,-32.832396,-70.121111,3051.475196,236.2,5.872417,5.4,6.0
1788550959.999805,-32.832467,-70.121189,3046.709696,209.2,5.652526,5.7,6.1
1788550963.999786,-32.832578,-70.121195,3042.503700,193.6,3.954410,5.5,6.2
1788550967.999767,-32.832612,-70.121306,3037.423313,242.6,4.216158,6.0,6.2
1788550969.999757,-32.832727,-70.121353,3033.132957,192.1,6.433190,5.6,6.0
1788550971.999747,-32.832830,-70.121305,3030.132553,166.7,6.236913,5.1,5.8
1788550973.999737,-32.832890,-70.121420,3024.034400,246.6,6.499272,4.9,5.8
1788550976.999723,-32.832871,-70.121546,3021.665382,280.1,4.079365,6.4,6.5
1788550982.999693,-32.832846,-70.121637,3017.987179,283.2,0.000000,7.1,6.3
1788550982.999693,-32.832846,-70.121637,3017.987179,283.2,0.000000,7.1,6.3
1788551035.000034,-32.832807,-70.121756,3016.640795,276.3,2.567442,10.1,9.5
1788551037.000038,-32.832859,-70.121875,3009.799763,230.3,6.647907,7.9,9.3
1788551038.000034,-32.832958,-70.121877,3005.956324,195.4,8.735675,8.1,8.8
1788551039.000035,-32.833054,-70.121864,3003.369283,178.6,10.160904,6.5,8.0
1788551040.000041,-32.833154,-70.121839,3001.381768,170.4,11.163191,5.5,6.5
1788551042.000036,-32.833312,-70.121748,2998.448367,155.1,10.466824,5.5,6.5
1788551044.000034,-32.833457,-70.121644,2996.217955,149.3,9.488495,5.1,7.0
1788551046.000037,-32.833592,-70.121560,2995.310512,150.6,8.702880,5.6,7.2
1788551048.000024,-32.833745,-70.121484,2996.856035,158.1,9.449756,7.0,9.9
1788551050.000012,-32.833929,-70.121516,2993.524147,189.5,11.450091,6.4,7.2
1788551051.000005,-32.834006,-70.121582,2990.451355,207.0,11.446387,5.3,6.2
1788551052.000000,-32.834053,-70.121689,2986.689917,232.2,11.363300,4.3,5.3
1788551053.999986,-32.834053,-70.121842,2984.680017,269.3,7.128862,5.9,6.8
1788551059.999952,-32.834039,-70.121860,2983.380080,291.7,0.000000,9.4,8.6
1788551059.999952,-32.834039,-70.121860,2983.380080,291.7,0.000000,9.4,8.6
1788551120.999635,-32.834025,-70.121847,2980.733151,291.7,0.000000,12.1,9.2
1788551181.999975,-32.834015,-70.121908,2979.098716,0.7,0.000000,9.4,9.9
1788551198.999891,-32.833987,-70.122012,2980.361285,304.7,2.831261,7.9,8.5
1788551201.999877,-32.833944,-70.122135,2978.263600,291.4,4.651779,6.9,8.0
1788551203.999867,-32.833903,-70.122264,2976.993466,291.1,6.280214,6.3,7.7
1788551205.999858,-32.833851,-70.122406,2975.108833,292.8,7.466420,5.4,6.6
1788551207.999847,-32.833794,-70.122595,2971.592027,289.3,9.587442,4.0,5.3
1788551208.999842,-32.833757,-70.122699,2969.232774,292.8,10.336507,3.6,4.9
1788551209.999837,-32.833711,-70.122794,2967.589655,299.2,10.371409,4.8,6.7
1788551210.999832,-32.833645,-70.122887,2965.928120,308.9,10.592746,5.4,7.7
1788551211.999827,-32.833563,-70.122950,2964.093225,321.5,10.543840,7.4,9.6
1788551212.999822,-32.833485,-70.123025,2965.389510,322.9,10.389651,8.2,10.1
1788551213.999817,-32.833426,-70.123108,2967.248602,315.4,10.307914,6.9,8.7
1788551214.999812,-32.833348,-70.123161,2962.657820,320.9,10.551737,6.8,8.1
1788551215.999807,-32.833299,-70.123266,2959.684883,302.3,10.940433,7.0,7.6
1788551216.999801,-32.833319,-70.123371,2953.587070,270.6,10.880423,9.0,10.3
1788551217.999797,-32.833402,-70.123492,2950.893595,245.3,12.602212,11.2,12.7
1788551218.999792,-32.833408,-70.123654,2947.937395,263.9,14.441070,11.0,13.6
1788551219.999787,-32.833347,-70.123767,2944.167278,287.1,13.797057,13.9,17.7
1788551220.999781,-32.833347,-70.123928,2942.326129,274.3,14.058589,9.0,11.3
1788551221.999777,-32.833376,-70.124092,2940.401644,262.1,14.919110,9.1,11.0
1788551222.999771,-32.833367,-70.124232,2937.902930,273.9,14.121127,8.9,10.8
1788551223.999767,-32.833337,-70.124392,2935.636141,274.2,14.680638,14.5,16.9
1788551224.999761,-32.833383,-70.124522,2930.626669,257.2,14.518305,12.1,13.7
1788551225.999757,-32.833370,-70.124702,2929.064403,271.6,14.957217,7.2,9.0
1788551226.999751,-32.833329,-70.124809,2923.546883,281.0,13.385181,6.4,7.5
1788551227.999746,-32.833366,-70.124909,2918.912459,257.5,12.058012,10.4,11.7
1788551229.999736,-32.833459,-70.124974,2916.398200,226.1,5.990379,7.5,9.8
1788551235.999705,-32.833448,-70.124962,2913.825944,213.6,0.000000,9.0,8.4
1788551235.999705,-32.833448,-70.124962,2913.825944,213.6,0.000000,9.0,8.4
1788551262.999569,-32.833498,-70.125092,2911.586299,257.2,4.890653,5.2,6.6
1788551264.999559,-32.833483,-70.125214,2911.071116,286.7,5.621258,5.1,7.0
1788551266.999548,-32.833457,-70.125324,2910.215638,281.6,5.513469,5.7,7.0
1788551268.999538,-32.833479,-70.125501,2907.420506,262.1,7.896378,4.8,6.5
1788551269.999532,-32.833503,-70.125606,2906.801968,257.0,9.214675,5.7,6.9
1788551270.999528,-32.833539,-70.125705,2903.414748,251.0,10.157390,5.2,6.1
1788551271.999522,-32.833581,-70.125819,2899.285374,247.9,11.551390,5.4,6.6
1788551272.999518,-32.833639,-70.125936,2894.879192,240.9,12.692907,4.9,5.5
1788551273.999513,-32.833724,-70.126052,2888.549432,233.5,14.523193,10.6,12.7
1788551274.999507,-32.833814,-70.126173,2882.681257,230.2,15.729507,8.8,11.8
1788551275.999503,-32.833921,-70.126284,2878.043164,223.0,16.366177,6.2,7.5
1788551276.999497,-32.834032,-70.126376,2874.628077,218.7,16.101008,7.7,9.8
1788551277.999492,-32.834147,-70.126464,2872.647882,217.4,15.449569,6.8,8.4
1788551278.999487,-32.834249,-70.126585,2871.649139,223.1,15.554521,5.8,6.6
1788551279.999482,-32.834353,-70.126692,2869.880498,223.2,15.249134,5.2,6.3
1788551280.999477,-32.834447,-70.126812,2866.967023,226.0,15.324511,5.6,6.9
1788551281.999472,-32.834534,-70.126957,2864.777500,231.7,16.154417,4.5,5.4
1788551282.999467,-32.834605,-70.127087,2863.233740,235.0,15.400904,6.7,7.2
1788551283.999461,-32.834666,-70.127218,2864.434044,239.3,14.265535,5.9,6.2
1788551285.000029,-32.834722,-70.127334,2865.176836,239.2,13.111282,6.5,6.8
1788551286.000031,-32.834769,-70.127425,2866.200878,239.8,11.028524,7.0,7.1
1788551288.000024,-32.834854,-70.127568,2867.590226,233.4,7.740862,6.3,6.4
1788551294.000022,-32.834902,-70.127576,2867.953500,103.0,0.000000,7.0,6.2
1788551294.000022,-32.834902,-70.127576,2867.953500,103.0,0.000000,7.0,6.2
1788551318.999915,-32.835012,-70.127594,2865.697114,181.6,2.149494,6.3,6.2
1788551324.999885,-32.835015,-70.127570,2865.964898,137.6,0.000000,6.6,5.9
1788551324.999885,-32.835015,-70.127570,2865.964898,137.6,0.000000,6.6,5.9
1788551348.999764,-32.834997,-70.127454,2866.283696,95.4,1.164600,5.5,5.4
1788551371.999646,-32.834984,-70.127331,2865.442021,72.8,1.175950,6.3,5.7
1788551387.999565,-32.834988,-70.127221,2864.439107,70.9,2.316319,6.3,6.4
1788551392.999540,-32.834994,-70.127112,2867.912339,90.3,1.213215,5.5,5.8
1788551398.999509,-32.834982,-70.126980,2870.917882,85.4,2.956709,5.4,5.6
1788551404.999479,-32.834978,-70.126886,2874.162892,91.6,0.000000,5.1,5.0
1788551404.999479,-32.834978,-70.126886,2874.162892,91.6,0.000000,5.1,5.0
1788551409.999454,-32.834981,-70.126777,2877.926653,92.9,1.907011,4.6,4.7
1788551416.000009,-32.834976,-70.126657,2879.510706,88.4,2.464039,4.0,4.3
1788551422.000007,-32.834971,-70.126535,2880.826129,87.1,0.000000,3.0,4.5
1788551422.000007,-32.834971,-70.126535,2880.826129,87.1,0.000000,3.0,4.5
1788551427.999990,-32.834973,-70.126426,2883.406932,87.3,1.913191,3.4,5.3
1788551433.999956,-32.834972,-70.126306,2887.019994,93.8,2.083370,4.2,5.5
1788551439.999922,-32.834963,-70.126196,2887.170656,82.2,0.000000,4.9,6.0
1788551439.999922,-32.834963,-70.126196,2887.170656,82.2,0.000000,4.9,6.0
1788551446.999885,-32.834958,-70.126057,2892.608900,81.5,0.000000,6.0,7.4
1788551451.999858,-32.834965,-70.125931,2896.060010,100.4,2.202172,5.5,8.9
1788551457.999827,-32.834984,-70.125818,2900.516121,86.0,0.000000,4.9,9.9
1788551457.999827,-32.834984,-70.125818,2900.516121,86.0,0.000000,4.9,9.9
1788551464.999791,-32.834961,-70.125698,2905.348327,85.8,1.883397,8.0,9.8
1788551470.999760,-32.834943,-70.125562,2910.807843,78.9,2.437579,6.7,9.1
1788551476.999730,-32.834936,-70.125473,2913.814343,89.9,0.000000,7.2,8.8
1788551476.999730,-32.834936,-70.125473,2913.814343,89.9,0.000000,7.2,8.8
1788551482.999699,-32.834951,-70.125357,2918.415354,90.2,1.759209,8.6,8.1
1788551488.999668,-32.834950,-70.125250,2923.706615,79.5,2.132387,7.6,7.3
1788551494.999638,-32.834960,-70.125148,2925.150881,88.7,0.000000,6.4,6.3
1788551494.999638,-32.834960,-70.125148,2925.150881,88.7,0.000000,6.4,6.3
1788551501.999602,-32.834960,-70.125012,2928.660865,88.0,1.774859,5.8,5.3
1788551507.999571,-32.834959,-70.124896,2932.311124,89.2,1.908817,5.3,5.1
1788551513.999542,-32.834957,-70.124775,2938.139411,89.4,1.825251,5.0,4.6
1788551520.999505,-32.834960,-70.124647,2940.925539,89.1,1.917698,5.3,4.5
1788551528.999466,-32.834958,-70.124495,2946.548170,88.5,1.872421,4.6,4.4
1788551534.999435,-32.834959,-70.124373,2948.140978,87.2,2.079563,5.4,4.5
1788551540.999991,-32.834960,-70.124253,2950.017590,86.5,0.000000,5.4,4.8
1788551540.999991,-32.834960,-70.124253,2950.017590,86.5,0.000000,5.4,4.8
1788551546.999997,-32.834961,-70.124132,2951.508205,91.4,1.895530,5.6,4.8
1788551552.999985,-32.834957,-70.124010,2953.040447,87.8,1.814529,5.0,4.6
1788551558.999957,-32.834957,-70.123894,2954.791635,88.9,1.700993,5.5,4.5
1788551564.999928,-32.834956,-70.123772,2955.868751,90.8,1.849466,6.1,4.7
1788551570.999899,-32.834957,-70.123650,2957.569266,93.7,1.844456,6.0,4.8
1788551576.999870,-32.834947,-70.123527,2960.089515,89.6,1.917511,4.2,4.9
1788551588.999810,-32.834932,-70.123304,2963.232190,88.7,1.844854,5.6,5.5
1788551594.999780,-32.834928,-70.123185,2967.149366,88.4,1.826640,6.5,6.1
1788551601.999745,-32.834929,-70.123045,2972.155751,89.8,1.834091,6.3,6.1
1788551644.999535,-32.834924,-70.122933,2976.302474,84.6,0.286003,5.4,6.2
1788551650.999505,-32.834901,-70.122808,2977.242710,73.0,2.396133,3.7,5.8
1788551656.999475,-32.834925,-70.122758,2977.346152,101.1,0.000000,4.0,6.2
1788551656.999475,-32.834925,-70.122758,2977.346152,101.1,0.000000,4.0,6.2
1788551662.999989,-32.834914,-70.122637,2977.825312,91.2,1.477390,5.8,6.3
1788551669.999992,-32.834919,-70.122524,2981.463680,83.2,1.530109,6.7,6.4
1788551678.999981,-32.834922,-70.122393,2984.557977,91.4,1.447227,6.2,5.7
1788551686.999945,-32.834923,-70.122277,2985.441301,90.5,1.465814,5.0,4.9
1788551693.999912,-32.834914,-70.122116,2988.299438,85.9,2.298922,3.9,5.1
1788551699.999884,-32.834898,-70.122004,2989.133000,91.8,0.000000,4.5,6.0
1788551699.999884,-32.834898,-70.122004,2989.133000,91.8,0.000000,4.5,6.0
1788551707.999845,-32.834887,-70.121869,2988.935404,75.7,1.723756,4.0,7.1
1788551713.999815,-32.834907,-70.121746,2992.677317,95.1,2.037220,5.8,7.7
1788551719.999786,-32.834910,-70.121622,2991.040735,87.5,0.000000,5.7,6.9
1788551719.999786,-32.834910,-70.121622,2991.040735,87.5,0.000000,5.7,6.9
1788551724.999761,-32.834913,-70.121505,2993.307359,90.6,1.824915,6.5,6.5
1788551731.999727,-32.834929,-70.121394,2996.313171,148.2,1.222124,6.0,6.1
1788551737.999696,-32.834920,-70.121272,2995.547787,85.4,2.106471,5.5,5.9
1788551742.999673,-32.834915,-70.121156,2994.421393,88.1,0.000000,5.8,6.0
1788551742.999673,-32.834915,-70.121156,2994.421393,88.1,0.000000,5.8,6.0
1788551747.999648,-32.834948,-70.121034,2996.265799,125.6,3.726009,5.4,5.8
1788551753.999618,-32.834992,-70.121020,2995.857305,192.4,0.000000,5.7,5.4
1788551753.999618,-32.834992,-70.121020,2995.857305,192.4,0.000000,5.7,5.4
1788551760.999583,-32.835083,-70.121032,2996.033569,195.8,1.551230,4.6,5.2
1788551766.999553,-32.835170,-70.121114,2995.505216,231.5,3.198553,4.4,4.8
1788551768.999543,-32.835210,-70.121213,2994.306284,247.8,5.028042,4.7,5.1
1788551771.999529,-32.835155,-70.121368,2992.502366,282.2,5.649119,4.8,5.3
1788551774.999514,-32.835116,-70.121537,2989.450475,289.5,5.588452,4.4,5.3
1788551776.999503,-32.835043,-70.121663,2989.226090,309.4,6.292631,4.5,5.3
1788551778.999494,-32.834934,-70.121697,2988.779679,350.0,5.719188,5.7,6.1
1788551781.999479,-32.834799,-70.121638,2988.758234,26.2,5.475042,5.8,5.4
1788551784.999464,-32.834700,-70.121528,2987.519291,37.7,5.218702,5.2,5.4
1788551787.999450,-32.834616,-70.121443,2987.149696,43.3,4.119631,5.5,5.5
1788551791.999971,-32.834522,-70.121391,2985.958969,17.4,3.059647,5.0,5.6
1788551794.999972,-32.834415,-70.121376,2985.753620,5.3,4.564727,5.0,5.4
1788551797.999974,-32.834288,-70.121404,2986.726504,351.7,5.082237,5.6,5.5
1788551800.999980,-32.834198,-70.121481,2984.578764,323.7,4.087079,6.1,5.8
1788551803.999975,-32.834140,-70.121579,2981.676001,312.1,3.281160,6.1,6.1
1788551809.999950,-32.834126,-70.121629,2979.100804,304.7,0.000000,7.5,6.6
1788551809.999950,-32.834126,-70.121629,2979.100804,304.7,0.000000,7.5,6.6
1788551870.999660,-32.834074,-70.121702,2979.949964,313.7,0.000000,10.3,8.3
1788551931.999888,-32.834097,-70.121684,2981.480014,-1.0,0.000000,6.9,6.5
1788551992.999660,-32.834099,-70.121701,2980.368411,-1.0,0.099976,8.8,7.1
1788551999.999629,-32.834041,-70.121804,2979.602135,295.8,2.120200,9.0,8.1
1788552003.999611,-32.834002,-70.121909,2978.582658,283.7,3.045271,9.0,8.2
1788552005.999601,-32.833978,-70.122022,2976.967519,283.7,5.212211,8.8,8.0
1788552007.999592,-32.834011,-70.122160,2974.112069,251.7,6.695612,7.4,7.8
1788552009.999584,-32.834031,-70.122367,2970.689713,267.3,9.647104,6.0,6.2
1788552010.999580,-32.834018,-70.122475,2969.775564,275.1,10.287402,5.6,5.6
1788552011.999574,-32.834036,-70.122582,2965.936711,262.0,10.622135,5.0,5.8
1788552012.999570,-32.834080,-70.122700,2964.248271,250.1,11.330458,4.0,5.0
1788552013.999565,-32.834090,-70.122834,2962.206994,260.6,12.075284,4.7,5.2
1788552014.999561,-32.834116,-70.122966,2959.774086,256.2,12.668026,4.3,5.2
1788552015.999556,-32.834161,-70.123101,2957.609272,252.1,13.302317,6.3,7.3
1788552016.999551,-32.834181,-70.123236,2955.068168,256.4,13.260140,3.8,4.7
1788552017.999548,-32.834226,-70.123387,2954.023175,252.2,14.075439,3.0,3.8
1788552018.999543,-32.834259,-70.123513,2949.341520,251.6,13.865961,3.0,3.7
1788552019.999538,-32.834319,-70.123641,2947.982249,244.9,13.998737,5.2,6.3
1788552020.999533,-32.834361,-70.123761,2945.289636,246.9,13.159288,5.8,6.7
1788552021.999529,-32.834407,-70.123896,2944.214324,247.4,13.277824,6.0,6.4
1788552022.999524,-32.834448,-70.124020,2942.616560,247.6,12.744741,4.8,5.3
1788552023.999520,-32.834492,-70.124131,2941.670367,245.6,12.052779,4.8,5.0
1788552024.999516,-32.834534,-70.124227,2941.499834,243.5,10.925144,6.5,6.6
1788552026.999507,-32.834616,-70.124389,2939.368134,237.9,8.918355,6.1,6.3
1788552028.999497,-32.834706,-70.124472,2940.938689,214.2,5.704262,6.3,6.2
1788552034.999470,-32.834736,-70.124462,2940.463033,166.7,0.000000,6.8,6.3
1788552034.999470,-32.834736,-70.124462,2940.463033,166.7,0.000000,6.8,6.3
1788552069.999900,-32.834816,-70.124411,2937.923241,102.2,1.072969,6.6,6.0
1788552072.999890,-32.834817,-70.124299,2938.397691,93.0,2.760423,5.9,6.1
1788552078.999868,-32.834819,-70.124207,2939.611546,92.8,0.000000,5.9,5.9
1788552078.999868,-32.834819,-70.124207,2939.611546,92.8,0.000000,5.9,5.9
1788552085.999842,-32.834820,-70.124096,2940.398767,87.2,2.086673,6.1,6.1
1788552091.999818,-32.834823,-70.123976,2941.546699,91.1,0.000000,6.2,6.1
1788552091.999818,-32.834823,-70.123976,2941.546699,91.1,0.000000,6.2,6.1
1788552097.999793,-32.834823,-70.123866,2942.363030,87.5,2.088162,6.1,6.0
1788552103.999768,-32.834824,-70.123759,2944.919008,91.0,0.000000,6.4,5.9
1788552103.999768,-32.834824,-70.123759,2944.919008,91.0,0.000000,6.4,5.9
1788552109.999744,-32.834825,-70.123641,2946.764790,90.0,1.645249,5.7,5.6
1788552115.999718,-32.834824,-70.123529,2950.080049,89.3,1.694870,5.6,5.6
1788552121.999693,-32.834826,-70.123416,2953.336880,89.7,1.755681,6.0,5.9
1788552128.999663,-32.834820,-70.123292,2956.383411,88.8,1.789813,7.3,5.9
1788552134.999637,-32.834828,-70.123182,2960.076474,92.7,1.705260,8.3,6.3
1788552141.999608,-32.834837,-70.123061,2964.544777,102.0,1.727042,8.4,6.6
1788552147.999582,-32.834837,-70.122949,2968.606702,90.4,1.912905,8.7,6.8
1788552153.999556,-32.834837,-70.122840,2971.642589,89.4,1.816206,7.6,6.3
1788552159.999531,-32.834842,-70.122733,2972.672541,93.3,1.737836,6.5,6.0
1788552165.999504,-32.834851,-70.122612,2973.978242,91.9,2.093180,5.2,5.3
1788552172.000053,-32.834854,-70.122502,2974.824364,88.3,0.000000,4.7,5.0
1788552172.000053,-32.834854,-70.122502,2974.824364,88.3,0.000000,4.7,5.0
1788552179.000050,-32.834853,-70.122377,2976.318892,92.0,1.825764,5.0,5.1
1788552186.000022,-32.834858,-70.122248,2978.379271,92.0,1.992690,5.1,5.2
1788552191.999992,-32.834865,-70.122128,2980.189740,84.4,1.912958,5.1,5.4
1788552198.999960,-32.834878,-70.122005,2981.731629,97.8,1.906687,5.4,5.6
1788552204.999933,-32.834878,-70.121891,2983.764167,89.1,1.772553,5.0,5.3
1788552211.999901,-32.834864,-70.121765,2986.145669,76.3,2.096651,5.4,5.6
1788552215.999884,-32.834828,-70.121664,2986.386105,68.6,2.113686,5.9,6.3
1788552221.999858,-32.834793,-70.121603,2986.087993,45.9,0.000000,7.2,7.2
1788552221.999858,-32.834793,-70.121603,2986.087993,45.9,0.000000,7.2,7.2
1788552226.999836,-32.834714,-70.121534,2985.829823,35.3,2.048563,6.4,6.3
1788552231.999814,-32.834635,-70.121477,2985.873065,30.0,2.329416,5.9,6.0
1788552236.999791,-32.834542,-70.121457,2985.423909,356.6,2.349993,5.8,5.8
1788552239.999779,-32.834404,-70.121450,2981.919245,359.1,5.822880,5.2,5.4
1788552242.999765,-32.834270,-70.121473,2981.396237,347.5,4.705416,5.3,5.1
1788552246.999748,-32.834175,-70.121575,2980.457887,312.2,4.155899,5.2,5.1
1788552249.999734,-32.834107,-70.121684,2979.474561,300.7,4.517485,5.5,5.1
1788552252.999722,-32.834054,-70.121819,2978.997615,300.2,4.988923,5.0,4.8
1788552255.999709,-32.833977,-70.121927,2978.873284,308.6,4.418612,4.8,4.8
1788552258.999695,-32.833905,-70.122008,2978.325234,314.7,3.489146,4.6,5.0
1788552263.999673,-32.833854,-70.122118,2977.320460,275.0,2.958488,5.9,5.5
1788552265.999665,-32.833921,-70.122196,2974.248099,216.0,5.114698,5.0,5.4
1788552267.999656,-32.834032,-70.122210,2973.739890,182.1,5.725779,5.3,5.4
1788552270.999642,-32.834080,-70.122327,2971.228651,273.2,3.858338,5.4,5.9
1788552276.999617,-32.834046,-70.122336,2970.663149,326.8,0.000000,7.5,6.4
1788552276.999617,-32.834046,-70.122336,2970.663149,326.8,0.000000,7.5,6.4
1788552307.000084,-32.834005,-70.122380,2968.294689,321.1,0.000000,12.0,10.3
1788552307.000084,-32.834005,-70.122380,2968.294689,321.1,0.000000,12.0,10.3
1788552322.999983,-32.833951,-70.122470,2968.169199,296.0,1.174246,11.5,10.1
1788552337.999904,-32.833879,-70.122575,2966.180305,303.5,2.982551,9.7,9.4
1788552340.999890,-32.833793,-70.122696,2964.604222,311.6,5.576877,9.8,9.2
1788552342.999879,-32.833719,-70.122806,2962.043313,309.8,7.062631,9.2,9.2
1788552344.999871,-32.833654,-70.122937,2960.856986,304.3,7.621546,9.9,9.8
1788552346.999861,-32.833544,-70.123049,2958.379757,316.8,8.008715,9.0,8.4
1788552348.999851,-32.833441,-70.123172,2957.372371,315.8,8.252680,7.8,7.5
1788552350.999842,-32.833354,-70.123340,2951.956919,296.6,9.542831,6.4,6.1
1788552351.999837,-32.833355,-70.123459,2947.434068,274.4,10.563068,6.1,5.5
1788552352.999832,-32.833401,-70.123591,2941.147024,254.6,12.313772,7.1,6.2
1788552353.999828,-32.833408,-70.123740,2939.391722,264.6,13.558430,6.0,5.4
1788552354.999823,-32.833363,-70.123878,2937.387738,283.4,13.647029,6.4,5.7
1788552355.999818,-32.833338,-70.124009,2935.275331,280.5,13.251988,9.5,8.1
1788552356.999813,-32.833385,-70.124151,2931.104331,256.5,13.581698,7.5,6.2
1788552357.999809,-32.833458,-70.124248,2929.037201,236.9,12.489522,7.2,6.4
1788552359.999799,-32.833586,-70.124345,2925.669714,221.6,8.878173,6.4,5.7
1788552361.999790,-32.833581,-70.124514,2922.353204,261.9,7.788184,7.0,7.0
1788552366.999767,-32.833661,-70.124603,2920.519567,244.6,3.420891,5.8,6.2
1788552372.999739,-32.833653,-70.124640,2920.191063,333.8,0.000000,7.2,6.4
1788552372.999739,-32.833653,-70.124640,2920.191063,333.8,0.000000,7.2,6.4
1788552382.999693,-32.833631,-70.124752,2917.118022,241.5,3.714972,6.5,6.4
1788552384.999683,-32.833729,-70.124803,2914.909762,203.2,5.799599,6.0,6.3
1788552386.999674,-32.833817,-70.124886,2914.958149,217.6,6.412217,6.0,6.4
1788552389.999660,-32.833889,-70.124996,2915.575962,244.6,4.490727,5.9,6.2
1788552391.999651,-32.833833,-70.125131,2911.279575,298.9,7.430895,6.0,6.2
1788552392.999647,-32.833768,-70.125235,2906.481313,304.0,10.407585,7.0,7.0
1788552394.999638,-32.833673,-70.125387,2906.739626,311.5,9.330715,6.2,5.6
1788552396.999628,-32.833549,-70.125494,2905.763029,321.5,8.493538,6.7,6.3
1788552398.999619,-32.833475,-70.125588,2907.198766,313.9,6.405868,5.5,5.2
1788552404.999591,-32.833418,-70.125618,2906.138914,317.1,0.000000,8.1,7.3
1788552404.999591,-32.833418,-70.125618,2906.138914,317.1,0.000000,8.1,7.3
1788552449.999970,-32.833472,-70.125765,2902.794284,223.6,5.724488,7.1,7.3
1788552451.999960,-32.833592,-70.125925,2896.507513,227.2,10.238466,5.4,6.0
1788552452.999954,-32.833662,-70.125999,2891.458014,225.2,11.453732,4.3,5.1
1788552453.999949,-32.833741,-70.126083,2885.360248,223.6,12.589610,4.4,5.0
1788552454.999944,-32.833843,-70.126215,2880.454891,225.3,15.489094,3.7,4.3
1788552455.999939,-32.833927,-70.126311,2876.512015,226.0,15.231294,3.2,3.3
1788552456.999933,-32.834014,-70.126433,2874.892684,227.9,15.386498,3.4,3.8
1788552457.999929,-32.834106,-70.126556,2872.168677,228.7,15.491786,3.0,3.1
1788552458.999923,-32.834191,-70.126680,2870.141552,230.3,15.272305,3.1,3.1
1788552459.999917,-32.834279,-70.126805,2868.192615,230.9,15.332270,4.6,4.7
1788552460.999913,-32.834368,-70.126932,2864.489782,230.9,15.726349,3.5,3.6
1788552461.999908,-32.834460,-70.127064,2861.284484,229.9,16.198435,3.2,3.2
1788552462.999902,-32.834548,-70.127191,2861.008034,230.7,15.735356,5.4,5.6
1788552463.999897,-32.834623,-70.127295,2862.319614,230.6,14.000124,4.5,4.7
1788552464.999892,-32.834690,-70.127393,2863.212681,230.6,12.447067,3.3,3.3
1788552465.999888,-32.834760,-70.127478,2865.500655,227.8,11.136994,4.6,4.6
1788552467.999877,-32.834861,-70.127584,2867.720454,223.0,7.542519,4.6,4.7
1788552473.999848,-32.834916,-70.127587,2868.758138,146.4,0.000000,6.5,5.9
1788552473.999848,-32.834916,-70.127587,2868.758138,146.4,0.000000,6.5,5.9
1788552497.999730,-32.834995,-70.127534,2867.223716,137.0,0.530434,6.5,6.2
1788552518.999629,-32.834996,-70.127420,2870.477758,108.8,0.525070,7.7,7.2
1788552564.000006,-32.834976,-70.127312,2867.919724,86.8,1.184755,7.5,8.6
1788552580.999915,-32.834987,-70.127205,2864.845285,87.0,2.865819,8.2,8.6
1788552586.999886,-32.834973,-70.127091,2870.992812,83.5,0.420762,8.3,8.0
1788552586.999886,-32.834973,-70.127091,2870.992812,83.5,0.000000,8.3,8.0
1788552592.999855,-32.834969,-70.126979,2874.724310,91.9,1.138758,7.4,7.3
1788552597.999830,-32.834953,-70.126867,2876.005821,81.9,2.451841,6.9,7.9
1788552603.999801,-32.834956,-70.126751,2878.512328,86.8,0.000000,8.1,7.8
1788552603.999801,-32.834956,-70.126751,2878.512328,86.8,0.000000,8.1,7.8
1788552609.999771,-32.834955,-70.126636,2880.606330,93.8,1.560613,8.5,7.8
1788552614.999746,-32.834955,-70.126527,2884.160459,88.1,1.912421,7.4,7.4
1788552620.999716,-32.834952,-70.126413,2886.168463,93.2,1.786128,7.3,7.2
1788552626.999687,-32.834950,-70.126291,2889.035050,88.5,1.942929,7.4,7.4
1788552632.999657,-32.834949,-70.126176,2892.040545,87.1,1.889300,7.1,7.1
1788552638.999628,-32.834948,-70.126067,2895.077725,91.3,1.852858,7.4,7.0
1788552645.999594,-32.834951,-70.125936,2898.216720,89.9,1.865051,7.8,7.3
1788552651.999564,-32.834946,-70.125822,2903.351618,87.8,1.819400,7.4,7.0
1788552658.999530,-32.834940,-70.125690,2907.299630,89.1,1.827640,7.1,6.7
1788552665.999495,-32.834939,-70.125562,2913.807921,89.3,1.763965,6.0,6.3
1788552672.000035,-32.834931,-70.125449,2918.830734,92.0,1.870179,6.7,6.7
1788552679.000028,-32.834930,-70.125319,2924.819982,90.5,1.884345,7.3,7.1
1788552685.000025,-32.834933,-70.125203,2927.534410,91.0,1.982223,7.8,8.1
1788552691.999982,-32.834923,-70.125083,2928.144870,87.9,1.979619,8.3,8.4
1788552698.999941,-32.834933,-70.124950,2932.753561,88.9,1.898652,8.5,8.5
1788552704.999908,-32.834932,-70.124832,2935.538431,85.3,1.867879,8.9,8.3
1788552710.999876,-32.834929,-70.124719,2938.342715,96.4,1.714875,6.4,7.7
1788552717.999840,-32.834922,-70.124603,2942.515286,86.7,0.000000,8.1,8.9
1788552722.999814,-32.834925,-70.124485,2946.080983,91.7,1.926965,9.2,9.3
1788552727.999788,-32.834918,-70.124375,2946.240414,77.1,1.853233,8.9,10.2
1788552734.999753,-32.834921,-70.124251,2948.955209,89.7,1.966802,9.8,10.3
1788552740.999723,-32.834920,-70.124129,2951.931308,101.8,2.090657,8.9,10.2
1788552746.999693,-32.834920,-70.124006,2953.016644,95.6,0.000000,10.1,9.6
1788552746.999693,-32.834920,-70.124006,2953.016644,95.6,0.000000,10.1,9.6
1788552752.999663,-32.834913,-70.123897,2954.304521,89.8,1.576703,9.2,8.6
1788552758.999633,-32.834916,-70.123773,2956.524558,89.1,1.867243,9.1,8.2
1788552764.999603,-32.834912,-70.123654,2957.167495,92.8,1.886258,8.7,8.5
1788552774.999564,-32.834916,-70.123504,2961.500016,79.6,0.000000,10.4,12.3
1788552809.000019,-32.834928,-70.123370,2964.213448,93.9,0.000000,8.8,9.2
1788552815.999984,-32.834916,-70.123260,2966.834531,87.7,1.353239,8.0,8.6
1788552824.999931,-32.834910,-70.123142,2974.481107,91.4,1.417701,8.9,7.8
1788552830.999898,-32.834912,-70.123035,2978.113851,90.7,1.884184,8.6,7.5
1788552836.999865,-32.834915,-70.122925,2982.043325,94.3,1.794746,7.8,7.2
1788552844.999823,-32.834909,-70.122804,2983.242217,89.5,1.518681,8.9,7.9
1788552852.999782,-32.834913,-70.122691,2982.223348,90.0,1.804366,8.5,7.6
1788552858.999752,-32.834910,-70.122565,2983.876004,90.8,2.123310,8.3,7.1
1788552864.999721,-32.834907,-70.122453,2985.059759,85.0,0.000000,8.0,6.9
1788552864.999721,-32.834907,-70.122453,2985.059759,85.0,0.000000,8.0,6.9
1788552870.999691,-32.834903,-70.122324,2986.870786,82.5,2.036020,7.4,7.1
1788552876.999661,-32.834898,-70.122205,2988.635865,89.7,0.000000,8.7,7.6
1788552876.999661,-32.834898,-70.122205,2988.635865,89.7,0.000000,8.7,7.6
1788552881.999636,-32.834913,-70.122088,2991.298924,98.2,2.308162,8.5,7.4
1788552887.999606,-32.834908,-70.121973,2991.993653,90.5,0.000000,8.0,7.1
1788552887.999606,-32.834908,-70.121973,2991.993653,90.5,0.000000,8.0,7.1
1788552892.999580,-32.834904,-70.121866,2993.197489,88.0,1.987458,7.8,6.9
1788552898.999550,-32.834903,-70.121740,2993.501544,96.5,1.915457,8.3,7.3
1788552904.999520,-32.834890,-70.121619,2993.153979,80.0,1.961463,8.8,7.8
1788552910.999491,-32.834893,-70.121487,2993.772745,91.9,2.100728,8.3,8.7
1788552916.999461,-32.834893,-70.121367,2994.742307,92.2,0.000000,9.4,9.6
1788552916.999461,-32.834893,-70.121367,2994.742307,92.2,0.000000,9.4,9.6
1788552923.000003,-32.834892,-70.121256,2994.468389,87.0,1.845614,12.6,10.3
1788552929.000011,-32.834898,-70.121138,2995.149176,85.9,2.002690,12.3,9.7
1788552934.000012,-32.834844,-70.121041,2996.742016,25.4,2.577121,9.9,8.8
1788552939.999998,-32.834805,-70.121021,2994.627044,357.9,0.000000,9.8,8.7
1788552939.999998,-32.834805,-70.121021,2994.627044,357.9,0.000000,9.8,8.7
1788552945.999971,-32.834714,-70.120995,2994.922845,2.7,1.855076,10.3,9.3
1788552950.999949,-32.834619,-70.120990,2994.076445,359.6,2.131510,9.8,9.1
1788552956.999921,-32.834529,-70.120974,2994.077809,3.6,0.000000,11.1,9.1
1788552956.999921,-32.834529,-70.120974,2994.077809,3.6,0.000000,11.1,9.1
1788552965.999877,-32.834425,-70.120957,2993.958342,3.1,1.525046,10.8,8.7
1788552969.999857,-32.834330,-70.120942,2992.903809,11.7,3.530975,10.1,8.6
1788552972.999842,-32.834197,-70.120944,2991.866447,357.3,5.369636,10.0,8.4
1788552974.999832,-32.834103,-70.121002,2990.941161,327.5,5.833029,10.1,8.3
1788552976.999822,-32.834071,-70.121116,2988.647926,292.5,5.641469,9.4,8.1
1788552982.999792,-32.834036,-70.121157,2988.463376,306.7,0.000000,10.9,8.5
1788552982.999792,-32.834036,-70.121157,2988.463376,306.7,0.000000,10.9,8.5
1788552993.999737,-32.834000,-70.121263,2986.724855,289.9,3.435541,10.1,9.3
1788552996.999722,-32.833954,-70.121380,2986.031965,297.3,3.909747,9.8,9.0
1788552999.999707,-32.833899,-70.121493,2985.969741,299.8,3.832747,8.8,8.6
1788553002.999691,-32.833849,-70.121593,2985.507486,301.4,3.440131,9.1,8.3
1788553006.999672,-32.833801,-70.121699,2984.603651,301.2,2.770891,9.3,8.2
1788553010.999651,-32.833744,-70.121802,2984.501784,297.0,2.881084,9.3,8.4
1788553013.999637,-32.833706,-70.121918,2982.535642,292.0,3.987422,8.6,8.8
1788553016.999621,-32.833652,-70.122021,2982.264241,307.6,3.586460,10.2,9.8
1788553019.999607,-32.833602,-70.122123,2980.181063,293.2,4.197927,10.0,9.6
1788553021.999597,-32.833596,-70.122267,2976.802150,269.5,6.881655,8.9,9.4
1788553023.999586,-32.833618,-70.122431,2972.218694,269.9,7.270859,7.3,9.0
1788553029.999556,-32.833564,-70.122462,2973.574323,315.3,0.000000,10.2,8.5
1788553029.999556,-32.833564,-70.122462,2973.574323,315.3,0.000000,10.2,8.5
1788553056.000009,-32.833510,-70.122565,2972.345212,305.0,2.848085,9.5,8.3
1788553059.000006,-32.833440,-70.122659,2970.591572,311.5,4.258401,9.2,8.2
1788553062.000002,-32.833353,-70.122779,2968.311031,312.9,5.018336,8.4,8.3
1788553063.999994,-32.833282,-70.122857,2968.287188,316.9,5.373910,9.2,8.7
1788553065.999986,-32.833234,-70.122949,2965.621516,298.0,5.627642,9.5,8.5
1788553067.999977,-32.833314,-70.123064,2960.753443,220.7,7.005191,9.1,8.1
1788553069.999969,-32.833386,-70.123209,2955.780602,254.9,8.013552,9.7,9.3
1788553070.999964,-32.833344,-70.123319,2952.098806,286.5,9.681465,8.7,8.6
1788553071.999960,-32.833291,-70.123422,2949.032255,294.2,11.018612,11.1,9.7
1788553072.999956,-32.833312,-70.123551,2946.748053,267.6,11.557910,8.9,7.5
1788553073.999951,-32.833378,-70.123686,2943.398981,247.5,13.340919,8.0,6.6
1788553074.999946,-32.833386,-70.123812,2940.915998,263.0,12.499308,8.5,7.2
1788553075.999942,-32.833347,-70.123950,2939.018600,279.3,12.769044,6.8,5.7
1788553076.999937,-32.833381,-70.124094,2935.781960,258.1,13.320239,6.0,4.7
1788553077.999933,-32.833421,-70.124225,2932.268143,253.6,13.582684,8.0,5.9
1788553078.999928,-32.833405,-70.124355,2928.016191,272.2,12.952429,6.5,5.2
1788553079.999924,-32.833367,-70.124505,2925.517387,280.3,13.735281,7.4,6.0
1788553080.999918,-32.833402,-70.124635,2922.292238,259.3,13.157056,6.1,4.8
1788553081.999914,-32.833421,-70.124761,2919.023892,263.0,12.655869,6.8,5.4
1788553082.999910,-32.833390,-70.124895,2917.234665,277.8,12.603391,6.0,5.4
1788553083.999904,-32.833422,-70.125025,2913.629376,259.9,12.756985,7.7,5.9
1788553084.999899,-32.833433,-70.125161,2911.377299,265.5,13.019236,7.3,5.9
1788553085.999895,-32.833392,-70.125278,2910.759035,283.0,12.056672,9.1,7.5
1788553087.999885,-32.833327,-70.125434,2910.954385,286.2,8.219259,7.0,5.9
1788553093.999857,-32.833361,-70.125446,2910.699768,199.1,0.000000,9.5,8.0
1788553093.999857,-32.833361,-70.125446,2910.699768,199.1,0.000000,9.5,8.0
1788553154.999553,-32.833377,-70.125430,2912.115829,199.1,0.000000,10.2,9.2
1788553161.999519,-32.833505,-70.125446,2908.330650,175.6,5.193293,8.3,8.7
1788553163.999509,-32.833603,-70.125498,2907.392609,209.4,5.826797,7.0,8.5
1788553165.999499,-32.833587,-70.125645,2906.724841,282.3,5.586723,7.7,10.3
1788553171.999469,-32.833573,-70.125655,2902.991562,310.0,0.000000,9.3,8.2
1788553171.999469,-32.833573,-70.125655,2902.991562,310.0,0.000000,9.3,8.2
1788553186.999999,-32.833606,-70.125769,2897.268915,230.0,4.654568,7.8,7.9
1788553188.999996,-32.833732,-70.125878,2891.350292,213.6,8.593266,7.0,7.4
1788553189.999993,-32.833826,-70.125919,2888.213340,203.5,10.261089,6.1,6.7
1788553190.999989,-32.833921,-70.125969,2887.497814,203.9,11.072598,5.6,6.1
1788553191.999984,-32.834011,-70.126016,2885.345889,203.5,11.187142,5.5,6.1
1788553192.999980,-32.834112,-70.126074,2883.328990,204.7,11.921513,4.8,5.1
1788553193.999976,-32.834207,-70.126147,2880.544047,211.7,12.282258,5.0,5.4
1788553194.999972,-32.834267,-70.126263,2877.604855,232.5,12.440186,4.7,5.3
1788553195.999967,-32.834293,-70.126395,2875.540346,250.0,12.489783,3.9,4.5
1788553196.999962,-32.834322,-70.126535,2873.021928,253.5,13.290347,4.1,4.5
1788553197.999958,-32.834373,-70.126668,2870.702788,246.5,13.670307,4.7,5.2
1788553198.999954,-32.834445,-70.126787,2867.533598,238.0,13.768232,5.4,5.6
1788553199.999951,-32.834518,-70.126903,2864.989404,235.2,13.919743,6.2,6.7
1788553200.999945,-32.834587,-70.127024,2864.381574,235.8,13.652188,5.0,5.3
1788553201.999940,-32.834648,-70.127134,2864.270574,236.1,12.735044,4.6,5.0
1788553202.999936,-32.834705,-70.127243,2863.998707,236.8,12.115270,4.3,4.7
1788553203.999931,-32.834759,-70.127337,2864.640202,236.0,11.023729,3.7,4.1
1788553205.999922,-32.834847,-70.127513,2866.185010,239.1,9.503526,4.1,4.5
1788553207.999913,-32.834913,-70.127610,2867.142037,228.4,5.933951,4.0,4.4
1788553213.999885,-32.834970,-70.127573,2868.289642,181.8,0.000000,6.7,6.4
1788553213.999885,-32.834970,-70.127573,2868.289642,181.8,0.000000,6.7,6.4
1788553274.999584,-32.834974,-70.127563,2868.887604,154.0,0.000000,11.1,9.9
1788553294.999485,-32.834880,-70.127582,2868.346793,191.2,0.165028,9.8,9.0
1788553297.999470,-32.834781,-70.127643,2867.141923,331.1,4.585446,9.5,8.7
1788553299.999460,-32.834687,-70.127709,2865.546784,327.4,5.859644,8.2,8.4
1788553301.999855,-32.834590,-70.127828,2864.369872,312.4,7.408209,9.4,8.9
1788553303.999854,-32.834515,-70.127963,2861.383260,304.0,7.515875,8.2,8.1
1788553305.999857,-32.834447,-70.128111,2858.547024,297.5,7.973140,6.4,6.7
1788553307.999865,-32.834380,-70.128281,2857.496637,294.9,8.776581,7.2,7.2
1788553309.999871,-32.834317,-70.128447,2854.817633,293.6,8.926856,12.5,12.4
1788553311.999877,-32.834268,-70.128620,2853.251181,287.4,8.516883,9.3,9.0
1788553313.999886,-32.834248,-70.128784,2854.696196,274.9,7.849775,7.7,7.4
1788553315.999883,-32.834226,-70.128935,2853.922790,272.0,6.810969,7.6,7.6
1788553318.999876,-32.834219,-70.129051,2854.429928,309.8,3.291753,6.7,6.7
1788553324.999859,-32.834190,-70.129079,2853.586662,336.9,0.000000,10.4,9.0
1788553324.999859,-32.834190,-70.129079,2853.586662,336.9,0.000000,10.4,9.0
1788553334.999825,-32.834106,-70.129147,2849.114322,323.0,1.505484,9.8,8.5
1788553350.999758,-32.834042,-70.129067,2854.917750,46.3,1.462614,9.1,8.7
1788553362.999707,-32.834009,-70.128950,2854.264562,64.3,3.080174,10.2,9.3
1788553368.999680,-32.833943,-70.128838,2854.237070,59.1,0.000000,8.1,8.6
1788553368.999680,-32.833943,-70.128838,2854.237070,59.1,0.000000,8.1,8.6
1788553374.999653,-32.833877,-70.128732,2855.925876,53.6,2.567012,8.6,8.6
1788553378.999635,-32.833839,-70.128632,2858.450438,65.6,3.164807,8.4,8.6
1788553384.999608,-32.833782,-70.128526,2861.348227,56.8,0.000000,8.1,8.0
1788553384.999608,-32.833782,-70.128526,2861.348227,56.8,0.000000,8.1,8.0
1788553390.999580,-32.833729,-70.128415,2863.984178,56.4,1.835096,7.8,7.6
1788553395.999559,-32.833666,-70.128301,2866.742421,60.0,2.639140,7.2,7.4
1788553401.999532,-32.833612,-70.128187,2868.117536,57.3,0.000000,8.7,8.4
1788553401.999532,-32.833612,-70.128187,2868.117536,57.3,0.000000,8.7,8.4
1788553407.999504,-32.833558,-70.128073,2869.423076,60.3,2.245513,8.6,8.8
1788553411.999486,-32.833517,-70.127976,2873.637313,63.2,2.689745,9.1,8.9
1788553417.999458,-32.833462,-70.127867,2874.918055,59.7,0.000000,11.1,10.0
1788553417.999458,-32.833462,-70.127867,2874.918055,59.7,0.000000,11.1,10.0
1788553422.999437,-32.833411,-70.127762,2881.392780,64.5,2.618145,11.3,10.4
1788553427.999986,-32.833372,-70.127661,2883.167451,64.1,2.227768,12.1,10.8
1788553432.999992,-32.833317,-70.127542,2884.577506,56.7,2.630305,11.9,12.3
1788553437.999999,-32.833280,-70.127441,2887.898339,63.9,2.100190,14.2,13.7
1788553442.999996,-32.833225,-70.127345,2891.156936,54.4,2.186355,13.9,13.5
1788553448.999974,-32.833167,-70.127233,2895.506405,60.0,0.000000,14.4,13.0
1788553448.999974,-32.833167,-70.127233,2895.506405,60.0,0.000000,14.4,13.0
1788553453.999954,-32.833118,-70.127141,2899.731141,57.1,2.068921,13.4,12.5
1788553459.999929,-32.833068,-70.127027,2905.158466,58.9,0.000000,13.6,12.3
1788553459.999929,-32.833068,-70.127027,2905.158466,58.9,0.000000,13.6,12.3
1788553465.999903,-32.833017,-70.126921,2909.875939,66.5,2.004237,13.5,11.9
1788553470.999881,-32.832959,-70.126835,2911.431662,47.9,1.945378,12.8,11.8
1788553476.999855,-32.832916,-70.126727,2918.705333,58.3,1.785470,12.7,11.1
1788553482.999828,-32.832874,-70.126629,2922.884839,63.5,0.000000,12.9,11.5
1788553487.999806,-32.832823,-70.126523,2927.404101,56.7,2.112515,13.5,11.6
1788553493.999780,-32.832770,-70.126413,2933.660012,64.1,0.881033,13.2,11.4
1788553493.999780,-32.832770,-70.126413,2933.660012,64.1,0.000000,13.2,11.4
1788553501.999743,-32.832707,-70.126287,2939.776306,59.0,0.000000,14.1,12.7
1788553507.999716,-32.832646,-70.126160,2946.372244,60.7,2.164800,13.3,12.2
1788553513.999690,-32.832628,-70.126116,2949.282541,61.7,0.000000,12.2,11.7
1788553513.999690,-32.832628,-70.126116,2949.282541,61.7,0.000000,12.2,11.7
1788553515.999681,-32.832575,-70.126011,2954.620776,60.7,2.387197,11.0,10.6
1788553521.999653,-32.832577,-70.126015,2954.413271,61.8,0.000000,11.4,11.1
1788553521.999653,-32.832577,-70.126015,2954.413271,61.8,0.000000,11.4,11.1
1788553527.999626,-32.832477,-70.125825,2965.150661,61.2,0.894786,7.8,7.5
1788553532.999604,-32.832436,-70.125729,2971.957606,58.8,1.050322,12.1,11.2
1788553537.999581,-32.832393,-70.125630,2980.220614,60.8,2.101353,12.2,10.9
1788553543.999554,-32.832340,-70.125522,2987.733978,61.5,1.513952,11.6,10.5
1788553543.999554,-32.832340,-70.125522,2987.733978,61.5,0.000000,11.6,10.5
1788553550.999522,-32.832279,-70.125396,2993.482045,62.7,1.903285,11.1,10.3
1788553561.000076,-32.832198,-70.125222,3002.766692,61.0,2.018269,10.6,9.9
1788553567.000065,-32.832163,-70.125138,3011.074453,61.0,0.783549,10.6,9.7
1788553567.000065,-32.832163,-70.125138,3011.074453,61.0,0.000000,10.6,9.7
1788553571.000037,-32.832112,-70.125049,3017.958858,59.1,1.954154,10.7,9.6
1788553576.999999,-32.832064,-70.124945,3026.206311,59.0,2.144015,11.0,9.8
1788553582.999964,-32.832012,-70.124846,3034.003568,59.6,1.098811,10.9,9.7
1788553582.999964,-32.832012,-70.124846,3034.003568,59.6,0.000000,10.9,9.7
1788553588.999931,-32.831961,-70.124750,3041.453719,58.7,1.967417,10.4,9.3
1788553599.999875,-32.831875,-70.124576,3055.781329,51.9,1.850572,10.0,9.1
1788553607.999836,-32.831812,-70.124435,3067.212403,59.3,2.061262,12.1,10.8
1788553613.999806,-32.831775,-70.124368,3072.663102,70.5,0.000000,11.4,10.1
1788553613.999806,-32.831775,-70.124368,3072.663102,70.5,0.000000,11.4,10.1
1788553655.999608,-32.831727,-70.124266,3079.095316,57.0,1.253859,14.0,12.0
1788553664.999565,-32.831669,-70.124140,3090.099435,60.5,1.927931,12.9,11.4
1788553670.999538,-32.831623,-70.124042,3098.535464,61.6,1.962398,12.4,10.8
1788553677.999505,-32.831567,-70.123931,3108.203720,63.0,2.018041,12.0,10.6
1788553684.000076,-32.831535,-70.123866,3113.470216,55.9,0.000000,10.9,9.6
1788553684.000076,-32.831535,-70.123866,3113.470216,55.9,0.000000,10.9,9.6
1788553689.000074,-32.831483,-70.123762,3121.196044,63.4,1.854374,9.5,8.7
1788553696.000045,-32.831430,-70.123652,3130.660324,61.4,1.979430,8.5,8.5
1788553703.000004,-32.831376,-70.123535,3138.147551,60.6,2.087818,7.9,8.0
1788553707.999977,-32.831323,-70.123434,3140.828759,58.4,2.530234,8.0,7.9
1788553713.999945,-32.831285,-70.123349,3143.478116,61.6,0.000000,7.3,7.2
1788553713.999945,-32.831285,-70.123349,3143.478116,61.6,0.000000,7.3,7.2
1788553717.999924,-32.831228,-70.123238,3147.244878,57.7,2.169414,7.0,6.9
1788553722.999898,-32.831183,-70.123140,3151.107081,61.8,0.000000,6.7,6.4
1788553722.999898,-32.831183,-70.123140,3151.107081,61.8,0.000000,6.7,6.4
1788553729.999864,-32.831127,-70.123025,3154.821781,60.7,0.000000,5.7,5.7
1788553733.999843,-32.831080,-70.122925,3158.272317,61.8,2.194472,5.9,5.8
1788553739.999814,-32.831024,-70.122815,3162.358442,60.9,0.000000,5.4,5.5
1788553739.999814,-32.831024,-70.122815,3162.358442,60.9,0.000000,5.4,5.5
1788553745.999784,-32.830966,-70.122699,3165.726522,61.7,2.309445,5.5,5.3
1788553750.999760,-32.830921,-70.122599,3167.083157,59.6,2.272534,5.6,5.3
1788553755.999734,-32.830871,-70.122498,3167.896358,60.3,2.320737,5.9,5.2
1788553760.999710,-32.830828,-70.122403,3167.984393,60.5,2.204571,6.3,6.1
1788553765.999686,-32.830773,-70.122301,3168.242709,50.4,0.000000,6.9,6.3
1788553765.999686,-32.830773,-70.122301,3168.242709,50.4,0.000000,6.9,6.3
1788553768.999671,-32.830717,-70.122199,3165.390022,55.6,4.676184,6.2,6.2
1788553770.999662,-32.830650,-70.122102,3164.718279,50.6,5.838414,6.5,6.3
1788553772.999652,-32.830578,-70.122036,3164.595723,37.7,5.190519,6.6,6.4
1788553775.999637,-32.830450,-70.121970,3163.685031,19.0,5.465941,6.2,6.8
1788553777.999626,-32.830368,-70.121924,3164.043158,22.4,5.437775,6.7,7.0
1788553780.999612,-32.830250,-70.121858,3164.801547,22.8,4.684184,6.8,6.6
1788553784.999593,-32.830151,-70.121836,3164.673808,7.9,2.500926,6.7,6.5
1788553790.999564,-32.830104,-70.121813,3164.051254,13.6,0.000000,7.7,6.4
1788553790.999564,-32.830104,-70.121813,3164.051254,13.6,0.000000,7.7,6.4
1788553842.999911,-32.830016,-70.121771,3165.566756,13.2,1.541120,10.4,8.8
1788553853.999850,-32.829924,-70.121722,3165.145260,39.9,0.524469,9.6,8.4
1788553877.999728,-32.829843,-70.121659,3165.864068,36.4,2.199595,9.0,7.9
1788553881.999708,-32.829744,-70.121571,3166.045318,42.1,3.887476,8.3,7.7
1788553883.999699,-32.829672,-70.121498,3169.267895,41.7,4.963467,8.9,7.7
1788553885.999689,-32.829593,-70.121417,3172.385030,41.4,5.581479,8.4,7.4
1788553887.999680,-32.829524,-70.121342,3175.738501,43.3,5.206110,8.5,7.1
1788553889.999671,-32.829453,-70.121275,3178.549359,40.1,5.366595,8.1,6.7
1788553891.999661,-32.829379,-70.121205,3182.562971,39.2,5.405284,7.7,6.5
1788553894.999646,-32.829278,-70.121106,3189.308078,40.6,5.146792,7.2,5.9
1788553897.999631,-32.829170,-70.121001,3195.855320,39.4,5.433769,6.6,5.4
1788553900.999616,-32.829072,-70.120899,3201.476620,40.9,5.283921,5.8,5.0
1788553902.999606,-32.829001,-70.120831,3205.752887,40.6,5.456538,5.9,4.9
1788553905.999591,-32.828901,-70.120736,3212.512448,38.9,5.183836,5.9,4.7
1788553908.999577,-32.828799,-70.120637,3219.317519,38.4,5.394405,6.0,4.4
1788553911.999562,-32.828698,-70.120539,3227.285283,39.5,5.308389,5.7,4.2
1788553914.999546,-32.828600,-70.120439,3235.211290,38.4,5.440272,5.3,4.0
1788553917.999532,-32.828499,-70.120340,3241.900133,40.2,5.275551,4.7,3.8
1788553920.999517,-32.828404,-70.120238,3249.408967,41.1,5.417798,4.3,3.6
1788553923.999501,-32.828315,-70.120163,3257.285887,33.8,4.065650,4.2,3.8
1788553929.999472,-32.828339,-70.120204,3253.820376,44.0,0.000000,4.9,4.0
1788553929.999472,-32.828339,-70.120204,3253.820376,44.0,0.000000,4.9,4.0
1788553934.000050,-32.828340,-70.120356,3249.314352,290.2,4.915311,4.7,4.4
1788553937.000048,-32.828284,-70.120484,3248.761099,298.5,4.473117,4.6,4.4
1788553941.000047,-32.828229,-70.120586,3247.826244,299.5,2.191538,4.7,4.2
1788553947.000023,-32.828228,-70.120591,3246.593247,301.8,0.000000,5.2,4.2
1788553947.000023,-32.828228,-70.120591,3246.593247,301.8,0.000000,5.2,4.2
1788553990.999776,-32.828301,-70.120660,3243.129219,164.0,1.436827,8.1,8.7
1788553993.999761,-32.828396,-70.120694,3237.844299,227.5,4.939366,8.1,8.5
1788553995.999751,-32.828418,-70.120870,3231.526717,244.9,7.991799,8.4,8.7
1788553997.999741,-32.828553,-70.120983,3221.181935,232.2,9.522622,7.9,8.0
1788553998.999734,-32.828556,-70.121104,3217.856697,257.1,10.591080,8.7,7.9
1788553999.999730,-32.828637,-70.121190,3212.668377,227.1,11.712501,7.4,6.9
1788554000.999725,-32.828732,-70.121266,3207.910129,220.6,12.889441,8.4,7.4
1788554001.999719,-32.828790,-70.121399,3201.701958,234.5,13.980287,6.4,5.8
1788554002.999715,-32.828900,-70.121486,3196.198716,219.6,14.953767,5.9,5.5
1788554003.999709,-32.828988,-70.121618,3188.728458,227.8,16.211353,6.1,5.8
1788554004.999704,-32.829121,-70.121679,3182.547189,206.5,16.623623,6.3,6.3
1788554005.999699,-32.829226,-70.121666,3178.572025,185.8,13.864695,6.2,5.9
1788554007.999688,-32.829343,-70.121645,3176.996512,172.1,7.911736,6.5,6.7
1788554011.999668,-32.829437,-70.121617,3175.193797,160.9,4.421024,8.3,9.2
1788554013.999657,-32.829539,-70.121597,3173.180892,168.6,6.044325,7.8,9.3
1788554015.999647,-32.829671,-70.121559,3169.286745,167.6,7.830411,7.9,9.5
1788554017.999637,-32.829835,-70.121526,3167.342468,169.2,9.017883,6.6,8.2
1788554019.999626,-32.829918,-70.121440,3167.116900,135.8,5.519561,6.8,7.7
1788554025.999595,-32.829932,-70.121393,3168.112290,70.4,0.000000,7.9,7.5
1788554025.999595,-32.829932,-70.121393,3168.112290,70.4,0.000000,7.9,7.5
1788554071.000021,-32.829962,-70.121289,3165.500642,110.0,0.925241,7.7,7.4
1788554082.999959,-32.830029,-70.121184,3166.747614,136.4,2.352540,6.7,7.1
1788554084.999949,-32.830095,-70.121087,3162.087108,129.1,6.300340,6.6,7.0
1788554086.999938,-32.830187,-70.120935,3157.448265,124.4,8.839995,6.1,6.8
1788554087.999933,-32.830230,-70.120837,3153.503499,121.4,9.951616,6.7,7.5
1788554088.999928,-32.830283,-70.120750,3154.499110,122.6,10.233486,6.3,6.8
1788554090.999918,-32.830363,-70.120575,3150.679504,122.0,9.829692,5.6,5.7
1788554092.999908,-32.830459,-70.120433,3149.518726,126.8,8.546323,6.2,6.0
1788554094.999897,-32.830527,-70.120332,3149.136873,127.0,5.910546,5.2,4.9
1788554100.999866,-32.830552,-70.120256,3146.841309,105.1,0.000000,5.9,5.0
1788554100.999866,-32.830552,-70.120256,3146.841309,105.1,0.000000,5.9,5.0
1788554154.999585,-32.830634,-70.120160,3144.693139,143.3,3.127476,9.6,9.5
1788554156.999574,-32.830707,-70.120254,3138.575459,238.8,6.172956,9.4,9.3
1788554158.999564,-32.830773,-70.120404,3132.509885,225.4,7.945488,8.5,8.5
1788554160.999553,-32.830885,-70.120291,3128.309678,139.1,6.987423,7.2,6.9
1788554162.999543,-32.830969,-70.120358,3123.931806,226.5,6.886292,5.8,6.2
1788554164.999533,-32.831051,-70.120481,3117.640037,209.4,7.428809,5.2,5.6
1788554166.999522,-32.831151,-70.120368,3113.143517,135.6,6.938977,5.3,5.1
1788554168.999512,-32.831253,-70.120314,3111.352643,168.8,6.714154,5.8,5.5
1788554170.999501,-32.831302,-70.120462,3105.836540,249.9,6.846629,6.1,5.9
1788554172.999491,-32.831415,-70.120541,3099.725202,193.2,7.994876,5.6,5.2
1788554174.999480,-32.831514,-70.120431,3096.689673,143.6,6.805378,5.5,5.0
1788554176.999470,-32.831587,-70.120526,3089.256349,237.8,6.416787,5.6,5.7
1788554178.999460,-32.831678,-70.120643,3085.574578,211.9,7.888503,6.5,6.1
1788554180.999449,-32.831796,-70.120537,3079.758705,145.5,7.831301,6.8,6.0
1788554183.000016,-32.831902,-70.120604,3071.804316,221.3,7.213194,7.3,7.7
1788554185.000011,-32.831985,-70.120716,3068.348923,209.1,7.614790,8.0,7.3
1788554187.000014,-32.832099,-70.120607,3062.732804,138.2,7.498071,8.2,7.3
1788554189.000009,-32.832225,-70.120627,3059.837105,201.7,7.934019,8.1,8.2
1788554191.000006,-32.832247,-70.120773,3057.220732,248.9,6.329282,8.3,7.9
1788554193.000012,-32.832374,-70.120742,3050.114941,162.1,6.948117,7.2,7.1
1788554195.000009,-32.832470,-70.120767,3045.995664,214.6,6.364490,7.6,7.6
1788554197.000007,-32.832503,-70.120931,3044.974869,248.7,7.405960,7.4,7.7
1788554198.999996,-32.832596,-70.120882,3036.752750,147.2,5.787018,8.1,7.5
1788554200.999986,-32.832667,-70.120809,3037.129384,136.8,5.472987,7.8,7.1
1788554203.999970,-32.832795,-70.120733,3031.011458,167.5,6.420905,7.9,6.9
1788554205.999960,-32.832874,-70.120889,3023.128877,237.1,8.413742,8.6,8.0
1788554207.999949,-32.833017,-70.120882,3016.223825,165.5,7.793950,8.8,7.9
1788554209.999939,-32.833142,-70.120880,3011.917590,193.6,7.777906,8.7,8.0
1788554211.999928,-32.833172,-70.121060,3008.741689,253.8,7.958486,7.7,7.1
1788554213.999918,-32.833302,-70.121066,3003.292359,172.3,7.431870,7.0,6.3
1788554215.999908,-32.833426,-70.121063,3000.163934,194.7,7.362299,7.1,6.4
1788554217.999897,-32.833510,-70.121229,2997.525584,225.9,8.507191,7.8,7.4
1788554219.999887,-32.833655,-70.121172,2995.231370,168.6,7.857021,7.4,6.9
1788554221.999876,-32.833776,-70.121259,2990.478938,221.3,7.825890,6.7,6.8
1788554223.999867,-32.833790,-70.121397,2989.505469,261.1,6.179173,5.7,6.0
1788554229.999835,-32.833759,-70.121406,2988.844032,312.4,0.000000,8.8,6.8
1788554229.999835,-32.833759,-70.121406,2988.844032,312.4,0.000000,8.8,6.8
1788554290.999517,-32.833756,-70.121419,2989.534036,288.5,0.087785,13.3,9.5
1788554303.999449,-32.833746,-70.121534,2988.893765,283.8,2.585975,10.7,8.8
1788554307.999428,-32.833716,-70.121673,2985.920697,285.2,3.770083,10.1,8.8
1788554309.999987,-32.833687,-70.121791,2986.019344,289.6,5.446734,10.2,9.0
1788554312.999988,-32.833632,-70.121909,2986.160722,301.6,3.562867,9.5,8.4
1788554317.999982,-32.833566,-70.122018,2985.377947,300.0,3.008268,9.9,7.7
1788554322.999987,-32.833509,-70.122116,2983.664164,307.2,2.191998,9.6,7.6
1788554326.999970,-32.833439,-70.122239,2980.645647,302.3,3.929618,9.5,7.8
1788554328.999961,-32.833396,-70.122342,2978.286546,299.2,5.416318,8.8,8.0
1788554330.999952,-32.833344,-70.122479,2976.336124,295.0,7.082886,8.5,7.8
1788554332.999943,-32.833293,-70.122612,2973.889606,293.6,7.235440,9.8,8.6
1788554334.999934,-32.833239,-70.122779,2970.809916,289.9,8.623476,10.3,9.0
1788554335.999929,-32.833235,-70.122893,2968.169747,274.3,10.067393,9.3,7.9
1788554336.999925,-32.833290,-70.122993,2963.758458,247.1,10.928601,9.2,7.7
1788554337.999920,-32.833319,-70.123112,2959.793404,254.4,11.927818,8.6,7.3
1788554338.999914,-32.833298,-70.123242,2956.917300,273.8,12.272546,12.3,11.2
1788554339.999910,-32.833304,-70.123386,2952.190161,265.5,13.634154,11.1,9.0
1788554340.999906,-32.833332,-70.123530,2946.580213,261.9,14.386386,8.6,6.9
1788554341.999901,-32.833311,-70.123701,2944.143114,273.2,15.532439,11.6,10.1
1788554342.999895,-32.833342,-70.123855,2940.350214,261.1,15.514023,8.1,6.5
1788554343.999891,-32.833331,-70.124026,2937.096405,271.5,15.846791,7.2,5.7
1788554344.999886,-32.833329,-70.124202,2933.162612,268.1,16.432921,9.1,7.2
1788554345.999880,-32.833331,-70.124363,2930.105206,271.1,16.054952,9.0,6.9
1788554346.999876,-32.833317,-70.124534,2925.824787,271.0,16.244354,8.1,6.3
1788554347.999872,-32.833373,-70.124698,2922.198334,257.0,16.267461,7.9,6.1
1788554348.999867,-32.833379,-70.124874,2918.553948,265.1,16.651835,9.1,7.1
1788554349.999862,-32.833422,-70.125036,2915.001931,255.2,16.677124,6.5,5.2
1788554350.999857,-32.833457,-70.125206,2911.151137,257.8,16.850109,5.9,4.7
1788554351.999851,-32.833483,-70.125389,2908.907233,257.3,17.204963,6.2,4.9
1788554352.999846,-32.833536,-70.125532,2906.113774,250.8,15.966276,6.0,4.8
1788554353.999842,-32.833577,-70.125688,2901.651819,251.4,15.783484,4.5,3.8
1788554354.999837,-32.833632,-70.125848,2896.671057,249.8,16.278072,6.2,5.2
1788554355.999831,-32.833686,-70.126017,2891.429046,249.4,17.115569,7.1,6.2
1788554356.999827,-32.833763,-70.126168,2885.183227,242.6,17.389670,7.6,6.3
1788554357.999822,-32.833856,-70.126333,2879.144864,237.6,18.671271,10.1,8.2
1788554358.999816,-32.833949,-70.126500,2875.498974,236.9,19.225750,8.5,7.1
1788554359.999811,-32.834045,-70.126664,2871.948797,236.4,19.126495,7.9,6.5
1788554360.999807,-32.834130,-70.126824,2867.858885,237.1,18.659277,7.3,6.2
1788554361.999801,-32.834201,-70.126982,2864.246756,240.3,17.850620,6.2,5.3
1788554362.999796,-32.834267,-70.127156,2860.468619,244.3,17.907474,6.2,5.4
1788554363.999791,-32.834327,-70.127338,2857.837220,247.1,18.017331,7.1,6.2
1788554364.999786,-32.834373,-70.127512,2857.470100,251.2,17.273852,6.1,5.5
1788554365.999781,-32.834394,-70.127658,2859.028971,256.8,15.047722,6.5,5.8
1788554366.999776,-32.834410,-70.127806,2859.702405,260.8,14.027545,5.8,5.2
1788554367.999770,-32.834423,-70.127939,2858.877453,262.8,13.059329,5.3,4.8
1788554368.999766,-32.834416,-70.128065,2857.994274,269.6,12.238068,5.4,4.8
1788554369.999761,-32.834411,-70.128186,2857.706105,271.3,11.604933,6.3,5.7
1788554370.999756,-32.834398,-70.128300,2857.174281,276.5,10.970779,5.6,5.1
1788554371.999750,-32.834345,-70.128396,2856.804218,295.0,10.417813,7.7,7.1
1788554372.999746,-32.834298,-70.128491,2854.211214,297.5,10.500357,7.3,6.4
1788554374.999736,-32.834272,-70.128649,2854.707063,287.9,7.680983,7.7,6.8
1788554376.999725,-32.834249,-70.128760,2852.540887,272.0,5.023898,7.8,6.8
1788554379.999709,-32.834267,-70.128893,2853.513491,265.7,4.218739,8.0,7.1
1788554382.999694,-32.834270,-70.129009,2854.506821,269.4,3.273604,8.2,7.3
1788554388.999664,-32.834263,-70.129089,2854.181518,286.1,0.000000,10.8,8.5
1788554388.999664,-32.834263,-70.129089,2854.181518,286.1,0.000000,10.8,8.5
1788554412.999540,-32.834174,-70.129120,2853.714483,336.2,0.331911,11.8,8.4
1788554422.999489,-32.834085,-70.129146,2853.579762,19.8,0.337034,11.9,8.4
1788554431.999442,-32.834044,-70.129047,2854.515661,57.2,1.880505,10.4,8.0
1788554443.999995,-32.834005,-70.128937,2851.648911,56.9,3.339313,8.5,8.1
1788554449.999987,-32.833949,-70.128827,2853.537011,61.3,0.000000,7.4,8.8
1788554449.999987,-32.833949,-70.128827,2853.537011,61.3,0.000000,7.4,8.8
1788554455.999958,-32.833896,-70.128719,2854.556894,65.2,2.238292,10.9,8.7
1788554459.999939,-32.833849,-70.128624,2856.858320,63.4,2.985545,10.6,8.8
1788554464.999915,-32.833799,-70.128532,2857.582603,54.2,1.856387,10.6,8.2
1788554469.999890,-32.833750,-70.128432,2859.832446,59.3,2.448272,10.1,7.8
1788554474.999865,-32.833707,-70.128334,2861.773657,65.2,2.152116,9.2,7.2
1788554479.999840,-32.833654,-70.128232,2864.001703,58.8,2.193871,8.4,6.9
1788554484.999816,-32.833602,-70.128134,2866.415520,58.3,2.212417,7.9,6.6
1788554489.999790,-32.833551,-70.128034,2869.477084,61.3,2.206416,7.6,6.5
1788554494.999765,-32.833502,-70.127934,2872.201298,59.9,2.159812,7.7,6.5
1788554499.999739,-32.833454,-70.127838,2875.157171,59.7,2.162373,7.1,6.2
1788554504.999714,-32.833410,-70.127740,2878.444559,60.8,2.136608,7.4,6.1
1788554509.999689,-32.833361,-70.127640,2882.460458,58.0,0.000000,7.8,6.0
1788554509.999689,-32.833361,-70.127640,2882.460458,58.0,0.000000,7.8,6.0
1788554515.999658,-32.833306,-70.127519,2886.258957,65.7,2.050889,7.4,5.9
1788554521.999628,-32.833245,-70.127400,2891.503985,53.1,0.000000,7.6,6.1
1788554521.999628,-32.833245,-70.127400,2891.503985,53.1,0.000000,7.6,6.1
1788554527.999598,-32.833201,-70.127295,2895.112336,64.9,0.000000,7.7,6.3
1788554532.999572,-32.833146,-70.127190,2899.067979,58.2,2.190691,8.4,6.8
1788554538.999542,-32.833093,-70.127078,2903.479483,59.1,0.000000,8.9,6.9
1788554538.999542,-32.833093,-70.127078,2903.479483,59.1,0.000000,8.9,6.9
1788554544.999512,-32.833038,-70.126968,2908.081341,66.8,2.157470,7.3,6.9
1788554550.999481,-32.832979,-70.126861,2914.158551,58.3,0.593284,7.3,7.1
1788554550.999481,-32.832979,-70.126861,2914.158551,58.3,0.000000,7.3,7.1
1788554559.999436,-32.832934,-70.126763,2921.111115,60.6,1.043684,8.2,7.7
1788554573.999997,-32.832878,-70.126647,2926.384793,59.0,0.977966,9.2,8.1
1788554634.999714,-32.832837,-70.126544,2930.467394,57.3,1.357926,7.5,7.3
1788554641.999680,-32.832786,-70.126434,2936.069249,62.1,1.983654,7.6,7.0
1788554647.999650,-32.832729,-70.126323,2941.251155,60.9,2.078565,6.7,6.8
1788554653.999620,-32.832683,-70.126230,2945.372440,58.1,0.000000,6.7,6.3
1788554653.999620,-32.832683,-70.126230,2945.372440,58.1,0.000000,6.7,6.3
1788554658.999595,-32.832633,-70.126123,2950.509778,60.3,1.963835,6.6,5.9
1788554663.999569,-32.832588,-70.126030,2954.488561,59.5,2.096255,7.4,6.6
1788554669.999539,-32.832537,-70.125923,2960.099263,62.3,0.000000,7.6,6.8
1788554669.999539,-32.832537,-70.125923,2960.099263,62.3,0.000000,7.6,6.8
1788554676.999505,-32.832478,-70.125796,2968.267579,59.2,2.005768,7.5,7.0
1788554682.999474,-32.832439,-70.125719,2975.350680,60.3,0.782476,8.5,7.3
1788554682.999474,-32.832439,-70.125719,2975.350680,60.3,0.000000,8.5,7.3
1788554688.000012,-32.832382,-70.125612,2984.247044,60.0,2.076553,7.9,7.0
1788554694.000010,-32.832327,-70.125505,2989.354434,61.8,0.000000,7.9,7.3
1788554694.000010,-32.832327,-70.125505,2989.354434,61.8,0.000000,7.9,7.3
1788554700.000005,-32.832285,-70.125401,2991.573263,61.1,0.000000,7.7,7.1
1788554704.999975,-32.832230,-70.125305,2996.665589,58.2,1.900031,7.8,7.2
1788554711.999934,-32.832176,-70.125182,3007.616475,59.3,2.151814,8.1,7.4
1788554717.999901,-32.832162,-70.125156,3010.798441,61.7,0.000000,7.7,6.9
1788554717.999901,-32.832162,-70.125156,3010.798441,61.7,0.000000,7.7,6.9
1788554719.999890,-32.832109,-70.125052,3019.825942,60.0,2.849862,7.6,6.7
1788554725.999859,-32.832079,-70.124992,3024.796338,60.5,0.000000,6.7,6.0
1788554725.999859,-32.832079,-70.124992,3024.796338,60.5,0.000000,6.7,6.0
1788554729.999837,-32.832025,-70.124883,3033.473209,60.0,2.155386,7.1,6.2
1788554735.999807,-32.831975,-70.124783,3041.926889,59.3,1.192727,7.1,6.2
1788554735.999807,-32.831975,-70.124783,3041.926889,59.3,0.000000,7.1,6.2
1788554741.999776,-32.831926,-70.124686,3049.804024,60.9,1.803430,6.6,5.8
1788554747.999746,-32.831879,-70.124583,3057.457853,58.8,1.940675,6.3,5.7
1788554753.999716,-32.831828,-70.124485,3064.483194,58.8,2.050106,6.1,5.6
1788554759.999685,-32.831781,-70.124393,3072.088977,59.8,1.256760,6.4,5.8
1788554759.999685,-32.831781,-70.124393,3072.088977,59.8,0.000000,6.4,5.8
1788554771.999625,-32.831735,-70.124296,3079.387550,49.4,0.923195,7.8,6.3
1788554783.999564,-32.831694,-70.124200,3086.482303,63.9,1.115364,8.3,7.1
1788554792.999519,-32.831639,-70.124098,3095.140359,60.2,0.000000,8.0,6.9
1788554798.999489,-32.831592,-70.123990,3104.787489,60.5,2.175180,7.5,6.8
1788554804.999459,-32.831545,-70.123896,3113.594321,59.9,1.345895,7.6,7.1
1788554804.999459,-32.831545,-70.123896,3113.594321,59.9,0.000000,7.6,7.1
1788554810.999429,-32.831500,-70.123803,3122.220299,60.9,1.836502,8.1,7.3
1788554819.999977,-32.831438,-70.123666,3134.662384,62.6,1.919473,8.6,8.7
1788554826.999979,-32.831376,-70.123543,3142.744318,58.2,2.194081,7.2,7.2
1788554832.999956,-32.831326,-70.123437,3145.077077,59.6,0.000000,7.3,7.2
1788554832.999956,-32.831326,-70.123437,3145.077077,59.6,0.000000,7.3,7.2
1788554837.999936,-32.831277,-70.123323,3149.729163,60.5,2.095182,7.1,7.2
1788554842.999915,-32.831225,-70.123224,3151.881491,61.7,0.000000,6.4,6.9
1788554842.999915,-32.831225,-70.123224,3151.881491,61.7,0.000000,6.4,6.9
1788554849.999882,-32.831160,-70.123086,3155.684784,58.4,2.109865,6.2,6.9
1788554854.999860,-32.831113,-70.122990,3159.669637,60.1,2.104469,6.4,6.8
1788554859.999836,-32.831064,-70.122898,3162.360415,63.5,2.135603,7.0,7.1
1788554864.999812,-32.831015,-70.122802,3165.571476,63.6,2.169394,7.8,7.4
1788554869.999788,-32.830962,-70.122704,3167.202818,53.9,2.009079,8.6,8.1
1788554873.999768,-32.830902,-70.122619,3171.131405,49.8,2.634117,6.6,9.4
1788554878.999745,-32.830864,-70.122511,3167.250570,64.5,2.406349,8.9,9.5
1788554883.999720,-32.830824,-70.122409,3166.758869,63.4,2.172653,9.7,10.1
1788554888.999695,-32.830786,-70.122310,3168.637912,57.3,2.359091,10.9,9.5
1788554892.999675,-32.830727,-70.122168,3166.362567,61.6,4.866598,10.1,9.0
1788554895.999660,-32.830665,-70.122036,3166.633618,61.9,4.533617,9.2,8.3
1788554898.999646,-32.830623,-70.121940,3167.271327,61.8,3.057648,8.6,8.1
1788554903.999621,-32.830591,-70.121819,3168.273174,75.7,1.956793,7.8,7.6
1788554907.999601,-32.830534,-70.121724,3166.893455,48.0,2.612303,8.0,7.4
1788554912.999577,-32.830476,-70.121622,3167.626700,57.1,2.069395,7.9,7.2
1788554916.999558,-32.830414,-70.121517,3166.493583,55.7,3.498428,7.9,7.1
1788554919.999542,-32.830332,-70.121386,3164.065951,50.2,5.562686,8.5,6.9
1788554921.999532,-32.830254,-70.121302,3163.439050,42.6,5.848585,8.1,6.8
1788554923.999523,-32.830166,-70.121173,3160.814228,51.0,7.710707,7.9,6.4
1788554925.999513,-32.830110,-70.121042,3161.140948,66.0,6.835398,8.0,6.7
1788554927.999503,-32.830134,-70.120922,3159.616757,102.7,5.991179,7.0,6.2
1788554929.999493,-32.830176,-70.120800,3158.951748,110.3,6.026739,6.9,6.2
1788554932.999479,-32.830229,-70.120677,3158.762900,125.5,4.233714,5.5,5.1
1788554934.999469,-32.830329,-70.120736,3153.289466,214.2,6.344342,5.0,5.2
1788554936.999458,-32.830460,-70.120679,3145.484899,149.5,7.790804,6.3,6.0
1788554938.999996,-32.830536,-70.120541,3145.047739,122.2,7.652103,5.9,5.8
1788554941.999997,-32.830574,-70.120408,3145.318833,117.0,4.206274,6.2,6.0
1788554947.999999,-32.830598,-70.120359,3143.414234,134.2,0.000000,7.3,6.5
1788554947.999999,-32.830598,-70.120359,3143.414234,134.2,0.000000,7.3,6.5
1788555008.999718,-32.830618,-70.120343,3141.025001,140.5,0.000000,8.8,8.1
1788555011.999703,-32.830697,-70.120253,3138.411362,133.1,3.407870,7.7,7.8
1788555014.999689,-32.830786,-70.120361,3131.616160,244.7,5.913153,7.3,7.9
1788555016.999679,-32.830817,-70.120507,3129.293304,239.2,6.280204,7.3,7.1
1788555018.999669,-32.830907,-70.120443,3124.107210,140.0,5.244484,6.8,6.8
1788555021.999655,-32.830994,-70.120324,3122.493081,131.3,5.476413,6.6,6.5
1788555023.999645,-32.831058,-70.120235,3121.150917,133.0,5.670450,6.5,6.3
1788555025.999635,-32.831141,-70.120290,3116.066827,224.0,5.611024,6.4,6.5
1788555027.999624,-32.831237,-70.120383,3109.735041,196.2,7.373865,6.6,6.6
1788555029.999615,-32.831340,-70.120300,3105.851079,144.3,6.604032,7.4,7.0
1788555031.999605,-32.831417,-70.120223,3105.615212,145.8,5.754574,6.4,6.3
1788555033.999595,-32.831492,-70.120331,3098.763200,238.3,6.563970,6.4,6.3
1788555035.999585,-32.831614,-70.120387,3092.967199,184.3,7.452097,6.9,6.8
1788555037.999575,-32.831732,-70.120289,3087.787515,146.6,7.472028,6.0,5.8
1788555039.999566,-32.831824,-70.120300,3083.926702,203.1,6.378252,7.1,7.4
1788555041.999556,-32.831851,-70.120470,3078.921579,263.7,7.672478,8.5,8.7
1788555043.999547,-32.831893,-70.120590,3076.361986,228.7,6.644746,7.7,7.8
1788555045.999537,-32.832021,-70.120494,3070.016960,145.9,7.896438,7.4,7.2
1788555047.999527,-32.832115,-70.120389,3068.384694,138.4,7.550391,6.1,6.0
1788555049.999517,-32.832209,-70.120351,3065.752610,174.2,5.897583,5.8,5.7
1788555051.999508,-32.832238,-70.120499,3059.424970,263.3,6.676081,7.3,7.1
1788555053.999498,-32.832337,-70.120599,3055.224109,202.0,7.643163,6.6,6.6
1788555055.999487,-32.832438,-70.120523,3051.585820,150.0,6.472083,6.2,6.0
1788555058.999473,-32.832547,-70.120557,3046.506983,229.0,6.079685,5.9,6.2
1788555060.999464,-32.832529,-70.120712,3045.404966,280.2,6.842702,6.2,5.9
1788555062.999453,-32.832513,-70.120862,3043.517422,272.4,7.028533,6.9,6.6
1788555064.999981,-32.832514,-70.121015,3041.751513,270.6,7.007821,6.1,5.9
1788555066.999981,-32.832528,-70.121176,3039.134939,259.7,7.596759,6.8,6.6
1788555068.999987,-32.832684,-70.121192,3031.403227,186.8,8.269381,12.6,12.8
1788555069.999984,-32.832762,-70.121254,3026.962854,210.6,9.769101,11.4,12.0
1788555071.999993,-32.832838,-70.121450,3020.868639,239.4,10.540529,18.3,17.5
1788555072.999989,-32.832933,-70.121494,3016.545388,210.0,11.279269,13.1,12.5
1788555074.999994,-32.833092,-70.121447,3009.953730,170.4,9.227858,9.8,9.4
1788555076.999991,-32.833176,-70.121364,3009.585809,145.3,6.787315,7.9,7.8
1788555078.999991,-32.833261,-70.121406,3007.846611,212.6,4.735572,9.1,9.1
1788555084.999958,-32.833233,-70.121417,3006.324932,289.7,0.000000,10.9,8.1
1788555084.999958,-32.833233,-70.121417,3006.324932,289.7,0.000000,10.9,8.1
1788555145.999654,-32.833220,-70.121405,3004.541918,289.7,0.000000,15.9,11.8
1788555206.999949,-32.833229,-70.121434,3004.518658,244.9,0.869731,14.6,11.2
1788555236.999830,-32.833297,-70.121547,2999.033463,236.1,3.653531,12.0,9.6
1788555238.999822,-32.833329,-70.121695,2993.326983,252.9,7.305655,11.0,9.4
1788555240.999813,-32.833442,-70.121872,2987.533396,240.5,10.522867,10.4,9.4
1788555241.999808,-32.833488,-70.121991,2983.856402,242.5,11.789616,11.2,9.9
1788555242.999803,-32.833578,-70.122088,2979.984697,228.5,13.129751,10.0,8.8
1788555243.999799,-32.833621,-70.122231,2975.853822,244.4,13.857921,7.9,7.4
1788555244.999795,-32.833695,-70.122389,2972.371674,240.0,15.776547,7.6,7.5
1788555245.999790,-32.833774,-70.122501,2968.733196,236.5,15.176855,7.6,6.7
1788555246.999786,-32.833819,-70.122667,2964.777568,247.4,16.008318,6.7,6.1
1788555247.999781,-32.833894,-70.122807,2961.147310,239.0,15.918798,7.0,6.1
1788555248.999776,-32.833970,-70.122969,2957.445756,242.4,16.940045,13.8,12.1
1788555249.999771,-32.834028,-70.123124,2953.532121,241.6,16.655552,10.8,9.1
1788555250.999767,-32.834123,-70.123266,2950.160481,234.9,16.869776,9.4,8.0
1788555251.999763,-32.834180,-70.123431,2945.998497,244.7,16.918431,8.0,7.1
1788555252.999758,-32.834204,-70.123611,2942.666103,255.5,17.048749,14.4,12.6
1788555253.999754,-32.834222,-70.123798,2940.264028,261.3,17.386749,14.4,13.2
1788555254.999749,-32.834255,-70.123981,2937.443090,257.1,17.613726,11.6,10.2
1788555255.999745,-32.834345,-70.124103,2934.816130,237.7,15.630769,9.4,8.2
1788555256.999739,-32.834429,-70.124201,2935.776508,229.9,13.907047,7.1,6.3
1788555257.999735,-32.834507,-70.124309,2936.041900,229.7,13.350514,8.3,7.8
1788555258.999731,-32.834578,-70.124414,2935.844360,231.0,12.636948,8.2,8.0
1788555259.999725,-32.834643,-70.124514,2936.259002,230.9,11.882956,7.6,7.3
1788555261.999716,-32.834765,-70.124620,2937.502862,212.9,7.978764,7.1,7.0
1788555263.999707,-32.834869,-70.124610,2937.676950,176.3,5.695186,6.2,6.3
1788555266.999693,-32.834978,-70.124613,2938.139234,184.4,4.138916,6.2,6.3
1788555269.999679,-32.835117,-70.124580,2935.039148,163.5,5.788572,6.2,6.7
1788555271.999669,-32.835223,-70.124503,2932.053020,148.8,7.039936,6.5,6.9
1788555273.999660,-32.835355,-70.124407,2929.843189,151.7,8.310248,6.5,7.2
1788555275.999652,-32.835495,-70.124457,2927.817480,206.0,7.950057,5.8,6.5
1788555277.999642,-32.835501,-70.124613,2925.716104,273.3,6.736839,5.5,5.9
1788555283.999613,-32.835455,-70.124615,2926.633201,17.1,0.000000,12.0,9.6
1788555283.999613,-32.835455,-70.124615,2926.633201,17.1,0.000000,12.0,9.6
1788555321.999949,-32.835419,-70.124714,2926.669551,310.4,0.723229,11.0,9.0
1788555335.999945,-32.835402,-70.124828,2925.711256,282.2,3.281615,9.6,8.8
1788555337.999937,-32.835357,-70.124938,2924.289421,298.2,5.578308,9.4,8.8
1788555339.999930,-32.835284,-70.125078,2921.747131,300.6,7.697886,10.3,9.7
1788555341.999922,-32.835197,-70.125252,2919.899133,299.6,9.493135,9.7,9.5
1788555342.999918,-32.835164,-70.125360,2916.708642,292.0,10.494184,11.3,10.3
1788555343.999914,-32.835153,-70.125487,2911.513908,278.7,11.736466,10.3,9.2
1788555344.999910,-32.835179,-70.125628,2906.635875,262.9,13.136584,9.6,8.3
1788555345.999906,-32.835215,-70.125778,2902.441534,256.6,14.722845,11.5,9.8
1788555346.999901,-32.835256,-70.125928,2896.913779,254.5,15.558800,16.8,14.3
1788555347.999897,-32.835292,-70.126100,2890.885093,255.9,16.662629,21.2,19.1
1788555348.999894,-32.835335,-70.126296,2886.390677,255.2,18.068881,17.9,17.7
1788555349.999889,-32.835382,-70.126479,2881.954818,253.8,18.450122,17.1,15.1
1788555350.999885,-32.835453,-70.126668,2880.912248,247.1,18.524452,11.9,11.1
1788555351.999881,-32.835497,-70.126824,2882.140272,250.4,16.748357,12.5,11.6
1788555352.999876,-32.835519,-70.126978,2882.969947,257.2,15.509951,10.1,9.2
1788555353.999873,-32.835536,-70.127129,2882.623431,259.6,14.624758,11.5,10.5
1788555354.999868,-32.835559,-70.127275,2882.704627,260.0,14.065763,15.3,13.6
1788555355.999864,-32.835583,-70.127411,2881.819879,258.6,13.437944,11.2,9.6
1788555356.999859,-32.835604,-70.127549,2881.031336,259.3,13.172608,12.0,9.6
1788555357.999855,-32.835622,-70.127673,2880.558534,260.4,12.349032,9.5,7.5
1788555358.999851,-32.835624,-70.127797,2880.411266,265.5,11.790684,10.8,8.7
1788555359.999846,-32.835631,-70.127909,2879.801013,265.5,10.930630,9.9,8.2
1788555360.999843,-32.835633,-70.128030,2879.197680,267.9,11.095210,9.3,7.9
1788555362.999833,-32.835638,-70.128243,2877.442850,271.1,10.385833,10.1,8.7
1788555364.999825,-32.835537,-70.128409,2875.635192,307.6,9.609316,11.7,10.2
1788555366.999816,-32.835436,-70.128521,2874.989274,312.5,8.275898,12.1,9.5
1788555368.999807,-32.835350,-70.128670,2875.603546,305.5,8.528937,11.9,9.2
1788555370.999798,-32.835261,-70.128816,2873.549696,306.6,8.393828,13.3,10.5
1788555372.999789,-32.835177,-70.128980,2873.739213,301.0,9.056416,15.0,12.0
1788555374.999781,-32.835118,-70.129135,2876.125411,292.9,7.904517,13.4,10.5
1788555376.999771,-32.835049,-70.129252,2876.831989,302.7,6.794356,12.4,10.1
1788555378.999763,-32.835011,-70.129352,2876.216985,290.2,4.985679,13.1,10.5
1788555382.999745,-32.835018,-70.129462,2878.076495,271.5,1.651185,13.9,10.8
1788555443.999978,-32.835058,-70.129516,2873.430009,32.8,0.000000,16.5,13.1
1788555476.999905,-32.835257,-70.129423,2869.138756,159.9,2.173892,6.0,30.0
1788555480.999888,-32.835355,-70.129355,2869.118248,159.2,2.281001,6.0,34.7