1788359014.999815,-32.834989,-70.129449,2873.516466,-1.0,0.231839,13.5,13.7
1788359075.999392,-32.835012,-70.129531,2869.371747,-1.0,0.161488,13.1,15.1
1788359099.999527,-32.835001,-70.129420,2872.317879,-1.0,0.068965,11.7,15.0
1788359160.999839,-32.835034,-70.129488,2872.448337,-1.0,0.051487,9.4,12.9
1788359222.000011,-32.835014,-70.129491,2872.908349,-1.0,0.000000,10.3,11.5
1788359283.000002,-32.835023,-70.129473,2873.541890,89.8,0.000000,9.3,10.9
1788359298.999999,-32.835009,-70.129367,2874.981764,97.9,0.831932,8.4,8.9
1788359305.000001,-32.834977,-70.129236,2870.341546,70.5,3.708376,7.4,8.3
1788359308.000002,-32.834917,-70.129117,2868.352968,54.8,4.516150,7.4,8.1
1788359311.000002,-32.834802,-70.129076,2867.522101,353.2,4.436951,7.8,8.1
1788359313.000001,-32.834690,-70.129077,2864.589656,4.6,6.357421,7.0,8.3
1788359315.000002,-32.834573,-70.129062,2860.566993,354.3,6.994302,7.3,8.8
1788359317.000001,-32.834426,-70.129074,2857.021293,1.8,8.466109,7.3,9.4
1788359319.000001,-32.834286,-70.129096,2855.158616,343.2,7.532534,7.5,7.7
1788359323.000000,-32.834194,-70.129103,2853.198613,341.7,2.113603,6.5,5.5
1788359329.000000,-32.834150,-70.129115,2852.997911,326.9,0.000000,6.0,5.1
1788359329.000000,-32.834150,-70.129115,2852.997911,326.9,0.000000,6.0,5.1
1788359390.000052,-32.834082,-70.129128,2856.191208,356.5,0.085157,6.2,5.6
1788359424.000011,-32.834051,-70.129016,2855.205154,80.0,2.206972,4.3,5.7
1788359430.000004,-32.834051,-70.129001,2855.213835,96.8,0.000000,5.2,5.7
1788359430.000004,-32.834051,-70.129001,2855.213835,96.8,0.000000,5.2,5.7
1788359438.999996,-32.833970,-70.128896,2852.022488,55.0,3.131385,5.3,6.1
1788359443.999991,-32.833922,-70.128803,2855.853312,55.1,2.042081,6.0,5.8
1788359448.999986,-32.833868,-70.128699,2856.125280,59.3,2.906109,5.5,5.3
1788359454.999981,-32.833809,-70.128584,2859.956100,55.5,0.000000,5.6,5.1
1788359454.999981,-32.833809,-70.128584,2859.956100,55.5,0.000000,5.6,5.1
1788359459.999976,-32.833756,-70.128473,2864.896538,62.1,2.563140,5.4,5.6
1788359466.000231,-32.833701,-70.128372,2864.670684,61.0,0.000000,5.6,7.3
1788359466.000231,-32.833701,-70.128372,2864.670684,61.0,0.000000,5.6,7.3
1788359472.000217,-32.833648,-70.128266,2864.776212,56.8,2.498896,5.5,7.7
1788359478.000192,-32.833609,-70.128158,2865.271466,66.0,0.000000,5.6,7.6
1788359478.000192,-32.833609,-70.128158,2865.271466,66.0,0.000000,5.6,7.6
1788359482.000164,-32.833547,-70.128050,2867.767504,55.0,3.185302,5.5,8.0
1788359488.000132,-32.833508,-70.127958,2869.528332,68.5,0.000000,5.1,8.3
1788359488.000132,-32.833508,-70.127958,2869.528332,68.5,0.000000,5.1,8.3
1788359492.000114,-32.833453,-70.127868,2871.666412,60.7,2.686539,5.7,8.0
1788359498.000093,-32.833411,-70.127751,2873.174139,61.2,0.000000,6.4,7.8
1788359498.000093,-32.833411,-70.127751,2873.174139,61.2,0.000000,6.4,7.8
1788359503.000078,-32.833351,-70.127648,2878.304584,56.6,2.452042,4.2,7.8
1788359507.000068,-32.833316,-70.127544,2882.113516,63.6,2.123095,6.1,8.5
1788359513.000054,-32.833272,-70.127439,2888.924654,62.0,0.778379,4.7,8.6
1788359513.000054,-32.833272,-70.127439,2888.924654,62.0,0.000000,4.7,8.6
1788359519.000042,-32.833231,-70.127332,2890.789888,62.7,2.245582,5.9,9.5
1788359525.000031,-32.833152,-70.127250,2892.444927,49.1,0.000000,5.4,10.1
1788359525.000031,-32.833152,-70.127250,2892.444927,49.1,0.000000,5.4,10.1
1788359585.999933,-32.833142,-70.127208,2897.996532,-1.0,0.000000,11.5,8.4
1788359646.999997,-32.833130,-70.127195,2907.024066,-1.0,0.000000,10.0,6.6
1788359707.999861,-32.833139,-70.127201,2901.785384,-1.0,0.000000,7.9,5.9
1788359765.000031,-32.833081,-70.127105,2907.743555,-1.0,0.173138,9.3,7.5
1788359776.999993,-32.833037,-70.127002,2906.471706,58.7,1.000614,9.4,7.9
1788359787.999960,-32.832994,-70.126906,2910.347487,62.5,1.002773,10.4,9.0
1788359797.999932,-32.832943,-70.126789,2915.861607,67.4,2.036109,6.7,9.7
1788359803.999915,-32.832933,-70.126778,2917.032734,60.9,0.000000,10.7,9.0
1788359803.999915,-32.832933,-70.126778,2917.032734,60.9,0.000000,10.7,9.0
1788359865.000096,-32.832916,-70.126731,2919.963263,64.5,0.000000,11.1,7.9
1788359925.999864,-32.832922,-70.126734,2918.402000,64.5,0.000000,10.5,7.9
1788359987.000069,-32.832912,-70.126717,2920.835286,-1.0,0.000000,12.4,12.7
1788360047.999812,-32.832905,-70.126734,2920.155046,-1.0,0.000000,14.0,12.0
1788360109.000078,-32.832900,-70.126728,2920.142787,310.3,0.000000,12.0,10.5
1788360169.999832,-32.832889,-70.126675,2925.193896,310.3,0.183517,11.4,10.0
1788360181.999786,-32.832838,-70.126573,2928.198953,310.3,0.000000,9.3,9.2
1788360188.999761,-32.832790,-70.126467,2933.378108,310.3,0.000000,9.2,9.2
1788360193.999742,-32.832736,-70.126359,2938.519356,62.0,2.037420,8.6,8.8
1788360198.999724,-32.832696,-70.126261,2943.959340,66.9,2.189194,8.1,9.3
1788360204.999701,-32.832635,-70.126155,2949.064593,56.4,0.000000,8.7,9.8
1788360204.999701,-32.832635,-70.126155,2949.064593,56.4,0.000000,8.7,9.8
1788360212.999671,-32.832591,-70.126060,2953.900912,60.9,1.082356,8.9,10.1
1788360225.000116,-32.832543,-70.125962,2959.270275,65.1,0.920870,9.1,10.8
1788360238.000069,-32.832495,-70.125872,2966.056191,63.4,1.005124,12.4,11.2
1788360250.999994,-32.832449,-70.125772,2976.639459,64.3,1.178703,12.8,11.6
1788360262.999937,-32.832408,-70.125669,2986.267802,75.1,1.452643,9.5,12.7
1788360276.999876,-32.832362,-70.125569,2989.570436,63.6,0.000000,9.4,11.5
1788360337.999630,-32.832340,-70.125549,2980.988398,89.3,0.000000,16.7,22.0
1788360398.999890,-32.832310,-70.125540,2984.291674,316.5,0.000000,11.3,13.8
1788360458.999637,-32.832257,-70.125453,2985.080188,56.3,0.801534,12.6,15.7
1788360473.000093,-32.832204,-70.125363,2989.889583,55.5,1.071879,18.1,18.1
1788360479.000083,-32.832169,-70.125253,3001.656448,56.6,1.818752,17.4,16.8
1788360485.000073,-32.832129,-70.125143,3012.247307,65.3,2.033719,13.1,15.4
1788360491.000040,-32.832086,-70.125047,3020.517864,62.9,1.362061,16.1,14.2
1788360491.000040,-32.832086,-70.125047,3020.517864,62.9,0.000000,16.1,14.2
1788360497.999998,-32.832038,-70.124923,3030.490261,69.3,1.936745,13.5,12.7
1788360503.999965,-32.831989,-70.124819,3039.292752,61.2,2.130818,10.6,11.6
1788360509.999935,-32.831929,-70.124721,3047.027012,53.7,1.045194,10.1,12.2
1788360509.999935,-32.831929,-70.124721,3047.027012,53.7,0.000000,10.1,12.2
1788360522.999872,-32.831878,-70.124607,3054.305697,58.0,0.974762,12.2,11.9
1788360536.999808,-32.831830,-70.124516,3062.382432,62.9,0.000000,11.8,12.0
1788360542.999781,-32.831778,-70.124406,3072.103492,57.7,2.053879,12.9,11.7
1788360548.999755,-32.831733,-70.124314,3077.772646,59.2,0.000000,16.0,13.5
1788360548.999755,-32.831733,-70.124314,3077.772646,59.2,0.000000,16.0,13.5
1788360556.999720,-32.831681,-70.124198,3087.262006,61.0,0.593087,15.7,12.3
1788360561.999698,-32.831637,-70.124101,3095.675879,61.5,1.846541,14.9,11.6
1788360567.999672,-32.831590,-70.124010,3102.722755,59.4,1.999670,14.1,11.1
1788360573.999644,-32.831540,-70.123913,3105.940376,56.7,1.977974,12.8,10.5
1788360579.999619,-32.831496,-70.123815,3119.490790,60.9,2.444571,13.5,11.4
1788360585.999592,-32.831451,-70.123710,3130.457439,62.8,1.449238,13.1,11.3
1788360585.999592,-32.831451,-70.123710,3130.457439,62.8,0.000000,13.1,11.3
1788360591.999565,-32.831405,-70.123615,3137.392301,60.1,2.145053,13.5,11.4
1788360597.999539,-32.831356,-70.123522,3140.053194,58.2,0.000000,12.5,10.9
1788360597.999539,-32.831356,-70.123522,3140.053194,58.2,0.000000,12.5,10.9
1788360603.000054,-32.831303,-70.123420,3143.792124,62.6,2.245361,11.4,10.8
1788360608.000050,-32.831252,-70.123315,3147.312332,59.1,2.301116,9.6,11.4
1788360614.000036,-32.831208,-70.123228,3149.897615,59.1,0.000000,12.8,11.9
1788360614.000036,-32.831208,-70.123228,3149.897615,59.1,0.000000,12.8,11.9
1788360619.000008,-32.831158,-70.123115,3153.933725,61.3,2.104588,11.7,11.7
1788360624.999978,-32.831100,-70.123011,3155.640224,52.6,0.000000,9.4,11.4
1788360624.999978,-32.831100,-70.123011,3155.640224,52.6,0.000000,9.4,11.4
1788360629.999952,-32.831060,-70.122910,3158.353379,60.9,2.151272,6.1,11.1
1788360634.999929,-32.831001,-70.122813,3166.163131,39.4,1.347540,11.9,12.0
1788360638.999910,-32.830958,-70.122713,3168.051927,62.4,2.477215,7.7,12.1
1788360644.999881,-32.830906,-70.122602,3169.337765,54.9,0.000000,12.1,12.3
1788360644.999881,-32.830906,-70.122602,3169.337765,54.9,0.000000,12.1,12.3
1788360648.999863,-32.830861,-70.122508,3168.278263,59.2,2.093273,11.6,12.0
1788360653.999839,-32.830814,-70.122407,3168.854087,59.2,2.227170,9.1,11.1
1788360659.999812,-32.830758,-70.122299,3171.064337,49.2,0.000000,11.9,10.5
1788360659.999812,-32.830758,-70.122299,3171.064337,49.2,0.000000,11.9,10.5
1788360662.999798,-32.830694,-70.122164,3168.742630,58.4,5.367839,11.0,10.1
1788360664.999789,-32.830636,-70.122070,3168.443799,56.5,5.310838,10.2,9.7
1788360667.999775,-32.830563,-70.121974,3168.994129,50.7,3.747472,9.1,9.4
1788360672.999752,-32.830503,-70.121868,3166.437945,55.4,1.948389,8.3,9.1
1788360679.999720,-32.830452,-70.121776,3165.012378,56.9,1.710465,7.8,9.3
1788360689.999675,-32.830404,-70.121682,3164.761079,58.1,0.824188,10.0,10.2
1788360696.999643,-32.830338,-70.121591,3166.506855,47.7,1.585833,10.0,10.6
1788360704.999607,-32.830263,-70.121521,3162.698794,36.0,0.000000,10.2,11.2
1788360710.999580,-32.830187,-70.121453,3163.275997,43.5,1.617971,8.5,13.1
1788360718.999544,-32.830107,-70.121375,3163.641386,38.6,2.226598,12.0,14.8
1788360723.999521,-32.830053,-70.121289,3163.951996,75.0,1.768820,11.8,14.1
1788360728.000014,-32.830053,-70.121160,3164.145610,88.8,3.414783,11.8,13.8
1788360732.000016,-32.830064,-70.121036,3160.967826,110.6,2.659254,11.1,13.1
1788360738.000014,-32.830124,-70.120977,3158.693128,155.7,0.000000,12.3,13.4
1788360738.000014,-32.830124,-70.120977,3158.693128,155.7,0.000000,12.3,13.4
1788360770.999885,-32.830185,-70.120872,3158.003139,108.8,1.622429,11.0,15.6
1788360775.999864,-32.830285,-70.120939,3153.692984,251.4,4.842641,11.3,14.8
1788360778.999851,-32.830413,-70.120954,3147.686068,160.3,6.794987,15.3,15.6
1788360780.999841,-32.830458,-70.120845,3147.439003,124.0,5.802064,12.4,14.6
1788360782.999832,-32.830476,-70.120725,3147.129597,104.7,5.324736,13.2,13.7
1788360785.999819,-32.830589,-70.120729,3140.606113,211.0,6.044171,12.7,13.9
1788360787.999811,-32.830619,-70.120847,3136.234218,247.4,5.946494,13.3,15.2
1788360789.999801,-32.830678,-70.120945,3134.785783,217.6,5.804258,13.6,16.5
1788360791.999793,-32.830777,-70.120867,3129.288331,137.6,6.326624,13.9,15.3
1788360793.999783,-32.830832,-70.120770,3127.337549,121.2,5.559561,11.9,14.3
1788360795.999775,-32.830929,-70.120756,3122.350456,187.1,6.325183,12.0,13.8
1788360797.999765,-32.830985,-70.120864,3117.266781,235.3,5.948565,12.0,14.3
1788360799.999756,-32.831040,-70.120956,3115.111445,232.6,5.298529,13.5,14.3
1788360801.999746,-32.831141,-70.120959,3111.704061,167.2,5.685256,11.5,13.9
1788360804.999733,-32.831208,-70.120835,3107.220220,120.6,4.062099,9.5,13.6
1788360807.999720,-32.831256,-70.120689,3105.898517,114.0,5.069828,9.9,12.8
1788360810.999707,-32.831368,-70.120670,3100.829613,198.2,5.467313,8.0,12.5
1788360812.999697,-32.831415,-70.120803,3096.254167,251.4,6.091952,9.2,12.7
1788360815.999683,-32.831429,-70.120943,3097.942834,241.5,4.524679,11.4,14.2
1788360817.999674,-32.831544,-70.120921,3093.083636,154.3,6.565740,11.1,14.1
1788360819.999665,-32.831616,-70.120813,3088.447878,127.7,6.693743,10.1,14.1
1788360822.999652,-32.831722,-70.120769,3083.366381,194.3,6.096714,9.9,14.5
1788360824.999643,-32.831782,-70.120893,3077.918680,241.8,6.817651,8.2,14.9
1788360826.999634,-32.831791,-70.121017,3075.056184,259.7,6.137564,8.1,13.5
1788360828.999624,-32.831898,-70.121054,3073.519465,184.5,6.144729,7.9,12.3
1788360830.999616,-32.832028,-70.120957,3068.767040,149.1,7.590332,11.6,22.5
1788360832.999606,-32.832097,-70.120857,3066.398987,127.6,5.663857,11.4,17.5
1788360834.999596,-32.832194,-70.120855,3064.001410,187.6,5.941524,8.9,14.4
1788360836.999587,-32.832258,-70.120971,3057.243867,241.5,5.949903,8.7,14.5
1788360838.999579,-32.832242,-70.121103,3055.341539,267.9,6.162658,10.3,14.2
1788360840.999570,-32.832333,-70.121204,3051.534539,205.5,6.467310,11.8,14.5
1788360842.999560,-32.832442,-70.121126,3045.836006,152.0,6.671910,10.4,15.5
1788360844.999552,-32.832518,-70.121054,3044.549942,145.3,5.676601,9.0,16.1
1788360846.999542,-32.832639,-70.121102,3037.818639,206.8,7.829004,12.0,16.1
1788360847.999538,-32.832693,-70.121193,3033.054283,227.9,9.616889,11.6,15.4
1788360849.999529,-32.832711,-70.121364,3032.602214,253.9,8.748747,14.0,15.5
1788360852.000054,-32.832872,-70.121401,3022.593112,191.2,9.216210,12.5,12.8
1788360853.000048,-32.832956,-70.121356,3020.484735,166.4,9.482441,11.3,12.3
1788360856.000045,-32.833019,-70.121267,3019.154327,127.8,3.788744,10.0,13.1
1788360862.000043,-32.833064,-70.121297,3015.215556,268.6,0.000000,13.2,13.3
1788360862.000043,-32.833064,-70.121297,3015.215556,268.6,0.000000,13.2,13.3
1788360922.999754,-32.833079,-70.121322,3015.465128,246.2,0.000000,17.4,15.5
1788360928.999726,-32.833181,-70.121438,3007.142660,213.9,5.876206,14.5,15.1
1788360930.999717,-32.833288,-70.121415,3004.409408,167.9,5.655979,11.4,14.3
1788360932.999708,-32.833387,-70.121452,3000.095022,211.1,6.650279,9.4,13.4
1788360934.999699,-32.833479,-70.121634,2993.567069,245.1,9.718552,8.4,9.5
1788360936.999689,-32.833613,-70.121688,2989.977218,189.3,8.161341,7.0,7.9
1788360937.999685,-32.833699,-70.121640,2987.543003,162.6,9.097026,6.5,6.9
1788360939.999676,-32.833802,-70.121527,2990.503615,140.7,8.177526,7.6,9.1
1788360941.999666,-32.833881,-70.121441,2988.236315,142.1,6.904559,7.0,8.4
1788360943.999658,-32.833985,-70.121358,2987.944516,141.2,6.770071,6.5,7.6
1788360949.999631,-32.834016,-70.121349,2988.600106,245.6,0.000000,8.1,8.9
1788360949.999631,-32.834016,-70.121349,2988.600106,245.6,0.000000,8.1,8.9
1788360977.000063,-32.833984,-70.121458,2988.328971,290.4,1.602230,13.5,15.2
1788361005.999960,-32.833948,-70.121556,2987.021786,298.3,0.066227,14.8,14.0
1788361062.999678,-32.834008,-70.121680,2981.795834,236.4,3.884563,10.2,12.0
1788361065.999663,-32.834032,-70.121802,2981.219032,269.6,2.709736,10.1,11.0
1788361071.999635,-32.834045,-70.121806,2980.147450,257.4,0.000000,11.2,10.6
1788361071.999635,-32.834045,-70.121806,2980.147450,257.4,0.000000,11.2,10.6
1788361090.999544,-32.834045,-70.121806,2980.147450,257.4,0.000000,8.0,7.5
1788361090.999544,-32.834045,-70.121806,2980.147450,257.4,0.000000,8.0,7.5
1788361122.000011,-32.834011,-70.121916,2979.333796,293.1,2.414652,11.3,11.4
1788361127.999974,-32.833959,-70.121996,2978.361259,320.6,0.000000,9.5,10.5
1788361127.999974,-32.833959,-70.121996,2978.361259,320.6,0.000000,9.5,10.5
1788361133.999940,-32.833959,-70.122109,2976.029748,238.9,3.117186,13.2,12.5
1788361135.999929,-32.834050,-70.122176,2976.752365,221.1,5.605174,12.7,12.0
1788361137.999919,-32.834017,-70.122285,2972.390262,290.8,5.255117,13.0,12.3
1788361139.999907,-32.833982,-70.122406,2970.249956,275.6,6.186005,12.6,12.4
1788361141.999897,-32.834090,-70.122470,2966.442351,201.5,6.330525,11.4,11.7
1788361143.999887,-32.834140,-70.122571,2964.396617,255.2,5.628472,12.4,11.2
1788361145.999876,-32.834074,-70.122670,2963.917541,304.7,5.373003,10.8,11.3
1788361147.999865,-32.834142,-70.122765,2962.306427,218.6,6.023027,11.9,11.5
1788361149.999856,-32.834229,-70.122869,2963.524481,236.8,6.853420,10.9,10.6
1788361151.999845,-32.834160,-70.122971,2961.155994,305.2,5.364590,10.7,10.4
1788361153.999836,-32.834103,-70.123064,2958.369795,299.3,5.676140,11.3,10.3
1788361155.999824,-32.834170,-70.123136,2957.176498,216.5,4.723536,11.9,10.3
1788361157.999815,-32.834267,-70.123173,2956.038436,201.3,5.663945,10.6,9.8
1788361159.999805,-32.834321,-70.123297,2953.054547,249.4,6.610979,10.3,9.2
1788361161.999795,-32.834260,-70.123426,2948.570923,301.2,6.854013,9.3,9.1
1788361163.999785,-32.834234,-70.123537,2947.929105,270.7,5.795959,10.0,9.4
1788361165.999776,-32.834324,-70.123618,2947.410002,216.9,5.847634,8.6,8.8
1788361167.999765,-32.834438,-70.123682,2946.745697,211.2,6.835634,8.3,8.0
1788361169.999756,-32.834490,-70.123832,2944.685245,249.9,7.380754,7.7,7.3
1788361171.999745,-32.834457,-70.123980,2941.439608,287.0,7.206326,7.0,6.9
1788361173.999736,-32.834374,-70.124110,2939.265886,306.5,7.736699,10.1,10.7
1788361175.999727,-32.834279,-70.124156,2938.792247,344.1,5.036441,13.5,14.8
1788361181.999696,-32.834251,-70.124207,2939.466438,304.1,0.000000,15.0,13.2
1788361181.999696,-32.834251,-70.124207,2939.466438,304.1,0.000000,15.0,13.2
1788361190.999652,-32.834283,-70.124311,2937.161808,291.7,1.775092,11.7,10.5
1788361206.999575,-32.834316,-70.124428,2938.603821,268.3,1.860476,10.0,9.4
1788361211.999549,-32.834275,-70.124550,2936.321437,317.2,3.223910,8.8,9.5
1788361214.999535,-32.834155,-70.124571,2933.399709,351.5,4.533749,10.3,10.0
1788361218.999516,-32.834062,-70.124548,2931.905559,11.1,1.916087,9.5,9.7
1788361224.999486,-32.833979,-70.124497,2929.453856,27.4,1.874266,9.5,9.4
1788361230.000020,-32.833892,-70.124422,2926.809833,35.0,2.399976,8.4,9.2
1788361235.000020,-32.833815,-70.124354,2926.316622,32.5,1.961614,9.0,9.6
1788361240.000019,-32.833711,-70.124291,2926.127046,18.4,3.606435,9.5,11.4
1788361243.000021,-32.833589,-70.124318,2927.648365,337.9,4.644219,10.6,11.6
1788361245.000010,-32.833632,-70.124421,2926.020008,241.4,4.804394,10.9,11.2
1788361246.999999,-32.833650,-70.124559,2921.184224,273.2,6.253817,9.7,10.6
1788361248.999989,-32.833601,-70.124705,2920.110291,269.7,7.431641,8.6,11.0
1788361250.999978,-32.833722,-70.124823,2916.375454,230.3,8.342727,9.4,10.2
1788361252.999967,-32.833647,-70.124964,2914.674267,305.6,6.994589,7.9,10.0
1788361255.999951,-32.833709,-70.125081,2913.323343,203.7,5.656031,9.4,9.3
1788361257.999942,-32.833753,-70.125187,2909.527041,258.6,5.644805,9.0,9.2
1788361259.999932,-32.833728,-70.125325,2908.764321,263.6,6.269102,9.9,10.1
1788361261.999922,-32.833866,-70.125384,2904.228775,197.0,7.665363,9.4,9.1
1788361263.999912,-32.833917,-70.125538,2900.286405,261.4,7.711260,10.7,11.1
1788361265.999901,-32.833836,-70.125670,2897.374971,297.8,7.671100,9.9,11.0
1788361267.999892,-32.833936,-70.125786,2893.684869,216.1,7.790436,10.1,10.2
1788361269.999880,-32.834080,-70.125824,2891.990669,201.9,7.829958,7.0,7.0
1788361271.999871,-32.834074,-70.125988,2887.728384,276.7,7.349804,7.6,8.0
1788361273.999860,-32.834104,-70.126148,2882.205453,244.1,8.323469,9.5,11.6
1788361274.999855,-32.834186,-70.126203,2880.469462,216.2,9.248120,9.2,9.4
1788361276.999847,-32.834322,-70.126316,2880.674879,220.0,9.888060,6.6,7.3
1788361277.999841,-32.834344,-70.126425,2878.158331,247.3,10.122766,6.5,6.6
1788361279.999832,-32.834370,-70.126593,2872.410345,248.6,9.119425,6.1,6.2
1788361280.999827,-32.834440,-70.126687,2870.523606,233.1,10.601048,6.2,6.4
1788361281.999822,-32.834506,-70.126767,2868.204529,228.4,11.064024,6.4,6.5
1788361282.999816,-32.834563,-70.126875,2868.473788,236.1,11.684131,8.0,7.8
1788361283.999811,-32.834608,-70.126991,2866.164015,242.5,11.904033,7.0,6.6
1788361284.999807,-32.834661,-70.127118,2865.531377,242.2,12.705675,7.7,7.3
1788361285.999801,-32.834697,-70.127221,2864.670117,243.2,11.787045,7.3,6.9
1788361286.999797,-32.834740,-70.127318,2866.045123,242.3,10.829887,6.7,6.1
1788361288.999786,-32.834814,-70.127494,2865.135573,242.2,9.169268,7.2,6.7
1788361291.999773,-32.834887,-70.127571,2867.325227,217.1,2.602508,8.0,7.4
1788361297.999742,-32.834927,-70.127583,2866.134813,193.2,0.000000,9.0,7.8
1788361297.999742,-32.834927,-70.127583,2866.134813,193.2,0.000000,9.0,7.8
1788361321.999624,-32.834999,-70.127520,2865.878309,67.2,0.258562,10.3,8.0
1788361338.999539,-32.834987,-70.127407,2867.409518,79.5,0.270341,12.4,9.4
1788361378.999962,-32.834982,-70.127295,2866.863084,81.8,0.000000,10.6,10.1
1788361395.999876,-32.834973,-70.127164,2865.004577,80.3,3.275321,6.1,8.5
1788361401.999846,-32.834980,-70.127075,2869.320782,86.5,0.000000,6.2,8.1
1788361401.999846,-32.834980,-70.127075,2869.320782,86.5,0.000000,6.2,8.1
1788361408.999811,-32.834981,-70.126956,2872.762276,96.6,1.698371,8.1,8.2
1788361415.999776,-32.834983,-70.126827,2876.802278,96.0,1.876210,7.0,8.0
1788361423.999735,-32.834973,-70.126671,2878.557157,88.3,1.718902,6.7,7.1
1788361429.999706,-32.834965,-70.126554,2880.292517,92.6,1.922916,6.7,6.8
1788361435.999677,-32.834963,-70.126445,2882.728099,87.2,0.000000,6.3,6.8
1788361441.999647,-32.834964,-70.126318,2885.280219,93.1,1.833235,5.6,6.3
1788361447.999616,-32.834963,-70.126209,2887.806175,86.1,1.842592,5.5,7.5
1788361453.999588,-32.834960,-70.126096,2890.808951,90.9,2.042243,5.4,9.8
1788361459.999558,-32.834956,-70.125970,2894.305890,86.9,0.000000,8.0,9.0
1788361459.999558,-32.834956,-70.125970,2894.305890,86.9,0.000000,8.0,9.0
1788361466.999523,-32.834954,-70.125841,2898.847410,88.1,1.557514,6.7,8.4
1788361472.999494,-32.834953,-70.125733,2902.158041,87.4,1.642017,6.4,8.2
1788361478.999463,-32.834952,-70.125620,2906.179215,93.0,1.890123,6.6,7.9
1788361486.000005,-32.834947,-70.125506,2911.361400,90.0,1.942622,6.5,7.4
1788361493.000005,-32.834950,-70.125397,2915.785564,84.3,0.000000,6.5,7.7
1788361497.999990,-32.834948,-70.125284,2920.476513,92.9,1.766642,7.0,8.0
1788361504.999953,-32.834948,-70.125157,2923.305355,91.5,1.969302,6.6,8.3
1788361510.999922,-32.834941,-70.125034,2927.001489,88.2,1.795009,6.8,8.2
1788361516.999893,-32.834944,-70.124926,2929.737116,87.1,1.722073,6.6,7.8
1788361522.999863,-32.834944,-70.124807,2933.557650,89.5,1.809934,7.0,7.9
1788361529.999827,-32.834943,-70.124688,2937.810091,89.4,1.697120,6.5,7.8
1788361536.999793,-32.834941,-70.124576,2941.191438,92.0,0.000000,6.2,7.2
1788361541.999768,-32.834936,-70.124460,2944.531668,83.2,1.944893,6.1,8.4
1788361547.999739,-32.834931,-70.124336,2945.637954,88.3,1.972266,7.4,8.2
1788361553.999709,-32.834931,-70.124221,2946.379843,90.3,2.058195,7.2,8.6
1788361559.999679,-32.834930,-70.124127,2947.157395,88.2,0.000000,7.1,8.5
1788361559.999679,-32.834930,-70.124127,2947.157395,88.2,0.000000,7.1,8.5
1788361564.999654,-32.834931,-70.124006,2948.135875,88.5,1.704589,7.8,8.6
1788361570.999625,-32.834925,-70.123883,2950.664824,89.3,1.741293,7.1,8.7
1788361576.999594,-32.834924,-70.123770,2952.360254,87.9,1.848817,8.4,8.9
1788361582.999565,-32.834924,-70.123648,2955.357741,87.8,2.184429,6.9,8.5
1788361588.999536,-32.834924,-70.123582,2956.043054,88.4,0.000000,6.3,8.1
1788361588.999536,-32.834924,-70.123582,2956.043054,88.4,0.000000,6.3,8.1
1788361593.999511,-32.834927,-70.123460,2957.630069,91.9,1.749551,7.5,8.4
1788361599.999481,-32.834917,-70.123345,2961.956271,91.7,1.678515,7.4,8.7
1788361606.999981,-32.834915,-70.123227,2965.384207,91.7,0.000000,7.2,9.1
1788361612.999987,-32.834916,-70.123085,2969.726435,84.8,1.795901,8.2,9.5
1788361619.999993,-32.834916,-70.122976,2974.289018,84.9,1.799904,9.1,10.8
1788361625.999967,-32.834920,-70.122860,2975.984381,96.6,1.805326,8.4,11.7
1788361630.999945,-32.834915,-70.122741,2976.379212,88.5,1.897231,8.8,11.2
1788361636.999917,-32.834916,-70.122618,2978.158229,90.9,1.875924,9.0,10.7
1788361643.999884,-32.834916,-70.122478,2980.832083,90.9,1.842174,8.3,10.6
1788361649.999856,-32.834913,-70.122359,2982.027959,85.1,1.667710,8.4,10.2
1788361655.999826,-32.834908,-70.122233,2985.004920,88.5,1.963466,8.3,9.4
1788361662.999792,-32.834907,-70.122111,2987.126750,88.1,0.000000,8.7,9.7
1788361668.999763,-32.834907,-70.121987,2987.076978,86.8,1.845033,7.9,8.5
1788361673.999738,-32.834908,-70.121879,2988.058442,92.6,1.825092,7.8,7.7
1788361679.999710,-32.834902,-70.121760,2988.739645,86.8,1.963009,8.2,7.3
1788361685.999680,-32.834903,-70.121641,2990.347823,90.8,1.905412,8.1,7.2
1788361692.999646,-32.834903,-70.121505,2992.047930,90.1,1.947411,6.9,7.0
1788361698.999617,-32.834902,-70.121380,2993.579636,92.6,1.467363,6.7,6.7
1788361704.999586,-32.834900,-70.121260,2994.241860,89.8,1.897719,6.4,6.5
1788361710.999558,-32.834905,-70.121136,2993.242865,94.4,2.009751,4.6,6.3
1788361715.999533,-32.834871,-70.121030,2989.543876,55.2,2.727506,7.6,7.6
1788361721.999504,-32.834851,-70.121000,2992.719218,24.6,0.000000,8.1,7.5
1788361721.999504,-32.834851,-70.121000,2992.719218,24.6,0.000000,8.1,7.5
1788361740.999951,-32.834763,-70.120978,2990.465759,15.3,1.030224,10.2,8.0
1788361747.999956,-32.834658,-70.120976,2991.134738,4.0,1.946697,10.5,8.6
1788361755.999921,-32.834558,-70.120963,2991.100619,359.8,1.555632,10.4,8.6
1788361761.999895,-32.834452,-70.120963,2990.164706,3.3,2.064810,11.6,9.2
1788361765.999877,-32.834333,-70.120955,2989.228070,6.4,3.988343,12.1,10.2
1788361767.999868,-32.834233,-70.120952,2990.222632,0.8,5.308324,12.2,9.9
1788361769.999859,-32.834124,-70.120973,2990.362997,349.5,6.115188,12.0,9.6
1788361771.999850,-32.834046,-70.121052,2991.661593,321.4,5.621535,10.5,9.2
1788361773.999840,-32.833991,-70.121151,2990.267764,302.7,5.774053,10.0,9.1
1788361775.999832,-32.833938,-70.121240,2987.359145,305.6,5.204586,9.5,9.0
1788361778.999817,-32.833906,-70.121392,2987.070939,284.1,4.982167,10.0,9.5
1788361781.999802,-32.833891,-70.121513,2987.074509,276.0,3.732018,9.7,9.0
1788361784.999789,-32.833938,-70.121668,2987.061320,252.7,5.017701,8.3,8.8
1788361790.999761,-32.833909,-70.121709,2986.163974,294.1,0.000000,10.7,9.3
1788361790.999761,-32.833909,-70.121709,2986.163974,294.1,0.000000,10.7,9.3
1788361840.999526,-32.833904,-70.121856,2982.913410,287.3,3.799713,10.3,11.7
1788361843.999512,-32.833882,-70.121985,2980.440657,264.8,4.495502,9.4,11.7
1788361845.999503,-32.833998,-70.122009,2977.599450,185.4,6.060444,9.9,11.4
1788361847.999493,-32.834074,-70.122068,2978.371977,227.8,4.981779,8.4,11.0
1788361849.999484,-32.834016,-70.122170,2975.587577,306.2,4.950629,8.9,11.5
1788361852.999470,-32.833941,-70.122263,2975.685624,297.5,3.862862,10.7,11.9
1788361854.999460,-32.834026,-70.122325,2972.637684,207.4,5.087362,10.1,11.3
1788361856.999451,-32.834115,-70.122416,2971.192265,229.8,6.739013,9.6,10.5
1788361858.999954,-32.834070,-70.122542,2967.811969,297.4,6.318025,8.1,11.1
1788361860.999953,-32.834042,-70.122674,2967.512184,269.2,6.260959,8.5,10.5
1788361862.999962,-32.834162,-70.122737,2965.187101,206.8,6.864173,8.4,9.2
1788361864.999962,-32.834203,-70.122883,2962.595268,261.2,7.156383,7.0,9.0
1788361866.999961,-32.834111,-70.122994,2960.632937,309.4,6.960384,7.6,8.4
1788361868.999968,-32.834105,-70.123152,2957.919046,261.7,7.117258,10.6,12.3
1788361870.999972,-32.834213,-70.123190,2955.074139,195.9,5.827773,9.7,10.4
1788361872.999972,-32.834301,-70.123268,2955.093655,234.7,5.961864,6.9,9.0
1788361874.999967,-32.834245,-70.123390,2951.108640,289.8,6.231242,5.8,8.2
1788361876.999961,-32.834264,-70.123528,2947.231430,246.0,6.282200,6.2,8.0
1788361878.999955,-32.834403,-70.123587,2948.071157,202.6,7.166287,6.3,7.6
1788361880.999948,-32.834400,-70.123736,2945.302872,272.8,6.745724,6.6,7.9
1788361882.999940,-32.834319,-70.123839,2942.901934,307.7,6.576582,5.9,7.4
1788361884.999933,-32.834344,-70.123969,2940.464334,251.5,6.377631,5.5,6.7
1788361886.999926,-32.834416,-70.124112,2940.860791,242.4,7.217506,6.2,6.8
1788361888.999919,-32.834440,-70.124263,2940.553936,264.3,7.154344,5.6,6.5
1788361890.999910,-32.834402,-70.124410,2938.520054,285.7,7.413070,6.4,7.0
1788361892.999903,-32.834332,-70.124548,2936.747066,304.7,7.244590,5.0,5.5
1788361895.999890,-32.834239,-70.124562,2935.185561,356.7,3.201082,5.9,6.4
1788361898.999877,-32.834123,-70.124551,2933.139781,10.6,4.301780,7.3,6.6
1788361902.999860,-32.834021,-70.124502,2932.359628,27.6,2.592640,8.3,7.9
1788361905.999847,-32.833920,-70.124429,2931.824110,31.1,4.325645,8.0,7.6
1788361908.999834,-32.833834,-70.124340,2929.894658,41.4,4.028852,8.5,8.2
1788361911.999820,-32.833747,-70.124250,2929.561524,40.5,4.138544,8.2,8.0
1788361914.999807,-32.833637,-70.124254,2929.834916,340.6,4.374504,8.6,8.0
1788361916.999799,-32.833551,-70.124309,2927.311322,334.7,5.175066,9.6,7.9
1788361918.999790,-32.833523,-70.124422,2928.168864,272.6,5.322026,9.2,8.4
1788361920.999780,-32.833617,-70.124461,2925.621577,201.3,5.179776,8.8,8.3
1788361922.999771,-32.833665,-70.124568,2923.328456,252.8,5.739669,8.3,8.5
1788361924.999762,-32.833566,-70.124669,2919.686391,317.8,6.416586,8.6,8.7
1788361926.999754,-32.833551,-70.124809,2920.575642,265.0,6.922283,8.9,10.2
1788361928.999744,-32.833678,-70.124825,2917.202418,184.3,6.346932,9.4,10.6
1788361930.999735,-32.833761,-70.124899,2915.060884,231.3,6.428933,7.4,9.4
1788361932.999726,-32.833677,-70.125007,2912.808047,305.9,6.075336,8.4,9.5
1788361934.999717,-32.833606,-70.125096,2912.349764,313.5,5.889621,9.0,9.3
1788361936.999708,-32.833581,-70.125228,2912.750338,275.7,6.530691,9.0,9.1
1788361938.999699,-32.833680,-70.125277,2909.819344,202.1,5.635332,8.7,9.0
1788361940.999689,-32.833818,-70.125304,2908.391782,200.0,7.202472,6.8,8.0
1788361942.999680,-32.833792,-70.125451,2903.441067,285.9,6.633540,5.8,6.9
1788361944.999671,-32.833694,-70.125553,2902.657748,312.8,6.912462,8.1,9.7
1788361946.999662,-32.833784,-70.125641,2899.447433,212.5,6.434635,9.4,10.3
1788361948.999652,-32.833922,-70.125632,2897.699495,175.9,7.517529,8.2,8.6
1788361950.999643,-32.833989,-70.125752,2893.976343,245.3,6.884887,7.0,9.2
1788361952.999635,-32.833904,-70.125908,2889.854609,300.1,8.288940,6.5,8.3
1788361954.999626,-32.833981,-70.126034,2886.241460,223.5,7.258180,7.3,9.6
1788361956.999616,-32.834125,-70.126020,2884.997901,173.4,7.423530,7.1,7.8
1788361958.999607,-32.834214,-70.126131,2883.123435,238.9,7.284696,4.9,6.7
1788361960.999597,-32.834158,-70.126282,2880.704046,291.2,7.684760,6.4,7.9
1788361962.999588,-32.834209,-70.126451,2876.575119,239.9,8.213746,7.4,7.9
1788361964.999579,-32.834339,-70.126458,2876.912759,184.9,6.774475,5.9,6.3
1788361966.999570,-32.834451,-70.126525,2876.491809,211.0,7.242377,4.9,5.7
1788361968.999561,-32.834530,-70.126662,2873.646669,236.7,8.093432,5.4,5.7
1788361970.999551,-32.834605,-70.126854,2870.192859,245.5,9.839718,5.4,5.8
1788361971.999547,-32.834656,-70.126958,2869.175301,241.5,10.776517,5.8,6.1
1788361972.999542,-32.834707,-70.127047,2868.095084,237.1,10.494517,5.4,6.0
1788361974.999534,-32.834789,-70.127206,2868.700024,236.5,9.301733,6.7,7.1
1788361976.999524,-32.834850,-70.127324,2869.365165,241.5,7.067087,6.9,7.2
1788361978.999515,-32.834909,-70.127448,2868.846632,239.8,6.409133,7.6,7.7
1788361980.999505,-32.834955,-70.127555,2868.525756,244.5,5.718564,6.9,7.0
1788361987.000008,-32.835000,-70.127562,2866.594874,70.5,0.000000,7.8,7.6
1788361987.000008,-32.835000,-70.127562,2866.594874,70.5,0.000000,7.8,7.6
1788362000.999998,-32.834994,-70.127454,2862.739984,89.3,0.593812,7.5,6.9
1788362010.999952,-32.834991,-70.127346,2862.799378,123.4,1.215703,8.2,7.7
1788362027.999873,-32.834981,-70.127236,2865.638683,277.2,0.244562,7.3,7.5
1788362031.999856,-32.834977,-70.127116,2866.590350,87.6,3.073096,6.3,7.6
1788362037.999828,-32.834971,-70.127023,2869.494014,85.1,0.000000,7.7,7.3
1788362037.999828,-32.834971,-70.127023,2869.494014,85.1,0.000000,7.7,7.3
1788362042.999804,-32.834967,-70.126904,2873.509837,91.9,2.120128,6.5,7.3
1788362048.999778,-32.834961,-70.126798,2876.794923,82.9,0.000000,6.8,7.7
1788362048.999778,-32.834961,-70.126798,2876.794923,82.9,0.000000,6.8,7.7
1788362055.999745,-32.834966,-70.126671,2878.821704,89.5,1.774586,7.2,7.7
1788362061.999718,-32.834956,-70.126533,2881.272752,86.0,2.022284,6.5,7.3
1788362067.999690,-32.834957,-70.126416,2884.094563,88.9,0.000000,5.6,7.1
1788362067.999690,-32.834957,-70.126416,2884.094563,88.9,0.000000,5.6,7.1
1788362074.999658,-32.834953,-70.126286,2887.837996,87.0,1.893941,6.6,7.1
1788362080.999631,-32.834958,-70.126167,2891.052762,90.9,1.928648,6.3,6.9
1788362086.999603,-32.834958,-70.126053,2894.223966,89.8,1.758533,6.9,6.8
1788362092.999576,-32.834963,-70.125940,2898.455235,90.1,1.795823,6.4,6.4
1788362098.999548,-32.834959,-70.125828,2901.969976,91.1,1.821116,6.9,6.4
1788362105.999516,-32.834953,-70.125704,2905.512631,86.0,1.894805,6.4,6.6
1788362114.000032,-32.834951,-70.125573,2911.635953,87.5,1.518893,5.7,6.6
1788362120.000028,-32.834948,-70.125455,2914.224566,86.7,1.687416,6.2,6.4
1788362126.000019,-32.834944,-70.125334,2920.659970,88.0,1.799163,6.1,5.8
1788362131.999990,-32.834938,-70.125189,2925.215335,85.8,3.368249,6.0,6.1
1788362137.999961,-32.834940,-70.125104,2927.053666,89.0,0.000000,6.2,6.1
1788362137.999961,-32.834940,-70.125104,2927.053666,89.0,0.000000,6.2,6.1
1788362144.999927,-32.834939,-70.124978,2929.868205,90.2,1.720992,6.2,5.9
1788362150.999899,-32.834936,-70.124866,2933.322987,85.1,1.831147,5.3,5.7
1788362158.999861,-32.834934,-70.124705,2938.210231,90.8,1.858374,6.3,5.9
1788362165.999829,-32.834934,-70.124583,2941.694869,89.7,1.854454,6.2,5.9
1788362171.999801,-32.834938,-70.124474,2947.347722,89.6,1.551209,7.7,6.6
1788362177.999772,-32.834935,-70.124351,2947.538096,88.5,1.850549,6.2,6.4
1788362183.999744,-32.834932,-70.124228,2948.664121,90.8,1.747789,5.7,6.1
1788362189.999716,-32.834930,-70.124101,2950.307149,89.1,2.138509,5.9,6.2
1788362195.999689,-32.834931,-70.123987,2951.600908,90.6,0.000000,7.3,6.4
1788362195.999689,-32.834931,-70.123987,2951.600908,90.6,0.000000,7.3,6.4
1788362200.999666,-32.834931,-70.123878,2954.308933,89.4,1.943519,6.1,5.9
1788362207.999633,-32.834929,-70.123769,2954.382820,90.1,0.000000,6.7,6.0
1788362212.999611,-32.834924,-70.123643,2956.258309,88.4,2.130920,6.1,5.8
1788362218.999582,-32.834922,-70.123548,2958.794842,89.5,0.000000,6.1,6.0
1788362218.999582,-32.834922,-70.123548,2958.794842,89.5,0.000000,6.1,6.0
1788362224.999554,-32.834921,-70.123430,2961.596995,88.1,0.000000,6.8,6.2
1788362229.999531,-32.834919,-70.123315,2963.607096,90.3,1.931491,7.1,6.3
1788362237.000045,-32.834915,-70.123186,2967.660695,87.0,1.688346,7.0,6.4
1788362242.000036,-32.834915,-70.123075,2971.022251,88.7,2.233480,5.8,6.7
1788362248.000029,-32.834916,-70.122971,2975.540290,87.8,0.000000,6.0,6.9
1788362248.000029,-32.834916,-70.122971,2975.540290,87.8,0.000000,6.0,6.9
1788362254.000015,-32.834918,-70.122855,2978.410814,85.8,0.000000,5.2,7.0
1788362259.999986,-32.834915,-70.122748,2978.274065,90.4,1.908389,7.2,7.5
1788362265.999957,-32.834907,-70.122620,2980.986172,86.9,2.053596,7.2,6.7
1788362271.999928,-32.834904,-70.122513,2982.086919,90.0,0.000000,6.5,6.7
1788362271.999928,-32.834904,-70.122513,2982.086919,90.0,0.000000,6.5,6.7
1788362276.999903,-32.834905,-70.122404,2983.066727,89.6,1.796204,7.8,6.8
1788362282.999875,-32.834905,-70.122288,2983.785512,95.4,1.632397,5.6,6.9
1788362288.999847,-32.834903,-70.122162,2985.749422,89.5,1.672493,6.3,7.4
1788362294.999819,-32.834897,-70.122037,2987.730491,87.4,1.841597,6.7,8.6
1788362300.999789,-32.834900,-70.121921,2988.387088,84.8,1.834622,6.5,7.9
1788362306.999761,-32.834899,-70.121799,2990.281076,90.3,1.885218,6.2,6.9
1788362312.999733,-32.834891,-70.121688,2990.163765,86.3,1.975950,4.6,6.2
1788362318.999704,-32.834887,-70.121577,2991.915881,84.5,1.851742,5.5,5.9
1788362323.999681,-32.834888,-70.121465,2994.284781,87.2,1.805874,5.9,5.8
1788362329.999652,-32.834893,-70.121345,2996.708833,90.8,1.752934,6.6,5.6
1788362335.999623,-32.834893,-70.121221,2996.660650,88.8,1.977961,5.8,5.4
1788362341.999595,-32.834885,-70.121088,2998.607268,77.2,2.806164,5.6,4.9
1788362347.999568,-32.834824,-70.121037,2997.192452,30.4,0.000000,5.9,5.1
1788362347.999568,-32.834824,-70.121037,2997.192452,30.4,0.000000,5.9,5.1
1788362365.000034,-32.834721,-70.121014,2992.594385,1.7,1.627785,4.7,4.4
1788362372.000035,-32.834633,-70.121043,2993.756541,346.6,0.845460,4.6,4.8
1788362418.999831,-32.834542,-70.120990,2993.887736,6.5,0.948997,7.5,6.5
1788362429.999777,-32.834443,-70.120978,2993.216259,356.8,1.298326,6.1,6.4
1788362434.999754,-32.834311,-70.120972,2992.473679,5.4,4.074506,6.5,6.5
1788362437.999740,-32.834205,-70.121035,2991.574094,336.1,4.830494,6.4,6.4
1788362439.999730,-32.834105,-70.121075,2988.741220,336.3,5.461287,6.2,6.3
1788362441.999721,-32.834040,-70.121175,2989.037464,305.2,5.789732,6.3,6.4
1788362443.999712,-32.833986,-70.121298,2986.829805,297.5,6.644594,5.3,6.3
1788362445.999703,-32.833939,-70.121396,2988.116478,300.8,5.537290,5.3,6.1
1788362449.999683,-32.833886,-70.121484,2989.414015,306.5,1.653900,6.4,6.8
1788362510.999979,-32.833848,-70.121521,2988.709836,287.0,0.000000,8.7,7.5
1788362571.999672,-32.833874,-70.121534,2987.536550,251.5,0.000000,9.5,9.4
1788362594.999560,-32.833862,-70.121655,2987.293221,287.9,1.921610,7.3,8.9
1788362600.999531,-32.833970,-70.121736,2984.330008,197.8,5.098677,7.6,8.3
1788362602.999522,-32.833977,-70.121875,2982.445893,274.8,6.127839,7.0,8.7
1788362604.999512,-32.833903,-70.121961,2981.432587,314.3,5.749908,6.8,8.5
1788362606.999502,-32.833896,-70.122069,2979.918212,257.7,5.195171,7.1,8.3
1788362608.999492,-32.834013,-70.122075,2978.188804,184.4,5.881379,7.1,8.0
1788362611.999478,-32.834026,-70.122212,2974.901960,297.3,4.781900,5.5,7.6
1788362613.999468,-32.833941,-70.122317,2973.977526,320.8,6.072350,6.7,7.7
1788362617.000015,-32.833992,-70.122441,2969.197695,217.0,4.970949,8.1,8.8
1788362619.000021,-32.834107,-70.122485,2969.920810,209.3,6.347997,6.4,8.2
1788362621.000018,-32.834077,-70.122607,2966.308892,292.6,5.535649,6.1,8.3
1788362623.000016,-32.834015,-70.122688,2965.380468,304.7,5.191637,7.4,8.8
1788362625.000020,-32.834087,-70.122786,2961.961352,221.7,5.817335,7.5,8.6
1788362627.000018,-32.834225,-70.122830,2963.001902,197.0,7.261487,6.5,8.2
1788362629.000012,-32.834222,-70.122952,2959.161053,276.8,5.466268,5.9,8.2
1788362631.000000,-32.834142,-70.123044,2957.768942,310.7,5.917551,6.2,7.9
1788362632.999987,-32.834154,-70.123166,2955.512376,257.6,5.430215,7.6,8.1
1788362634.999974,-32.834238,-70.123219,2954.058192,208.9,5.354931,6.3,7.4
1788362636.999962,-32.834315,-70.123316,2953.020243,239.4,6.301252,6.1,7.1
1788362638.999950,-32.834273,-70.123461,2948.699781,290.6,6.912666,5.4,7.8
1788362640.999939,-32.834207,-70.123581,2947.215718,300.5,6.890997,6.4,8.5
1788362642.999928,-32.834152,-70.123737,2944.006496,291.2,8.337087,7.0,8.2
1788362644.999917,-32.834134,-70.123933,2940.962341,273.0,9.195352,5.8,7.2
1788362645.999911,-32.834135,-70.124056,2940.729682,268.9,10.053219,5.7,6.9
1788362646.999905,-32.834162,-70.124165,2942.026265,256.0,9.796168,5.1,6.1
1788362648.999895,-32.834244,-70.124236,2940.966821,218.6,5.418207,5.1,5.8
1788362654.999863,-32.834266,-70.124278,2938.254540,215.2,0.000000,4.8,5.3
1788362654.999863,-32.834266,-70.124278,2938.254540,215.2,0.000000,4.8,5.3
1788362658.999842,-32.834295,-70.124411,2937.303292,260.5,4.057765,5.1,5.6
1788362661.999828,-32.834248,-70.124536,2936.194642,316.9,4.561991,5.2,5.8
1788362663.999817,-32.834154,-70.124546,2933.678394,352.7,5.225279,5.3,5.7
1788362665.999807,-32.834059,-70.124529,2932.420086,10.0,5.047814,5.8,5.8
1788362668.999791,-32.833957,-70.124470,2932.021497,28.6,4.280056,4.7,5.9
1788362670.999781,-32.833881,-70.124399,2930.977352,37.3,4.852207,5.0,5.7
1788362673.999766,-32.833782,-70.124297,2930.563610,38.4,4.700451,5.1,5.8
1788362675.999757,-32.833694,-70.124257,2929.310569,14.6,5.266202,5.4,5.8
1788362677.999747,-32.833599,-70.124312,2930.260007,334.1,5.956281,5.6,5.9
1788362679.999737,-32.833521,-70.124455,2926.991020,299.5,7.617068,4.4,5.8
1788362681.999727,-32.833555,-70.124572,2925.308191,251.4,5.309829,4.9,5.5
1788362683.999717,-32.833610,-70.124673,2921.705428,242.9,6.079746,4.8,5.5
1788362685.999707,-32.833643,-70.124845,2918.925292,252.2,8.372996,5.6,6.3
1788362687.999697,-32.833774,-70.124940,2916.622193,224.7,8.103654,4.0,4.8
1788362689.999687,-32.833689,-70.125059,2913.539858,314.5,6.250424,5.7,7.4
1788362693.999668,-32.833774,-70.125164,2911.534508,199.7,5.114760,6.2,7.1
1788362695.999657,-32.833824,-70.125265,2908.249699,253.1,5.134733,6.1,7.3
1788362697.999648,-32.833758,-70.125371,2906.067302,308.1,5.454571,7.3,8.1
1788362699.999638,-32.833746,-70.125493,2904.322148,266.3,5.798245,7.5,8.2
1788362701.999628,-32.833852,-70.125564,2899.553954,205.0,6.313318,6.9,7.4
1788362703.999618,-32.833973,-70.125610,2898.060941,211.1,7.158543,4.9,5.5
1788362705.999609,-32.833959,-70.125751,2893.742911,278.9,6.414509,6.8,8.0
1788362707.999598,-32.833896,-70.125899,2892.921005,294.3,7.778516,6.5,7.7
1788362709.999589,-32.833901,-70.126090,2888.880164,258.3,8.873920,4.9,6.6
1788362711.999578,-32.834021,-70.126163,2887.026209,216.8,7.605728,5.6,6.8
1788362713.999570,-32.834113,-70.126359,2879.915023,236.8,10.437108,4.2,5.7
1788362714.999564,-32.834172,-70.126455,2879.153366,235.7,11.386491,3.7,4.9
1788362715.999560,-32.834222,-70.126559,2876.416721,237.0,11.742800,3.8,4.3
1788362716.999554,-32.834295,-70.126664,2873.805429,232.7,12.349460,3.9,4.2
1788362717.999549,-32.834381,-70.126785,2869.074108,230.3,14.232452,3.8,4.4
1788362718.999545,-32.834466,-70.126914,2868.496591,230.8,15.415625,5.4,7.5
1788362719.999539,-32.834548,-70.127053,2864.985982,232.7,16.188140,4.8,7.7
1788362720.999535,-32.834638,-70.127176,2867.856068,233.8,15.909424,6.1,9.5
1788362721.999530,-32.834703,-70.127303,2867.215316,237.2,14.746195,6.1,7.4
1788362722.999525,-32.834763,-70.127418,2868.085957,237.6,13.544784,7.6,8.4
1788362723.999519,-32.834832,-70.127527,2868.343533,235.5,12.943742,5.0,5.8
1788362725.999511,-32.834944,-70.127660,2870.558707,223.3,9.375079,4.2,4.6
1788362731.999481,-32.835005,-70.127583,2868.598250,130.6,0.000000,5.3,5.1
1788362731.999481,-32.835005,-70.127583,2868.598250,130.6,0.000000,5.3,5.1
1788362755.000002,-32.835016,-70.127474,2865.477337,92.0,1.006765,5.0,5.7
1788362766.999941,-32.834996,-70.127366,2866.207804,72.6,0.470072,6.6,6.0
1788362787.999837,-32.834980,-70.127253,2864.100504,68.2,1.422720,5.3,6.6
1788362803.999758,-32.834986,-70.127125,2869.013515,82.4,2.872994,7.1,7.4
1788362809.999728,-32.834989,-70.127028,2870.573673,113.0,0.000000,5.1,6.6
1788362809.999728,-32.834989,-70.127028,2870.573673,113.0,0.000000,5.1,6.6
1788362816.999694,-32.834982,-70.126914,2875.366011,92.7,1.423496,6.0,7.6
1788362821.999669,-32.834972,-70.126803,2877.729756,90.0,1.892572,6.2,7.7
1788362827.999640,-32.834964,-70.126684,2877.346802,84.2,1.806657,6.3,7.7
1788362833.999610,-32.834974,-70.126542,2879.355431,91.7,2.822258,6.8,8.2
1788362839.999581,-32.834971,-70.126440,2882.302965,89.8,0.000000,6.9,7.7
1788362839.999581,-32.834971,-70.126440,2882.302965,89.8,0.000000,6.9,7.7
1788362848.999537,-32.834964,-70.126275,2884.852226,85.6,1.736793,7.4,7.6
1788362854.999507,-32.834962,-70.126167,2888.498825,89.5,1.803520,6.6,7.3
1788362861.999473,-32.834958,-70.126054,2891.642709,96.0,0.000000,5.6,7.5
1788362869.000008,-32.834972,-70.125944,2893.703675,98.0,1.306956,4.9,8.2
1788362878.000006,-32.834947,-70.125817,2896.960969,99.2,1.767240,5.1,8.7
1788362882.999998,-32.834935,-70.125695,2900.483360,80.9,2.278021,4.9,9.5
1788362888.999969,-32.834937,-70.125588,2900.735086,90.5,0.000000,3.9,10.3
1788362888.999969,-32.834937,-70.125588,2900.735086,90.5,0.000000,3.9,10.3
1788362899.999915,-32.834935,-70.125451,2911.030226,80.2,2.755369,5.0,10.5
1788362905.999886,-32.834953,-70.125319,2919.921719,85.7,0.805949,7.7,9.8
1788362905.999886,-32.834953,-70.125319,2919.921719,85.7,0.000000,7.7,9.8
1788362911.999857,-32.834959,-70.125197,2922.907696,88.3,2.096565,7.3,8.8
1788362917.999829,-32.834948,-70.125077,2927.275745,84.0,0.000000,7.6,8.0
1788362917.999829,-32.834948,-70.125077,2927.275745,84.0,0.000000,7.6,8.0
1788362923.999800,-32.834953,-70.124954,2931.109704,90.8,1.927918,6.8,7.3
1788362929.999771,-32.834951,-70.124838,2934.410544,86.1,1.734912,6.2,7.0
1788362935.999743,-32.834954,-70.124728,2938.128000,89.8,1.762040,5.4,6.2
1788362941.999713,-32.834949,-70.124613,2942.702046,87.6,1.945284,4.7,5.9
1788362948.999679,-32.834945,-70.124492,2946.891315,86.6,1.332345,4.8,6.1
1788362954.999649,-32.834944,-70.124381,2946.401863,90.2,0.000000,5.8,6.4
1788362959.999625,-32.834947,-70.124259,2948.569206,90.3,1.919170,5.8,6.7
1788362965.999594,-32.834945,-70.124140,2949.486423,88.5,1.811688,5.5,6.3
1788362971.999565,-32.834946,-70.124027,2951.425708,95.4,1.770777,5.2,5.8
1788362977.999536,-32.834936,-70.123916,2952.451605,91.6,1.686230,4.4,5.6
1788362984.999501,-32.834941,-70.123775,2954.659717,90.5,1.953843,5.7,5.9
1788362990.999472,-32.834938,-70.123667,2957.215722,88.1,1.790901,6.6,6.3
1788362998.000011,-32.834937,-70.123545,2959.462574,88.9,0.000000,6.4,6.5
1788363003.000008,-32.834937,-70.123435,2961.921906,87.6,1.980605,6.0,6.6
1788363009.999985,-32.834934,-70.123301,2965.082028,85.5,1.959361,6.1,6.7
1788363016.999944,-32.834939,-70.123170,2968.721882,88.9,1.769836,4.4,6.9
1788363024.999900,-32.834939,-70.123050,2973.455393,91.3,1.589827,5.6,6.5
1788363032.999857,-32.834937,-70.122938,2976.830291,83.7,1.257498,6.6,6.9
1788363038.999825,-32.834937,-70.122825,2978.113976,90.7,1.944255,6.3,6.6
1788363044.999795,-32.834937,-70.122697,2979.953090,94.0,1.798020,5.6,7.1
1788363050.999764,-32.834940,-70.122558,2980.919876,100.1,2.449342,5.4,6.8
1788363056.999734,-32.834933,-70.122480,2982.555991,87.3,0.000000,6.2,6.8
1788363056.999734,-32.834933,-70.122480,2982.555991,87.3,0.000000,6.2,6.8
1788363060.999714,-32.834932,-70.122372,2983.966151,90.0,1.786875,5.8,7.1
1788363069.999670,-32.834929,-70.122182,2986.856389,88.2,1.980995,5.1,7.0
1788363077.999629,-32.834930,-70.122047,2986.290343,95.4,1.926131,5.4,7.1
1788363082.999604,-32.834921,-70.121940,2987.673032,88.1,1.820290,4.8,6.3
1788363087.999580,-32.834923,-70.121824,2989.464540,88.9,1.873328,4.6,6.2
1788363092.999554,-32.834917,-70.121716,2990.324928,89.9,2.012372,4.9,6.0
1788363098.999524,-32.834910,-70.121594,2992.256511,85.3,0.000000,5.5,6.1
1788363098.999524,-32.834910,-70.121594,2992.256511,85.3,0.000000,5.5,6.1
1788363104.999495,-32.834906,-70.121467,2993.019595,88.9,2.092785,3.0,6.1
1788363109.999469,-32.834910,-70.121354,2995.063224,90.4,1.874512,3.7,5.9
1788363126.999989,-32.834919,-70.121242,2994.993636,87.5,0.000000,5.2,6.9
1788363158.999889,-32.834927,-70.121135,2997.372831,97.0,1.410425,7.5,8.4
1788363163.999867,-32.834895,-70.121030,2994.349629,64.9,3.278052,8.2,8.3
1788363169.999838,-32.834845,-70.121002,2994.954578,20.1,0.000000,8.5,8.2
1788363169.999838,-32.834845,-70.121002,2994.954578,20.1,0.000000,8.5,8.2
1788363212.999627,-32.834754,-70.120998,2997.844091,-1.0,0.000000,9.0,8.9
1788363225.999563,-32.834662,-70.121001,2993.814010,358.3,1.382413,8.4,8.7
1788363232.999529,-32.834572,-70.120968,2993.771382,6.3,1.494834,7.3,8.0
1788363240.999489,-32.834469,-70.120963,2993.657227,358.7,1.581087,9.1,8.5
1788363246.000015,-32.834342,-70.120968,2991.103128,357.6,3.519064,9.7,8.7
1788363249.000010,-32.834211,-70.121036,2991.023059,336.7,5.570453,9.4,8.9
1788363251.000007,-32.834110,-70.121108,2990.351514,329.6,6.420756,7.6,8.5
1788363253.000003,-32.834026,-70.121210,2990.348386,310.1,6.682744,9.1,8.9
1788363255.000006,-32.833979,-70.121333,2989.660594,291.8,6.452410,8.2,8.1
1788363257.000005,-32.833967,-70.121497,2987.214135,276.6,7.438672,7.1,8.8
1788363259.000004,-32.833907,-70.121620,2986.423002,301.6,6.399856,5.5,7.4
1788363264.999973,-32.833978,-70.121692,2984.128987,216.1,0.000000,6.9,8.7
1788363264.999973,-32.833978,-70.121692,2984.128987,216.1,0.000000,6.9,8.7
1788363325.999669,-32.833965,-70.121726,2984.048555,212.1,0.200555,10.1,12.6
1788363337.999611,-32.833996,-70.121834,2980.722940,261.2,3.502867,10.6,14.4
1788363339.999601,-32.833974,-70.121940,2979.288896,289.7,5.236168,8.3,14.2
1788363341.999591,-32.833932,-70.122046,2976.376224,293.5,5.764460,8.8,13.9
1788363343.999580,-32.833982,-70.122211,2975.296141,239.6,7.745917,11.6,17.6
1788363345.999571,-32.834109,-70.122346,2973.198993,225.7,9.332531,9.1,12.0
1788363346.999565,-32.834122,-70.122461,2971.681168,252.3,10.052337,8.9,11.4
1788363347.999561,-32.834075,-70.122558,2968.673802,283.3,9.848461,9.6,14.8
1788363348.999555,-32.834010,-70.122643,2967.369610,302.6,10.061089,10.6,16.2
1788363350.999546,-32.833998,-70.122844,2963.569663,269.0,9.476995,7.9,13.6
1788363351.999541,-32.834086,-70.122901,2961.569015,228.3,9.127920,6.9,10.5
1788363353.999532,-32.834233,-70.122906,2962.188303,188.2,7.587029,5.5,7.5
1788363355.999521,-32.834248,-70.123048,2958.580920,267.3,6.611925,5.9,8.0
1788363357.999512,-32.834139,-70.123127,2957.407557,329.4,6.416929,6.2,8.5
1788363360.999497,-32.834114,-70.123264,2955.342384,251.4,5.386792,8.4,10.0
1788363362.999487,-32.834207,-70.123295,2952.975210,193.8,5.173727,7.5,9.3
1788363364.999477,-32.834295,-70.123348,2952.967135,220.0,5.570238,7.6,8.8
1788363366.999468,-32.834274,-70.123483,2949.329738,283.4,6.155101,8.1,9.7
1788363368.999458,-32.834207,-70.123569,2947.420068,312.4,5.577904,8.9,11.1
1788363370.999977,-32.834231,-70.123687,2946.417799,242.0,5.524858,9.0,10.6
1788363372.999974,-32.834341,-70.123745,2945.665751,205.2,6.475160,9.1,10.3
1788363375.999978,-32.834296,-70.123891,2942.042708,310.1,4.914548,6.8,9.3
1788363377.999984,-32.834294,-70.124011,2940.002622,262.4,5.745860,8.4,11.4
1788363379.999982,-32.834338,-70.124107,2940.291187,238.3,4.920001,9.5,10.6
1788363381.999982,-32.834388,-70.124206,2939.743209,241.9,5.285112,8.6,9.9
1788363383.999986,-32.834420,-70.124326,2939.759282,252.5,6.016539,8.5,9.4
1788363385.999978,-32.834399,-70.124445,2938.111063,283.8,5.848341,7.9,9.1
1788363388.999965,-32.834318,-70.124521,2937.132794,334.8,2.943313,8.2,10.1
1788363392.999947,-32.834201,-70.124539,2936.108010,6.6,3.340163,9.7,10.0
1788363398.999919,-32.834145,-70.124529,2934.364400,353.1,0.000000,10.2,10.5
1788363398.999919,-32.834145,-70.124529,2934.364400,353.1,0.000000,10.2,10.5
1788363412.999855,-32.834051,-70.124519,2932.711464,35.2,0.896293,9.7,10.0
1788363419.999820,-32.833950,-70.124459,2931.063636,32.4,2.332055,10.6,11.0
1788363424.999797,-32.833862,-70.124383,2930.730959,39.9,0.000000,10.3,10.6
1788363424.999797,-32.833862,-70.124383,2930.730959,39.9,0.000000,10.3,10.6
1788363428.999777,-32.833782,-70.124314,2930.069771,30.6,3.030094,10.3,10.4
1788363431.999763,-32.833684,-70.124293,2931.655266,1.6,3.986589,9.5,10.6
1788363437.999734,-32.833604,-70.124270,2930.698476,5.3,0.000000,10.9,11.1
1788363437.999734,-32.833604,-70.124270,2930.698476,5.3,0.000000,10.9,11.1
1788363493.999463,-32.833581,-70.124386,2929.523594,282.7,3.406941,10.2,12.7
1788363495.999454,-32.833652,-70.124495,2927.035049,239.3,6.366657,10.8,12.5
1788363497.999999,-32.833584,-70.124647,2922.403928,298.9,7.894114,9.1,12.1
1788363499.999998,-32.833618,-70.124816,2918.236115,245.5,8.363205,5.8,10.2
1788363501.999996,-32.833731,-70.124946,2918.684806,245.7,8.686531,5.9,9.1
1788363504.000002,-32.833629,-70.125054,2915.843449,315.4,6.749717,6.2,9.8
1788363507.000006,-32.833736,-70.125126,2914.282402,189.1,5.089643,7.6,9.2
1788363509.000008,-32.833831,-70.125189,2913.080646,221.0,5.755377,6.4,8.3
1788363511.000008,-32.833768,-70.125291,2909.055937,301.9,5.177579,5.8,8.5
1788363512.999998,-32.833711,-70.125379,2908.568975,298.9,5.469897,5.8,9.6
1788363514.999987,-32.833795,-70.125473,2903.696113,215.9,6.178102,8.6,10.6
1788363516.999978,-32.833918,-70.125475,2902.579534,184.5,6.502491,8.4,9.5
1788363518.999968,-32.833947,-70.125611,2901.023434,267.7,6.101633,6.8,9.1
1788363520.999958,-32.833864,-70.125733,2898.543265,304.1,6.979886,8.0,10.4
1788363522.999948,-32.833926,-70.125839,2894.817884,222.1,5.822097,6.9,11.3
1788363524.999938,-32.834035,-70.125823,2894.193822,172.1,5.369778,8.1,10.0
1788363526.999929,-32.834113,-70.125912,2892.669271,235.5,5.957522,7.7,10.0
1788363528.999920,-32.834049,-70.126052,2888.572412,297.5,7.121024,7.3,10.4
1788363530.999909,-32.834077,-70.126199,2884.942402,244.3,6.781839,8.1,11.1
1788363532.999900,-32.834202,-70.126220,2882.900664,181.2,6.167547,8.9,10.7
1788363535.999886,-32.834309,-70.126218,2883.105533,190.5,4.115566,7.7,9.2
1788363537.999876,-32.834381,-70.126302,2880.895152,227.2,5.361282,6.5,8.2
1788363539.999867,-32.834439,-70.126438,2878.825888,245.9,7.097255,6.3,8.1
1788363541.999856,-32.834490,-70.126611,2874.157957,250.1,8.693762,6.4,8.0
1788363542.999852,-32.834517,-70.126717,2871.870446,251.3,9.727547,4.9,6.6
1788363543.999847,-32.834566,-70.126824,2870.622515,245.9,10.645527,6.7,9.1
1788363544.999841,-32.834608,-70.126930,2870.299198,244.8,10.896578,6.5,8.7
1788363545.999837,-32.834647,-70.127033,2868.932143,244.4,10.672438,6.7,9.2
1788363546.999833,-32.834690,-70.127129,2868.145778,243.5,10.303069,6.3,8.5
1788363548.999823,-32.834767,-70.127311,2867.014353,245.3,9.382488,8.3,11.5
1788363550.999813,-32.834831,-70.127492,2869.376081,246.1,8.923518,7.3,10.1
1788363552.999803,-32.834894,-70.127570,2871.254977,226.0,5.450214,8.9,12.0
1788363556.999784,-32.834995,-70.127613,2869.166317,187.0,2.875272,9.3,10.5
1788363562.999755,-32.835023,-70.127537,2867.787935,62.7,0.000000,9.2,10.3
1788363562.999755,-32.835023,-70.127537,2867.787935,62.7,0.000000,9.2,10.3
1788363584.999651,-32.835003,-70.127429,2867.514547,83.8,0.164317,8.7,8.3
1788363602.999564,-32.835002,-70.127314,2867.213543,90.1,1.724348,8.4,8.7
1788363621.999473,-32.834979,-70.127202,2871.489485,70.1,2.968435,5.7,8.7
1788363628.000020,-32.834979,-70.127120,2866.799331,101.9,0.000000,6.8,8.5
1788363628.000020,-32.834979,-70.127120,2866.799331,101.9,0.000000,6.8,8.5
1788363633.000026,-32.834981,-70.126976,2870.562835,80.0,3.511765,5.9,8.7
1788363639.000008,-32.834980,-70.126891,2874.488682,97.3,0.000000,6.4,9.9
1788363639.000008,-32.834980,-70.126891,2874.488682,97.3,0.000000,6.4,9.9
1788363643.999985,-32.834981,-70.126778,2877.590691,89.0,2.040946,6.8,9.6
1788363649.999957,-32.834979,-70.126674,2878.412723,90.7,0.000000,6.3,9.1
1788363649.999957,-32.834979,-70.126674,2878.412723,90.7,0.000000,6.3,9.1
1788363655.999929,-32.834977,-70.126557,2880.750391,88.7,1.956206,6.0,8.6
1788363662.999897,-32.834975,-70.126434,2883.045584,79.3,1.591946,5.6,8.8
1788363670.999858,-32.834969,-70.126293,2885.214727,81.1,0.000000,5.5,8.2
1788363675.999834,-32.834970,-70.126170,2887.959472,89.2,1.853704,5.1,7.9
1788363682.999801,-32.834964,-70.126016,2892.321465,94.4,1.821265,4.5,7.9
1788363688.999771,-32.834963,-70.125899,2897.650191,86.4,2.027618,5.2,7.9
1788363694.999743,-32.834961,-70.125792,2901.185863,91.0,0.000000,5.1,8.1
1788363694.999743,-32.834961,-70.125792,2901.185863,91.0,0.000000,5.1,8.1
1788363701.999709,-32.834956,-70.125648,2906.958325,87.8,1.803241,5.1,7.8
1788363709.999670,-32.834955,-70.125508,2912.324318,91.7,0.000000,5.3,7.8
1788363715.999640,-32.834949,-70.125388,2917.327676,84.3,1.947817,6.5,7.9
1788363721.999612,-32.834956,-70.125277,2923.394204,94.7,1.860863,5.7,7.8
1788363727.999583,-32.834955,-70.125163,2924.359644,92.8,1.920317,6.4,8.1
1788363738.999529,-32.834958,-70.124969,2929.290146,90.4,1.238717,6.9,8.2
1788363745.999497,-32.834958,-70.124831,2934.104358,87.9,1.796932,6.3,8.2
1788363752.000038,-32.834952,-70.124709,2937.379358,89.9,1.960653,5.6,8.2
1788363759.000033,-32.834949,-70.124572,2943.913478,88.3,2.079204,7.3,8.4
1788363765.000020,-32.834961,-70.124455,2949.317349,91.9,0.000000,7.1,8.0
1788363765.000020,-32.834961,-70.124455,2949.317349,91.9,0.000000,7.1,8.0
1788363769.999999,-32.834952,-70.124347,2950.632878,87.5,2.003795,6.9,7.4
1788363775.999969,-32.834949,-70.124230,2952.628986,86.9,0.000000,6.7,6.8
1788363775.999969,-32.834949,-70.124230,2952.628986,86.9,0.000000,6.7,6.8
1788363781.999940,-32.834954,-70.124114,2954.698644,92.7,1.848344,6.4,6.6
1788363787.999911,-32.834950,-70.123992,2956.690705,91.2,1.816000,6.0,6.3
1788363796.999867,-32.834947,-70.123813,2959.536546,87.3,1.841696,6.5,6.6
1788363802.999837,-32.834947,-70.123697,2961.284046,92.7,1.830790,7.7,8.3
1788363809.999803,-32.834946,-70.123558,2963.779181,89.9,1.844802,8.5,8.2
1788363815.999772,-32.834943,-70.123441,2966.328324,88.5,1.817012,8.0,7.7
1788363823.999732,-32.834939,-70.123311,2969.360576,89.3,0.000000,6.8,7.0
1788363828.999707,-32.834939,-70.123192,2973.302168,89.6,1.825652,6.9,7.0
1788363834.999678,-32.834934,-70.123074,2976.562258,89.9,1.911367,7.0,7.1
1788363840.999647,-32.834922,-70.122960,2980.013419,90.0,1.852688,7.2,7.1
1788363846.999617,-32.834921,-70.122842,2982.064742,91.0,2.022420,7.4,7.6
1788363852.999588,-32.834920,-70.122837,2981.859289,90.2,0.000000,7.7,7.6
1788363852.999588,-32.834920,-70.122837,2981.859289,90.2,0.000000,7.7,7.6
1788363857.999563,-32.834919,-70.122644,2982.762822,89.7,0.000000,8.0,7.7
1788363862.999538,-32.834917,-70.122529,2984.742206,89.4,1.845627,9.2,8.9
1788363868.999510,-32.834917,-70.122409,2986.420950,91.2,1.853730,9.2,9.1
1788363874.999496,-32.834922,-70.122299,2989.335816,97.2,1.529246,8.6,8.3
1788363880.999518,-32.834915,-70.122177,2990.333305,87.0,1.850662,7.9,7.3
1788363886.999565,-32.834911,-70.122069,2991.179934,88.3,1.952634,7.3,7.3
1788363892.999618,-32.834911,-70.121945,2991.625025,91.7,1.688681,7.0,7.1
1788363897.999642,-32.834908,-70.121837,2991.755772,93.5,1.881748,7.5,7.4
1788363903.999657,-32.834904,-70.121725,2991.583340,90.1,1.819314,6.9,7.2
1788363909.999660,-32.834904,-70.121603,2992.142945,88.2,1.918830,5.6,7.2
1788363915.999654,-32.834897,-70.121482,2993.955300,87.4,1.436777,5.7,7.2
1788363922.999643,-32.834903,-70.121365,2995.716960,109.7,0.840901,7.8,7.8
1788363927.999630,-32.834898,-70.121253,2994.966496,88.8,2.095981,7.1,7.6
1788363933.999614,-32.834898,-70.121139,2996.830226,97.1,0.000000,6.5,7.3
1788363933.999614,-32.834898,-70.121139,2996.830226,97.1,0.000000,6.5,7.3
1788363936.999605,-32.834866,-70.121033,2995.877253,58.4,3.720686,6.6,7.5
1788363942.999587,-32.834828,-70.121021,2996.294120,25.3,0.000000,8.7,7.9
1788363942.999587,-32.834828,-70.121021,2996.294120,25.3,0.000000,8.7,7.9
1788363960.999528,-32.834735,-70.121004,2994.971003,5.1,0.481169,7.7,6.9
1788363973.999482,-32.834643,-70.120999,2996.581425,5.4,0.839860,8.4,8.8
1788363984.999443,-32.834553,-70.120968,2994.806713,7.2,0.985059,9.3,9.8
1788363995.999404,-32.834459,-70.120959,2993.493459,9.0,0.000000,11.1,11.0
1788364002.999796,-32.834345,-70.120981,2993.044432,346.0,2.828306,10.8,10.8
1788364005.999809,-32.834236,-70.121058,2992.600691,327.8,5.446624,8.6,11.6
1788364007.999823,-32.834129,-70.121117,2988.937383,332.5,6.806148,9.4,14.0
1788364009.999836,-32.834030,-70.121240,2988.059485,311.5,7.376264,11.7,14.4
1788364011.999848,-32.834049,-70.121418,2988.565829,259.8,7.828416,9.3,12.4
1788364013.999866,-32.834015,-70.121554,2987.498560,292.5,5.986968,8.9,12.2
1788364019.999870,-32.833973,-70.121572,2987.496024,334.0,0.000000,12.4,13.6
1788364019.999870,-32.833973,-70.121572,2987.496024,334.0,0.000000,12.4,13.6
1788364080.999732,-32.833976,-70.121580,2987.401924,270.4,0.027312,12.5,12.3
1788364142.000084,-32.833970,-70.121583,2989.614122,-1.0,0.077491,11.7,11.5
1788364202.999845,-32.833977,-70.121601,2987.847783,-1.0,0.000000,10.7,13.1
1788364264.000175,-32.833977,-70.121599,2987.346990,-1.0,0.000000,9.6,12.7
1788364274.000108,-32.833971,-70.121706,2985.884468,282.5,2.650125,8.3,12.7
1788364280.000070,-32.833936,-70.121808,2985.105574,289.6,0.000000,9.1,13.0
1788364280.000070,-32.833936,-70.121808,2985.105574,289.6,0.000000,9.1,13.0
1788364285.000042,-32.833909,-70.121924,2984.699978,271.1,2.330243,9.2,12.7
1788364290.000017,-32.833930,-70.122032,2981.770323,253.3,2.129258,9.4,12.8
1788364295.999988,-32.833936,-70.122131,2980.654791,283.8,0.000000,9.5,13.0
1788364295.999988,-32.833936,-70.122131,2980.654791,283.8,0.000000,9.5,13.0
1788364299.999970,-32.833954,-70.122248,2978.757195,250.4,4.053108,10.0,13.1
1788364303.999953,-32.834024,-70.122346,2975.319028,255.4,3.887711,7.8,12.3
1788364305.999945,-32.834084,-70.122438,2971.949173,228.7,5.595481,9.8,13.0
1788364307.999937,-32.834137,-70.122600,2969.779238,256.4,7.706131,7.7,12.7
1788364309.999929,-32.834063,-70.122713,2967.712186,304.8,6.373830,9.3,16.5
1788364311.999920,-32.834081,-70.122831,2966.379584,247.2,5.685300,10.0,18.5
1788364313.999913,-32.834181,-70.122848,2965.450347,191.5,4.949854,10.8,16.3
1788364316.999900,-32.834155,-70.122984,2962.422533,308.4,4.475027,12.1,16.9
1788364319.999889,-32.834071,-70.123029,2962.252197,328.0,3.328548,13.1,16.2
1788364322.999876,-32.834124,-70.123133,2960.140842,215.5,4.192764,13.6,16.8
1788364325.999865,-32.834235,-70.123137,2959.334433,183.6,3.806577,12.0,15.2
1788364331.999842,-32.834309,-70.123175,2958.264458,237.2,0.000000,9.3,13.4
1788364331.999842,-32.834309,-70.123175,2958.264458,237.2,0.000000,9.3,13.4
1788364350.999768,-32.834369,-70.123287,2954.634701,248.9,4.453777,9.1,12.5
1788364352.999761,-32.834394,-70.123455,2951.581150,255.7,7.769132,7.6,12.6
1788364354.999753,-32.834443,-70.123645,2948.323619,255.1,9.398739,5.4,10.9
1788364355.999748,-32.834471,-70.123748,2945.662815,255.0,9.963963,6.0,12.5
1788364356.999744,-32.834514,-70.123859,2945.423539,252.2,10.556260,5.5,10.5
1788364357.999740,-32.834557,-70.123972,2944.808609,251.1,10.831545,5.5,9.8
1788364358.999735,-32.834595,-70.124090,2944.696443,251.4,11.168002,8.9,16.6
1788364359.999731,-32.834606,-70.124204,2943.716770,256.1,10.985354,12.0,19.8
1788364360.999727,-32.834630,-70.124307,2943.553605,256.5,10.559735,10.3,15.3
1788364361.999723,-32.834646,-70.124415,2942.940290,258.1,10.442388,9.1,12.6
1788364362.999719,-32.834670,-70.124522,2943.289430,253.9,10.169028,6.5,9.0
1788364364.999711,-32.834791,-70.124618,2943.241607,212.5,7.906927,6.0,9.3
1788364367.999698,-32.834911,-70.124575,2944.197752,174.1,4.936196,5.7,8.3
1788364371.999683,-32.835046,-70.124566,2940.162630,175.4,5.018768,7.1,9.2
1788364373.999675,-32.835161,-70.124502,2936.524250,151.8,6.766372,6.8,8.6
1788364375.999667,-32.835282,-70.124399,2933.152916,144.4,8.219993,7.3,8.6
1788364377.999658,-32.835455,-70.124403,2932.631397,188.3,9.434824,7.6,9.7
1788364380.000175,-32.835463,-70.124570,2928.880166,263.8,7.397859,4.7,9.1
1788364382.000173,-32.835403,-70.124711,2929.030908,302.5,7.172892,6.1,10.4
1788364384.000166,-32.835310,-70.124808,2927.822141,314.3,6.567703,6.9,12.1
1788364386.000159,-32.835343,-70.124962,2924.810606,251.2,7.072237,8.7,15.0
1788364388.000152,-32.835278,-70.125117,2921.950298,303.1,8.108017,6.4,12.0
1788364390.000145,-32.835156,-70.125230,2920.866177,314.4,8.140581,7.8,11.9
1788364392.000145,-32.835237,-70.125357,2916.379189,224.9,6.567553,10.5,14.2
1788364394.000131,-32.835351,-70.125390,2915.632941,208.7,6.157650,8.8,12.0
1788364396.000115,-32.835305,-70.125507,2911.727456,303.4,5.634655,8.4,13.9
1788364398.000102,-32.835200,-70.125549,2910.003359,344.1,5.942872,9.8,14.8
1788364400.000090,-32.835170,-70.125652,2905.847444,272.9,5.333567,12.8,18.6
1788364403.000071,-32.835289,-70.125706,2906.562618,199.6,3.836818,13.4,17.3
1788364409.000037,-32.835345,-70.125738,2905.033461,217.7,0.000000,11.8,15.5
1788364409.000037,-32.835345,-70.125738,2905.033461,217.7,0.000000,11.8,15.5
1788364413.000016,-32.835360,-70.125911,2895.678314,262.0,6.328361,7.4,15.4
1788364415.000006,-32.835366,-70.126179,2885.171542,262.3,11.560128,5.5,14.9
1788364416.000001,-32.835377,-70.126335,2881.022744,262.5,13.329615,7.8,20.0
1788364416.999996,-32.835412,-70.126504,2877.267589,258.7,15.105835,12.3,29.3
1788364417.999992,-32.835445,-70.126654,2876.237531,257.6,14.974675,9.1,23.7
1788364418.999986,-32.835496,-70.126783,2873.870526,254.0,14.050329,5.5,13.7
1788364419.999981,-32.835509,-70.126942,2874.404629,257.4,13.753449,5.3,10.9
1788364420.999976,-32.835520,-70.127083,2874.385041,259.6,12.931514,11.5,18.7
1788364421.999972,-32.835544,-70.127194,2876.839304,256.2,11.538550,12.0,14.4
1788364422.999968,-32.835562,-70.127308,2877.174487,255.3,10.805212,10.0,11.7
1788364423.999962,-32.835575,-70.127430,2877.626350,259.6,11.120577,10.4,12.0
1788364424.999958,-32.835588,-70.127537,2877.785540,261.4,10.264573,8.1,10.3
1788364426.999949,-32.835598,-70.127727,2880.524496,263.5,8.698383,8.4,10.5
1788364428.999939,-32.835653,-70.127866,2880.328697,247.9,6.982786,8.1,9.2
1788364434.999913,-32.835634,-70.127949,2878.494230,302.3,0.000000,11.8,11.4
1788364434.999913,-32.835634,-70.127949,2878.494230,302.3,0.000000,11.8,11.4
1788364486.999692,-32.835557,-70.128032,2878.202402,351.8,2.582660,14.6,14.4
1788364489.999680,-32.835427,-70.128061,2875.515176,345.4,5.307136,14.8,14.8
1788364491.999671,-32.835308,-70.128094,2873.763577,347.1,6.646139,12.9,14.0
1788364493.999662,-32.835168,-70.128122,2872.453548,349.0,7.991378,12.9,12.6
1788364495.999654,-32.835031,-70.128111,2870.979341,8.0,7.518616,9.3,10.5
1788364500.999633,-32.834930,-70.128073,2868.954476,36.8,1.880285,11.7,11.8
1788364505.000142,-32.834842,-70.128020,2867.155449,32.5,3.128788,10.6,12.3
1788364508.000138,-32.834716,-70.127958,2864.781607,11.2,5.608291,9.5,11.5
1788364510.000131,-32.834598,-70.127986,2862.185066,344.1,6.302915,8.7,10.6
1788364512.000132,-32.834490,-70.128094,2860.027857,316.1,7.749964,8.0,11.8
1788364513.000126,-32.834451,-70.128194,2859.958913,301.3,8.841761,9.5,12.9
1788364515.000124,-32.834378,-70.128387,2858.676356,296.2,10.013419,11.1,16.2
1788364516.000115,-32.834334,-70.128484,2856.905085,297.7,10.302702,8.2,12.1
1788364518.000112,-32.834270,-70.128661,2857.416660,290.6,9.312246,6.2,8.6
1788364520.000097,-32.834250,-70.128847,2856.369870,276.4,8.573001,6.5,8.3
1788364522.000081,-32.834266,-70.128988,2857.236301,264.2,6.553999,6.8,7.3
1788364524.000066,-32.834271,-70.129097,2856.987369,264.8,5.123626,8.1,10.5
1788364530.000025,-32.834198,-70.129102,2855.742741,26.9,0.000000,12.9,12.6
1788364530.000025,-32.834198,-70.129102,2855.742741,26.9,0.000000,12.9,12.6
1788364540.999961,-32.834125,-70.129171,2853.711988,306.0,1.168827,11.2,11.4
1788364554.999889,-32.834048,-70.129103,2852.193956,25.4,1.083927,9.8,10.2
1788364566.999832,-32.834000,-70.128963,2852.932275,60.8,3.563998,10.8,12.3
1788364572.999805,-32.833930,-70.128876,2855.012976,55.2,0.000000,10.9,12.7
1788364572.999805,-32.833930,-70.128876,2855.012976,55.2,0.000000,10.9,12.7
1788364577.999782,-32.833889,-70.128777,2855.250319,63.3,2.069271,11.8,12.4
1788364582.999759,-32.833841,-70.128676,2857.159608,54.3,2.224118,11.4,11.3
1788364587.999736,-32.833796,-70.128570,2859.523273,62.9,0.000000,11.0,10.7
1788364587.999736,-32.833796,-70.128570,2859.523273,62.9,0.000000,11.0,10.7
1788364592.999714,-32.833747,-70.128474,2861.049543,56.9,2.067851,10.5,10.5
1788364597.999691,-32.833698,-70.128376,2863.786649,58.0,0.000000,10.1,10.4
1788364597.999691,-32.833698,-70.128376,2863.786649,58.0,0.000000,10.1,10.4
1788364602.999668,-32.833652,-70.128270,2867.154517,60.8,2.201331,9.8,10.0
1788364607.999646,-32.833599,-70.128174,2868.974649,56.3,2.127556,9.1,9.2
1788364612.999623,-32.833555,-70.128076,2871.290918,61.0,2.105439,8.7,9.0
1788364618.999595,-32.833508,-70.127975,2873.087225,61.1,0.000000,8.2,8.5
1788364618.999595,-32.833508,-70.127975,2873.087225,61.1,0.000000,8.2,8.5
1788364622.999578,-32.833465,-70.127880,2875.759806,61.6,2.113321,7.9,8.4
1788364628.999551,-32.833427,-70.127819,2879.479548,56.8,0.000000,8.3,8.9
1788364628.999551,-32.833427,-70.127819,2879.479548,56.8,0.000000,8.3,8.9
1788364637.000074,-32.833383,-70.127725,2881.267404,61.0,0.864228,9.3,10.3
1788364647.000063,-32.833329,-70.127611,2886.067539,63.7,1.683842,9.0,9.9
1788364653.000025,-32.833277,-70.127510,2889.819760,59.7,2.293093,8.2,10.0
1788364657.999996,-32.833234,-70.127411,2893.325239,63.6,2.242449,9.9,10.5
1788364662.999968,-32.833190,-70.127308,2895.131640,56.4,2.073096,8.4,9.6
1788364668.999936,-32.833133,-70.127203,2900.332266,60.4,0.000000,8.7,9.3
1788364668.999936,-32.833133,-70.127203,2900.332266,60.4,0.000000,8.7,9.3
1788364674.999906,-32.833071,-70.127085,2904.755579,57.7,2.082073,9.2,9.2
1788364680.999876,-32.833022,-70.126979,2908.030419,65.3,0.000000,7.5,9.5
1788364680.999876,-32.833022,-70.126979,2908.030419,65.3,0.000000,7.5,9.5
1788364690.999827,-32.832972,-70.126890,2914.325970,60.6,1.153651,10.4,9.6
1788364702.999770,-32.832925,-70.126798,2920.171256,55.9,0.700883,8.2,10.4
1788364745.999566,-32.832880,-70.126698,2925.418783,60.0,1.391328,9.6,10.1
1788364753.999529,-32.832821,-70.126567,2929.766138,61.7,2.008594,9.6,9.4
1788364760.000039,-32.832776,-70.126465,2933.488605,59.8,0.000000,9.0,9.4
1788364760.000039,-32.832776,-70.126465,2933.488605,59.8,0.000000,9.0,9.4
1788364771.000029,-32.832725,-70.126372,2938.647766,58.1,0.956695,11.5,10.3
1788364783.999956,-32.832672,-70.126276,2944.962863,57.7,0.940768,12.0,10.0
1788364795.999894,-32.832624,-70.126165,2949.103438,59.0,1.314451,12.6,11.7
1788364802.999859,-32.832574,-70.126055,2954.444561,62.2,2.031572,9.9,11.5
1788364808.999830,-32.832524,-70.125947,2959.507843,63.7,0.000000,8.5,12.6
1788364808.999830,-32.832524,-70.125947,2959.507843,63.7,0.000000,8.5,12.6
1788364815.999796,-32.832464,-70.125818,2967.254274,65.2,2.070455,11.7,12.0
1788364821.999766,-32.832408,-70.125723,2980.657652,59.8,1.113515,11.6,11.3
1788364821.999766,-32.832408,-70.125723,2980.657652,59.8,0.000000,11.6,11.3
1788364827.999737,-32.832370,-70.125615,2984.338193,70.1,1.849455,12.0,10.2
1788364832.999714,-32.832317,-70.125527,2990.738450,57.6,1.972846,11.6,11.4
1788364840.999675,-32.832269,-70.125421,2992.648577,63.2,1.194208,12.1,11.6
1788364853.999613,-32.832218,-70.125333,2997.656419,61.4,1.009370,12.4,11.3
1788364866.999550,-32.832172,-70.125235,3008.404604,62.3,1.068714,16.2,13.2
1788364875.999506,-32.832124,-70.125140,3017.188808,64.2,1.646953,13.7,12.2
1788364882.999993,-32.832074,-70.125040,3027.335309,57.7,2.144191,11.0,10.9
1788364888.999996,-32.832035,-70.124950,3033.103908,58.5,0.000000,9.0,9.6
1788364888.999996,-32.832035,-70.124950,3033.103908,58.5,0.000000,9.0,9.6
1788364894.999994,-32.831980,-70.124826,3041.896961,60.3,2.009922,8.9,9.8
1788364900.999974,-32.831956,-70.124775,3046.037037,62.1,0.000000,10.4,10.3
1788364900.999974,-32.831956,-70.124775,3046.037037,62.1,0.000000,10.4,10.3
1788364911.999924,-32.831904,-70.124685,3053.345070,65.1,1.168945,10.8,9.2
1788364925.999859,-32.831853,-70.124589,3061.963219,57.9,0.972231,11.5,8.4
1788364939.999793,-32.831804,-70.124492,3070.583463,57.0,0.822160,10.4,8.7
1788364952.999731,-32.831764,-70.124391,3076.610092,60.1,0.866393,12.6,10.4
1788364961.999689,-32.831713,-70.124287,3085.298106,60.7,1.463753,11.9,11.1
1788364967.999660,-32.831668,-70.124190,3092.470868,61.0,1.924325,11.0,11.1
1788364973.999631,-32.831619,-70.124096,3101.340678,58.1,2.112567,13.9,11.9
1788364979.999603,-32.831574,-70.124004,3109.659304,62.2,1.256389,12.5,10.5
1788364979.999603,-32.831574,-70.124004,3109.659304,62.2,0.000000,12.5,10.5
1788364986.999570,-32.831524,-70.123900,3119.478501,66.1,1.580980,9.6,9.3
1788364993.999536,-32.831472,-70.123799,3130.002137,61.9,0.968711,10.0,8.8
1788364999.999507,-32.831429,-70.123697,3137.356817,60.5,1.032979,9.2,8.3
1788365005.999478,-32.831368,-70.123570,3145.963538,57.1,2.284502,8.7,8.5
1788365010.999960,-32.831323,-70.123476,3147.174626,60.7,2.323134,8.3,8.1
1788365016.999962,-32.831271,-70.123367,3149.348629,59.5,0.000000,8.6,8.0
1788365016.999962,-32.831271,-70.123367,3149.348629,59.5,0.000000,8.6,8.0
1788365022.999967,-32.831217,-70.123253,3153.496031,58.5,2.139756,8.3,8.2
1788365027.999949,-32.831172,-70.123153,3155.363289,62.6,0.000000,8.0,7.9
1788365027.999949,-32.831172,-70.123153,3155.363289,62.6,0.000000,8.0,7.9
1788365033.999924,-32.831118,-70.123039,3159.365114,61.7,2.129307,7.1,7.4
1788365039.999899,-32.831064,-70.122923,3165.034701,61.1,0.000000,6.9,6.8
1788365039.999899,-32.831064,-70.122923,3165.034701,61.1,0.000000,6.9,6.8
1788365044.999877,-32.831017,-70.122828,3170.032995,56.0,2.008139,6.4,6.4
1788365050.999850,-32.830972,-70.122752,3173.539136,49.2,0.000000,5.2,7.3
1788365050.999850,-32.830972,-70.122752,3173.539136,49.2,0.000000,5.2,7.3
1788365060.999806,-32.830918,-70.122641,3167.865787,59.3,1.415229,5.3,8.1
1788365076.999731,-32.830872,-70.122539,3175.978990,66.2,1.023355,4.7,7.2
1788365086.999685,-32.830824,-70.122445,3173.048770,63.9,1.150451,5.9,7.4
1788365096.999638,-32.830775,-70.122349,3173.409292,59.7,0.958748,7.3,6.9
1788365103.999606,-32.830728,-70.122253,3170.787546,50.4,2.647553,7.2,7.3
1788365106.999592,-32.830681,-70.122129,3170.728681,62.6,4.292998,6.7,7.0
1788365109.999578,-32.830613,-70.122027,3168.974764,52.2,3.844018,6.7,6.7
1788365113.999559,-32.830566,-70.121936,3172.364477,53.9,2.719389,6.1,6.9
1788365119.999531,-32.830516,-70.121834,3172.909437,56.6,0.000000,5.7,5.8
1788365119.999531,-32.830516,-70.121834,3172.909437,56.6,0.000000,5.7,5.8
1788365126.999498,-32.830449,-70.121742,3176.899530,70.1,1.813123,4.8,5.5
1788365132.999470,-32.830379,-70.121662,3173.345199,52.3,2.071442,5.3,5.3
1788365138.999961,-32.830326,-70.121607,3172.952042,28.2,0.000000,5.3,5.7
1788365138.999961,-32.830326,-70.121607,3172.952042,28.2,0.000000,5.3,5.7
1788365144.999970,-32.830248,-70.121507,3166.852631,48.9,2.387077,5.4,6.1
1788365150.999961,-32.830169,-70.121447,3170.365110,23.4,0.000000,6.9,7.0
1788365150.999961,-32.830169,-70.121447,3170.365110,23.4,0.000000,6.9,7.0
1788365156.999933,-32.830111,-70.121343,3169.460513,69.3,2.377734,6.0,7.2
1788365158.999923,-32.830105,-70.121195,3164.769241,85.3,6.464415,6.0,7.3
1788365160.999915,-32.830067,-70.121065,3165.799610,82.7,6.461455,6.7,7.0
1788365162.999906,-32.830072,-70.120939,3165.909754,93.1,5.181256,8.5,9.6
1788365168.999879,-32.830147,-70.120882,3158.398623,193.7,1.041941,12.6,12.9
1788365168.999879,-32.830147,-70.120882,3158.398623,193.7,0.000000,12.6,12.9
1788365181.999817,-32.830240,-70.120944,3157.349513,243.6,3.441834,9.0,13.2
1788365184.999804,-32.830325,-70.120893,3153.388378,128.5,3.304488,10.6,13.2
1788365188.999787,-32.830427,-70.120888,3148.653879,219.0,4.260659,11.1,13.8
1788365191.999773,-32.830499,-70.120974,3144.952742,196.3,4.507214,9.7,14.2
1788365197.999745,-32.830507,-70.120953,3141.636166,89.7,0.000000,15.1,14.9
1788365197.999745,-32.830507,-70.120953,3141.636166,89.7,0.000000,15.1,14.9
1788365258.999468,-32.830529,-70.120938,3143.225532,-1.0,0.000000,15.2,13.6
1788365297.999907,-32.830599,-70.120822,3139.517347,123.4,3.778810,11.5,13.0
1788365299.999898,-32.830640,-70.120709,3138.911750,114.8,5.227484,10.8,12.5
1788365302.999885,-32.830726,-70.120575,3137.872968,140.9,6.086833,10.8,12.2
1788365304.999877,-32.830821,-70.120661,3131.371318,221.6,6.525094,8.8,13.8
1788365306.999868,-32.830827,-70.120821,3129.446583,264.2,6.795357,11.5,20.4
1788365309.999855,-32.830942,-70.120854,3120.544043,162.9,6.475640,13.3,20.0
1788365311.999846,-32.831015,-70.120724,3116.937753,121.9,7.346584,14.7,20.4
1788365313.999838,-32.831071,-70.120609,3120.194603,123.7,5.742699,14.6,17.5
1788365316.999825,-32.831189,-70.120685,3111.013750,235.9,6.988439,15.7,24.1
1788365318.999816,-32.831195,-70.120847,3109.981014,267.7,6.988069,17.5,32.1
1788365320.999808,-32.831215,-70.120973,3112.697114,259.2,5.903457,15.5,26.0
1788365322.999798,-32.831313,-70.120978,3105.150328,171.5,5.684455,17.3,26.6
1788365324.999790,-32.831418,-70.120856,3100.562426,135.6,7.694203,18.5,22.5
1788365326.999781,-32.831511,-70.120725,3099.715522,136.9,7.983094,14.1,18.6
1788365328.999771,-32.831617,-70.120796,3090.878340,216.7,7.379886,10.6,17.2
1788365330.999763,-32.831624,-70.120965,3088.413800,253.4,7.236010,9.8,19.6
1788365332.999754,-32.831750,-70.120973,3082.276866,173.8,6.887502,15.9,22.6
1788365334.999746,-32.831818,-70.120866,3077.836375,127.3,6.626408,19.4,28.5
1788365336.999736,-32.831955,-70.120874,3077.173759,194.5,6.520924,16.7,22.8
1788365338.999727,-32.831947,-70.120980,3072.970594,265.1,4.293872,18.9,27.7
1788365342.999710,-32.832021,-70.121053,3066.371870,164.4,4.818715,17.7,27.7
1788365344.999702,-32.832117,-70.121033,3063.681707,174.3,4.682489,20.4,26.1
1788365347.999688,-32.832207,-70.121013,3059.663893,172.9,3.051202,18.6,23.0
1788365353.999661,-32.832268,-70.121016,3055.880884,163.5,0.000000,19.4,20.0
1788365353.999661,-32.832268,-70.121016,3055.880884,163.5,0.000000,19.4,20.0
1788365362.999621,-32.832387,-70.121074,3049.070869,237.5,5.063996,15.0,17.8
1788365364.999612,-32.832399,-70.121231,3040.815236,251.3,7.417874,10.5,17.3
1788365366.999603,-32.832546,-70.121213,3035.098721,174.7,7.024109,10.4,15.8
1788365368.999594,-32.832710,-70.121263,3034.015196,208.4,9.409507,8.5,14.4
1788365369.999590,-32.832736,-70.121371,3032.747866,241.0,9.497773,9.5,15.1
1788365370.999585,-32.832744,-70.121487,3027.377493,250.4,10.509498,9.4,13.3
1788365372.999576,-32.832901,-70.121518,3016.162583,186.4,9.304007,11.0,14.9
1788365374.999568,-32.833046,-70.121435,3019.062920,159.1,8.856296,14.2,20.8
1788365375.999563,-32.833135,-70.121473,3019.906031,192.9,9.472724,12.4,16.6
1788365377.999553,-32.833147,-70.121644,3012.890652,260.1,8.091562,8.8,16.4
1788365379.999546,-32.833089,-70.121768,3006.960133,289.0,6.877049,15.3,22.2
1788365382.999532,-32.833195,-70.121811,3002.242781,171.7,3.913754,15.4,22.4
1788365389.000032,-32.833237,-70.121791,3003.019402,158.6,0.000000,16.2,17.7
1788365389.000032,-32.833237,-70.121791,3003.019402,158.6,0.000000,16.2,17.7
1788365402.000014,-32.833319,-70.121920,2997.120860,251.8,6.339346,8.8,15.3
1788365404.000002,-32.833295,-70.122089,2990.743749,278.8,8.366047,7.3,13.9
1788365405.999990,-32.833267,-70.122307,2985.948772,276.5,10.024766,7.2,12.4
1788365406.999984,-32.833266,-70.122428,2983.925885,272.6,10.789489,5.8,10.7
1788365407.999979,-32.833317,-70.122549,2982.702031,248.9,11.073149,4.6,10.6
1788365408.999972,-32.833405,-70.122629,2979.197744,227.7,11.358248,7.8,15.4
1788365409.999968,-32.833466,-70.122736,2974.472421,236.3,12.136614,13.6,24.6
1788365410.999961,-32.833457,-70.122853,2971.151822,259.3,11.029615,11.8,19.0
1788365411.999956,-32.833422,-70.122968,2969.918486,277.8,10.908617,8.5,12.5
1788365412.999951,-32.833445,-70.123093,2967.759815,260.4,11.604947,6.8,11.5
1788365413.999945,-32.833508,-70.123213,2963.460270,242.0,12.667699,4.1,7.3
1788365414.999940,-32.833552,-70.123352,2958.731248,250.3,13.717562,8.8,16.8
1788365415.999935,-32.833517,-70.123482,2953.454615,275.7,13.189724,7.6,16.4
1788365416.999930,-32.833449,-70.123598,2948.982412,294.8,13.401410,10.5,24.5
1788365417.999925,-32.833449,-70.123732,2946.786963,277.4,13.231861,6.8,14.9
1788365418.999920,-32.833516,-70.123855,2945.374842,252.1,12.852358,7.3,16.0
1788365419.999914,-32.833564,-70.123983,2943.443078,250.0,13.002060,20.0,41.8
1788365420.999909,-32.833544,-70.124148,2940.549325,271.2,14.251018,13.1,26.6
1788365421.999904,-32.833465,-70.124286,2934.153702,290.7,14.914722,9.4,21.3
1788365423.999895,-32.833508,-70.124478,2929.697499,255.5,11.803600,7.3,16.8
1788365424.999889,-32.833596,-70.124563,2929.359973,238.3,11.829771,6.3,12.8
1788365425.999885,-32.833634,-70.124669,2925.077943,250.2,11.415844,6.8,12.8
1788365426.999880,-32.833583,-70.124810,2920.021083,276.0,11.481911,5.7,10.8
1788365427.999875,-32.833526,-70.124903,2917.430558,292.7,11.163972,6.0,11.3
1788365428.999869,-32.833487,-70.125033,2915.679038,291.0,12.147736,6.8,12.2
1788365429.999865,-32.833498,-70.125209,2916.021531,270.7,13.631558,10.9,18.8
1788365430.999860,-32.833568,-70.125344,2917.696545,248.1,13.570466,9.4,19.2
1788365431.999856,-32.833650,-70.125439,2914.896560,232.7,13.221073,7.7,14.2
1788365432.999851,-32.833762,-70.125403,2912.229083,201.0,11.407739,11.3,15.7
1788365433.999847,-32.833860,-70.125456,2908.809828,205.9,11.871344,10.3,13.4
1788365435.999837,-32.833918,-70.125682,2899.075384,244.8,11.560275,7.9,12.0
1788365436.999832,-32.834009,-70.125775,2897.027066,224.5,12.477023,6.6,10.5
1788365437.999827,-32.834112,-70.125869,2894.992252,224.5,13.674180,7.6,11.2
1788365438.999823,-32.834150,-70.126021,2889.550512,244.1,14.223905,9.3,14.3
1788365439.999818,-32.834216,-70.126137,2884.339576,237.4,14.360101,7.1,11.3
1788365440.999813,-32.834310,-70.126266,2881.503794,234.4,15.498442,9.7,14.8
1788365441.999809,-32.834366,-70.126421,2876.313582,242.3,16.192915,12.4,20.9
1788365442.999803,-32.834426,-70.126611,2875.265589,244.9,17.170288,8.1,12.8
1788365443.999800,-32.834495,-70.126787,2871.177675,244.4,18.018067,6.0,9.7
1788365444.999794,-32.834570,-70.126983,2870.258363,245.2,19.212841,4.1,7.7
1788365445.999791,-32.834640,-70.127151,2868.156149,245.3,18.754605,3.0,5.2
1788365446.999786,-32.834714,-70.127287,2867.284881,242.7,17.116793,3.0,6.2
1788365447.999782,-32.834790,-70.127418,2867.507281,238.2,15.320803,4.3,6.5
1788365448.999777,-32.834868,-70.127507,2866.493122,227.4,12.899324,5.6,8.4
1788365449.999771,-32.834928,-70.127599,2870.279406,218.6,10.303339,6.1,8.5
1788365455.999745,-32.834955,-70.127580,2868.560332,108.6,0.000000,7.9,8.8
1788365455.999745,-32.834955,-70.127580,2868.560332,108.6,0.000000,7.9,8.8
1788365517.000041,-32.834978,-70.127495,2867.519236,82.1,0.122722,10.6,9.5
1788365551.999904,-32.834971,-70.127386,2868.021554,339.2,0.027685,10.3,9.7
1788365580.999767,-32.834976,-70.127277,2866.990571,52.9,0.334806,10.5,10.6
1788365595.999698,-32.834967,-70.127127,2868.075609,81.8,3.475731,9.7,11.7
1788365601.999669,-32.834961,-70.127035,2871.005825,91.1,0.000000,12.9,13.7
1788365601.999669,-32.834961,-70.127035,2871.005825,91.1,0.000000,12.9,13.7
1788365607.999641,-32.834963,-70.126928,2872.805672,81.1,1.373214,13.8,12.5
1788365613.999614,-32.834960,-70.126805,2876.785671,86.5,2.088677,10.0,11.5
1788365619.999586,-32.834959,-70.126691,2877.662397,90.0,0.000000,10.3,10.8
1788365619.999586,-32.834959,-70.126691,2877.662397,90.0,0.000000,10.3,10.8
1788365625.999557,-32.834964,-70.126578,2882.257670,97.6,1.721326,6.9,11.5
1788365630.999535,-32.834969,-70.126464,2883.719229,82.4,2.186307,8.8,13.8
1788365635.999511,-32.834953,-70.126356,2885.895456,89.6,1.940528,13.6,12.7
1788365642.000060,-32.834953,-70.126243,2886.828392,84.8,1.859842,13.7,11.4
1788365650.000056,-32.834947,-70.126103,2889.525607,89.9,1.821216,8.4,12.5
1788365657.000020,-32.834948,-70.125963,2892.823783,86.0,1.822940,7.7,11.2
1788365664.999967,-32.834954,-70.125805,2896.582433,95.8,1.955392,8.9,13.0
1788365669.999938,-32.834926,-70.125693,2901.811688,76.3,2.404004,6.8,14.6
1788365675.999903,-32.834938,-70.125594,2907.993934,88.1,0.754310,10.8,13.8
1788365675.999903,-32.834938,-70.125594,2907.993934,88.1,0.000000,10.8,13.8
1788365682.999867,-32.834943,-70.125468,2914.332983,88.9,1.731388,11.2,11.8
1788365688.999835,-32.834954,-70.125343,2918.415751,95.1,1.981839,7.3,12.4
1788365694.999805,-32.834930,-70.125234,2918.173449,93.5,1.563954,10.4,13.4
1788365700.999776,-32.834935,-70.125127,2922.982235,92.1,1.857034,10.1,13.0
1788365706.999745,-32.834936,-70.124993,2929.177604,96.2,2.140763,10.8,13.1
1788365712.999717,-32.834940,-70.124901,2932.853429,96.7,0.000000,11.4,13.9
1788365712.999717,-32.834940,-70.124901,2932.853429,96.7,0.000000,11.4,13.9
1788365717.999693,-32.834933,-70.124781,2936.490774,79.8,2.203667,7.1,12.6
1788365723.999663,-32.834938,-70.124696,2940.550583,83.7,0.000000,9.8,14.9
1788365723.999663,-32.834938,-70.124696,2940.550583,83.7,0.000000,9.8,14.9
1788365729.999635,-32.834936,-70.124570,2944.376829,92.7,1.546303,9.5,14.9
1788365734.999611,-32.834938,-70.124458,2947.372726,87.8,2.073030,6.8,12.7
1788365740.999582,-32.834934,-70.124358,2946.629302,93.1,0.000000,8.6,13.4
1788365740.999582,-32.834934,-70.124358,2946.629302,93.1,0.000000,8.6,13.4
1788365745.999559,-32.834922,-70.124243,2948.727996,83.8,2.140708,8.3,15.0
1788365751.999530,-32.834912,-70.124108,2950.571139,82.1,0.000000,7.0,14.1
1788365751.999530,-32.834912,-70.124108,2950.571139,82.1,0.000000,7.0,14.1
1788365758.999497,-32.834909,-70.123966,2948.058269,72.5,2.492332,6.4,16.3
1788365765.000036,-32.834911,-70.123939,2950.662313,80.9,0.000000,7.7,17.6
1788365765.000036,-32.834911,-70.123939,2950.662313,80.9,0.000000,7.7,17.6
1788365774.000040,-32.834940,-70.123813,2949.628715,86.9,1.771351,7.7,16.5
1788365778.000044,-32.834941,-70.123673,2951.607783,80.0,0.000000,5.4,15.1
1788365781.000031,-32.834887,-70.123547,2952.446725,57.9,2.956118,5.4,16.9
1788365801.014797,-32.834891,-70.123425,2957.577440,88.6,0.000000,9.7,21.2
1788365801.014797,-32.834891,-70.123425,2957.577440,88.6,0.000000,9.7,21.2
1788365809.999893,-32.834909,-70.123199,2959.623559,92.8,0.382762,17.5,23.9
1788365810.999889,-32.834907,-70.123190,2959.814937,92.8,0.454890,7.2,9.8
1788365867.999609,-32.834917,-70.123068,2970.783898,91.7,1.494087,12.7,15.7
1788365873.999580,-32.834914,-70.122961,2976.122554,94.8,1.798277,10.9,14.1
1788365880.999545,-32.834908,-70.122837,2975.612100,89.2,1.886609,12.1,13.4
1788365886.999515,-32.834900,-70.122716,2976.350323,89.3,1.676622,11.3,12.1
1788365893.000053,-32.834899,-70.122569,2980.617875,87.8,2.096830,12.5,11.3
1788365899.000043,-32.834884,-70.122451,2982.807561,71.9,0.000000,4.5,13.3
1788365899.000043,-32.834884,-70.122451,2982.807561,71.9,0.000000,4.5,13.3
1788365917.999947,-32.834915,-70.122344,2983.069208,69.3,0.137565,5.9,15.8
1788365921.999923,-32.834900,-70.122224,2983.840218,76.7,1.166965,6.9,16.9
1788365923.999912,-32.834888,-70.122079,2981.727648,71.1,1.737167,10.4,17.0
1788365926.999896,-32.834898,-70.121963,2983.646690,88.8,1.832633,11.6,16.1
1788365930.999873,-32.834900,-70.121837,2986.071264,89.1,1.736412,12.3,14.7
1788365936.999841,-32.834905,-70.121724,2990.760069,95.5,1.653132,12.5,12.5
1788365944.999799,-32.834903,-70.121613,2990.875688,92.7,0.000000,12.3,11.8
1788365951.999762,-32.834911,-70.121499,2994.790470,98.9,2.073075,10.1,11.4
1788365957.999732,-32.834901,-70.121409,2995.552311,82.1,0.000000,10.6,11.0
1788365957.999732,-32.834901,-70.121409,2995.552311,82.1,0.000000,10.6,11.0
1788365963.999702,-32.834905,-70.121283,2998.981566,90.6,2.185126,10.2,11.5
1788365969.999672,-32.834894,-70.121162,2997.099450,88.5,0.000000,9.7,11.3
1788365969.999672,-32.834894,-70.121162,2997.099450,88.5,0.000000,9.7,11.3
1788365973.999652,-32.834862,-70.121052,2997.905063,66.1,3.386175,9.2,11.8
1788365979.999621,-32.834937,-70.121011,3001.182980,182.2,0.000000,10.2,11.0
1788365979.999621,-32.834937,-70.121011,3001.182980,182.2,0.000000,10.2,11.0
1788365988.999577,-32.835026,-70.121038,2999.035835,179.2,1.213800,9.3,11.4
1788366031.999995,-32.835108,-70.121095,3002.270047,176.5,0.519054,9.2,11.5
1788366051.999887,-32.835205,-70.121164,2997.380680,204.5,1.900681,11.5,12.3
1788366059.999846,-32.835212,-70.121273,2995.003964,289.4,1.148216,10.2,11.4
1788366066.999810,-32.835174,-70.121379,2985.437057,269.3,1.562899,9.9,14.2
1788366072.999780,-32.835239,-70.121510,2989.251757,243.8,2.250763,7.2,17.6
1788366078.999749,-32.835236,-70.121434,2991.160187,241.4,0.000000,16.2,16.3
1788366078.999749,-32.835236,-70.121434,2991.160187,241.4,0.000000,16.2,16.3
1788366100.999640,-32.835268,-70.121546,2990.359159,258.7,1.440849,7.0,14.5
1788366104.999619,-32.835274,-70.121676,2987.847332,239.4,2.766509,5.0,15.1
1788366108.999600,-32.835335,-70.121780,2986.240475,256.4,4.789962,4.5,16.9
1788366110.999589,-32.835305,-70.121924,2984.879012,289.4,5.349802,5.8,18.0
1788366114.999570,-32.835203,-70.121976,2984.254485,306.3,3.282590,6.8,21.7
1788366117.999554,-32.835236,-70.122123,2982.741671,244.2,3.992998,3.0,18.0
1788366120.999540,-32.835326,-70.122151,2980.375636,225.4,3.399215,3.0,17.1
1788366123.999524,-32.835365,-70.122268,2980.658130,269.6,3.949778,4.2,19.5
1788366127.999504,-32.835272,-70.122289,2978.510410,330.2,1.973878,10.6,19.6
1788366134.999469,-32.835251,-70.122401,2977.904026,297.8,0.709243,14.7,16.0
1788366142.999976,-32.835264,-70.122507,2977.391850,229.4,1.464221,14.3,14.6
1788366203.999775,-32.835312,-70.122516,2979.792817,213.7,0.106460,7.9,10.1
1788366210.999740,-32.835327,-70.122646,2977.718898,265.6,3.744196,8.1,10.2
1788366212.999729,-32.835308,-70.122764,2977.310380,281.9,5.460910,8.4,10.4
1788366215.999716,-32.835256,-70.122918,2972.419281,293.4,5.670420,7.8,10.1
1788366217.999706,-32.835216,-70.123032,2967.519536,287.3,5.910538,6.8,9.5
1788366218.999700,-32.835223,-70.123141,2968.362040,265.4,7.701756,6.8,9.3
1788366219.999696,-32.835242,-70.123247,2967.585183,260.5,9.222833,6.5,9.2
1788366220.999691,-32.835236,-70.123368,2965.283252,272.3,10.721238,5.6,7.5
1788366221.999686,-32.835230,-70.123486,2962.566901,271.8,11.490175,5.6,7.5
1788366222.999681,-32.835286,-70.123581,2958.523537,247.5,11.368089,5.6,6.5
1788366223.999676,-32.835376,-70.123675,2956.383322,227.5,12.304784,7.4,9.7
1788366224.999671,-32.835444,-70.123778,2955.610430,232.7,12.314432,9.7,13.5
1788366225.999666,-32.835439,-70.123908,2951.727808,261.2,11.795335,7.3,10.6
1788366226.999661,-32.835425,-70.124052,2947.018799,270.1,13.078860,9.2,13.4
1788366227.999656,-32.835439,-70.124195,2942.344970,267.2,13.840755,9.0,11.5
1788366228.999652,-32.835387,-70.124343,2939.251007,285.5,14.682813,7.3,9.7
1788366229.999646,-32.835324,-70.124431,2934.388694,297.0,13.971983,7.0,8.6
1788366230.999642,-32.835319,-70.124581,2935.343927,279.3,13.405810,7.9,9.4
1788366231.999636,-32.835322,-70.124708,2933.565473,272.9,12.587063,8.5,9.6
1788366233.999627,-32.835264,-70.124934,2927.505720,280.4,11.719824,6.5,7.7
1788366234.999621,-32.835266,-70.125060,2925.448122,274.8,11.940864,6.1,7.1
1788366235.999617,-32.835218,-70.125162,2920.172502,290.5,11.973846,7.0,8.2
1788366236.999612,-32.835199,-70.125290,2917.106697,281.7,12.499340,8.2,10.0
1788366237.999607,-32.835190,-70.125430,2912.955694,278.9,13.194693,10.3,13.0
1788366238.999601,-32.835151,-70.125560,2908.601098,285.5,13.822410,6.8,8.1
1788366239.999597,-32.835136,-70.125724,2903.106272,279.4,15.003765,5.6,6.8
1788366240.999593,-32.835117,-70.125879,2897.836861,278.1,15.511177,5.9,7.3
1788366241.999587,-32.835138,-70.126046,2892.786085,265.7,15.470045,5.6,8.1
1788366242.999582,-32.835147,-70.126224,2889.048306,267.5,16.025007,8.9,11.3
1788366243.999577,-32.835108,-70.126369,2883.451378,281.3,15.999030,8.4,9.4
1788366244.999572,-32.835099,-70.126524,2876.894568,275.2,16.142718,7.5,9.0
1788366245.999567,-32.835077,-70.126709,2873.791070,277.7,17.062347,6.4,8.8
1788366246.999562,-32.835091,-70.126895,2869.651747,268.1,17.123308,8.2,11.3
1788366247.999558,-32.835139,-70.127023,2871.458989,251.2,14.076888,6.9,9.0
1788366248.999553,-32.835172,-70.127136,2872.012148,254.2,12.365681,8.0,10.0
1788366249.999547,-32.835142,-70.127247,2871.783103,276.4,11.032326,21.1,27.3
1788366251.999538,-32.835085,-70.127441,2869.554719,283.1,9.527070,14.6,16.6
1788366253.999528,-32.835074,-70.127609,2873.631467,273.9,7.093095,10.4,11.5
1788366259.999498,-32.834998,-70.127575,2868.689927,21.3,0.000000,9.5,11.1
1788366259.999498,-32.834998,-70.127575,2868.689927,21.3,0.000000,9.5,11.1
1788366290.999830,-32.834992,-70.127452,2866.577810,84.7,1.059609,10.2,9.8
1788366312.999773,-32.834982,-70.127343,2869.044477,74.1,1.838767,8.2,10.6
1788366331.999700,-32.834986,-70.127199,2868.940426,88.7,3.515521,10.5,11.7
1788366337.999675,-32.834959,-70.127096,2871.700754,70.9,0.000000,10.1,10.6
1788366337.999675,-32.834959,-70.127096,2871.700754,70.9,0.000000,10.1,10.6
1788366343.999649,-32.834967,-70.126982,2872.810957,94.7,1.301162,8.8,10.1
1788366349.999623,-32.834972,-70.126853,2878.748435,97.9,2.117004,7.2,10.5
1788366355.999597,-32.834979,-70.126740,2880.635450,78.3,0.000000,7.7,11.0
1788366355.999597,-32.834979,-70.126740,2880.635450,78.3,0.000000,7.7,11.0
1788366361.999572,-32.834990,-70.126628,2882.310425,95.7,1.846844,7.3,10.5
1788366367.999546,-32.834963,-70.126518,2884.718524,83.5,0.000000,6.8,10.9
1788366373.999520,-32.834965,-70.126407,2886.323783,91.3,1.728290,5.8,11.6
1788366379.999493,-32.834958,-70.126276,2888.231164,86.4,1.865281,8.1,11.7
1788366385.999467,-32.834959,-70.126158,2890.244282,92.7,2.132236,7.1,12.0
1788366391.999441,-32.834942,-70.126071,2893.184497,83.3,0.000000,6.5,11.8
1788366391.999441,-32.834942,-70.126071,2893.184497,83.3,0.000000,6.5,11.8
1788366404.000004,-32.834953,-70.125917,2894.585632,95.0,0.564962,6.4,10.8
1788366409.000007,-32.834939,-70.125755,2898.903542,87.5,2.413468,7.6,12.8
1788366414.999982,-32.834939,-70.125641,2903.590732,96.9,0.000000,11.1,18.5
1788366414.999982,-32.834939,-70.125641,2903.590732,96.9,0.000000,11.1,18.5
1788366424.999941,-32.834936,-70.125444,2911.412919,92.6,2.070688,10.2,17.8
1788366430.999915,-32.834941,-70.125379,2914.999544,80.7,0.000000,10.0,16.6
1788366430.999915,-32.834941,-70.125379,2914.999544,80.7,0.000000,10.0,16.6
1788366435.999894,-32.834929,-70.125256,2917.594594,92.9,0.000000,9.2,17.1
1788366439.999878,-32.834934,-70.125135,2921.728574,92.7,2.462518,8.2,16.3
1788366445.999851,-32.834937,-70.125062,2922.075815,90.7,0.000000,8.6,17.9
1788366445.999851,-32.834937,-70.125062,2922.075815,90.7,0.000000,8.6,17.9
1788366452.999822,-32.834944,-70.124912,2929.324523,93.3,1.866028,11.3,18.2
1788366457.999801,-32.834948,-70.124802,2933.047314,88.9,2.009768,11.3,18.4
1788366463.999774,-32.834924,-70.124690,2937.713683,90.7,0.000000,7.5,19.1
1788366463.999774,-32.834924,-70.124690,2937.713683,90.7,0.000000,7.5,19.1
1788366467.999757,-32.834922,-70.124582,2940.164905,89.8,1.649616,11.1,18.9
1788366481.999697,-32.834918,-70.124343,2943.292064,89.1,2.781949,10.0,15.7
1788366487.999671,-32.834936,-70.124259,2941.659370,92.8,0.000000,8.9,14.9
1788366487.999671,-32.834936,-70.124259,2941.659370,92.8,0.000000,8.9,14.9
1788366492.999649,-32.834933,-70.124114,2943.926512,86.8,2.838582,7.0,19.4
1788366495.999636,-32.834931,-70.124004,2947.540843,89.6,2.567142,10.7,18.1
1788366501.999610,-32.834923,-70.123969,2947.211397,80.5,0.000000,8.2,18.1
1788366501.999610,-32.834923,-70.123969,2947.211397,80.5,0.000000,8.2,18.1
1788366507.999585,-32.834927,-70.123852,2946.266521,79.2,0.000000,8.3,17.0
1788366514.999554,-32.834931,-70.123696,2954.777331,87.4,2.324240,8.7,16.1
1788366521.000106,-32.834919,-70.123613,2948.949304,88.7,0.000000,8.9,19.7
1788366521.000106,-32.834919,-70.123613,2948.949304,88.7,0.000000,8.9,19.7
1788366526.000097,-32.834919,-70.123496,2953.729447,87.5,2.054048,10.4,17.4
1788366532.000085,-32.834921,-70.123356,2958.466949,81.4,0.000000,9.0,16.7
1788366532.000085,-32.834921,-70.123356,2958.466949,81.4,0.000000,9.0,16.7
1788366543.000029,-32.834920,-70.123140,2966.556598,94.2,0.000000,6.0,14.8
1788366550.999984,-32.834930,-70.123016,2970.170401,99.2,1.798840,9.3,17.4
1788366556.999952,-32.834912,-70.122863,2974.698009,82.9,2.381496,8.9,15.2
1788366562.999923,-32.834915,-70.122794,2970.345744,-1.0,0.000000,8.0,14.4
1788366562.999923,-32.834915,-70.122794,2970.345744,-1.0,0.000000,8.0,14.4
1788366568.999895,-32.834909,-70.122598,2976.195707,92.2,2.777860,10.0,16.3
1788366574.999866,-32.834921,-70.122540,2978.744993,95.6,0.000000,7.6,13.2
1788366574.999866,-32.834921,-70.122540,2978.744993,95.6,0.000000,7.6,13.2
1788366579.999842,-32.834914,-70.122387,2981.322975,92.0,1.727933,8.9,12.9
1788366583.999823,-32.834904,-70.122271,2982.950079,84.3,2.455899,9.5,19.5
1788366588.999801,-32.834907,-70.122152,2987.030718,88.6,0.000000,9.4,17.4
1788366588.999801,-32.834907,-70.122152,2987.030718,88.6,0.000000,9.4,17.4
1788366597.999759,-32.834912,-70.122035,2986.833474,93.3,2.020462,7.8,16.1
1788366603.999731,-32.834915,-70.121925,2982.467886,94.2,0.000000,4.5,16.7
1788366603.999731,-32.834915,-70.121925,2982.467886,94.2,0.000000,4.5,16.7
1788366605.999722,-32.834903,-70.121814,2986.691932,84.6,3.332900,7.0,15.5
1788366611.999694,-32.834884,-70.121746,2983.499347,37.3,0.000000,3.9,13.4
1788366611.999694,-32.834884,-70.121746,2983.499347,37.3,0.000000,3.9,13.4
1788366615.999678,-32.834908,-70.121639,2984.481939,102.6,1.297633,5.2,13.4
1788366618.999663,-32.834935,-70.121535,2989.554394,105.4,2.424565,5.3,13.3
1788366624.999637,-32.834929,-70.121458,2993.590291,86.9,0.000000,8.0,13.7
1788366624.999637,-32.834929,-70.121458,2993.590291,86.9,0.000000,8.0,13.7
1788366629.999613,-32.834905,-70.121351,2994.834253,95.3,1.255080,10.6,13.9
1788366635.999587,-32.834903,-70.121242,2992.464533,89.2,2.391700,6.3,16.0
1788366641.999559,-32.834900,-70.121144,3007.139032,-1.0,0.772377,14.1,18.8
1788366641.999559,-32.834900,-70.121144,3007.139032,-1.0,0.000000,14.1,18.8
1788366645.999541,-32.834843,-70.121053,3000.105349,45.5,1.316856,15.3,18.5
1788366677.999935,-32.834727,-70.121034,2997.328860,3.2,2.637101,12.6,13.3
1788366683.999901,-32.834652,-70.121049,2998.098231,355.5,0.000000,11.4,11.7
1788366683.999901,-32.834652,-70.121049,2998.098231,355.5,0.000000,11.4,11.7
1788366744.999604,-32.834598,-70.121062,2999.417982,309.0,0.566963,10.8,9.7
1788366798.999927,-32.834509,-70.121035,2993.521680,11.3,2.367005,11.5,11.9
1788366804.999899,-32.834409,-70.121012,2992.577994,16.5,0.000000,10.9,12.1
1788366804.999899,-32.834409,-70.121012,2992.577994,16.5,0.000000,10.9,12.1
1788366807.999884,-32.834299,-70.121002,2986.024794,3.4,4.739970,10.2,12.6
1788366810.999870,-32.834171,-70.121078,2989.966276,329.3,6.068764,13.2,13.6
1788366812.999861,-32.834078,-70.121153,2992.516757,323.1,6.455099,13.4,13.6
1788366814.999852,-32.834027,-70.121288,2992.959942,291.4,7.287638,11.4,12.6
1788366816.999842,-32.834030,-70.121465,2989.670084,268.0,8.448986,11.7,12.8
1788366818.999833,-32.834021,-70.121669,2984.950242,273.0,9.832157,9.0,9.6
1788366820.999823,-32.834000,-70.121902,2984.116117,274.8,11.082012,8.0,8.7
1788366821.999817,-32.833982,-70.122013,2981.375929,278.3,11.361849,8.3,9.3
1788366822.999814,-32.833969,-70.122127,2977.872150,278.1,11.495380,9.5,10.8
1788366823.999808,-32.833985,-70.122249,2975.858188,264.4,11.370905,13.6,16.6
1788366824.999804,-32.834045,-70.122357,2975.831613,243.3,11.317397,10.9,16.6
1788366825.999799,-32.834107,-70.122465,2972.485835,243.7,12.101748,11.6,13.8
1788366826.999795,-32.834102,-70.122592,2968.864466,262.9,11.945871,7.5,10.3
1788366827.999790,-32.834129,-70.122729,2965.354947,257.8,12.887479,5.9,10.3
1788366828.999785,-32.834167,-70.122854,2959.920275,253.2,13.394795,5.7,9.9
1788366829.999780,-32.834233,-70.123029,2953.776496,248.0,15.775821,5.2,6.8
1788366830.999776,-32.834294,-70.123177,2947.971747,244.8,16.297334,11.0,13.4
1788366831.999771,-32.834349,-70.123342,2943.999611,245.9,16.717408,9.1,10.9
1788366832.999766,-32.834392,-70.123508,2939.453684,248.8,16.710391,10.0,11.7
1788366833.999762,-32.834449,-70.123683,2938.812336,248.6,16.756429,10.2,11.2
1788366834.999757,-32.834497,-70.123849,2937.747645,250.4,16.535126,11.8,12.3
1788366835.999753,-32.834549,-70.124023,2938.732365,250.0,16.459593,17.2,16.3
1788366836.999748,-32.834596,-70.124181,2938.494652,250.3,15.862105,11.8,11.1
1788366837.999743,-32.834643,-70.124333,2938.014956,249.8,15.275573,7.4,7.8
1788366838.999739,-32.834683,-70.124464,2937.155125,248.0,13.801163,12.2,13.7
1788366839.999734,-32.834727,-70.124565,2934.559950,241.9,11.636012,8.9,10.6
1788366841.999724,-32.834879,-70.124612,2937.896116,189.1,8.209236,12.9,11.9
1788366844.999710,-32.835023,-70.124579,2937.289035,174.0,6.359285,9.8,9.9
1788366846.999700,-32.835161,-70.124540,2934.693619,165.0,8.243917,9.4,9.8
1788366848.999692,-32.835285,-70.124437,2930.497530,146.5,9.134574,9.0,8.8
1788366850.999683,-32.835439,-70.124363,2931.395919,163.7,9.320047,8.8,8.6
1788366852.999673,-32.835503,-70.124479,2928.282210,241.2,6.246425,9.6,9.2
1788366854.999663,-32.835482,-70.124638,2927.705672,277.2,7.187454,8.1,7.9
1788366856.999654,-32.835454,-70.124824,2927.409267,282.5,8.516028,7.5,8.4
1788366858.999644,-32.835395,-70.124961,2925.104841,300.9,7.720630,6.5,7.6
1788366860.999635,-32.835292,-70.125084,2919.494075,308.0,8.343762,6.1,6.8
1788366862.999626,-32.835262,-70.125296,2915.858976,283.8,9.805962,5.1,6.5
1788366864.999616,-32.835243,-70.125510,2909.830990,270.4,10.769949,5.1,6.8
1788366865.999611,-32.835250,-70.125644,2905.570480,266.3,12.174913,6.5,9.0
1788366866.999607,-32.835263,-70.125789,2901.634075,265.0,13.632604,4.1,6.7
1788366867.999602,-32.835293,-70.125963,2897.904836,261.6,15.568773,3.4,5.4
1788366868.999597,-32.835324,-70.126138,2893.522682,260.1,17.039246,3.4,5.9
1788366869.999593,-32.835362,-70.126308,2888.614318,258.1,17.585982,3.8,6.7
1788366870.999589,-32.835389,-70.126498,2883.626475,257.9,18.205807,4.2,9.1
1788366871.999584,-32.835453,-70.126656,2881.139385,253.2,17.396865,4.5,10.5
1788366872.999579,-32.835464,-70.126847,2876.438040,256.0,16.604134,7.8,17.6
1788366873.999574,-32.835492,-70.127002,2875.775907,257.4,15.323635,5.4,9.1
1788366874.999570,-32.835525,-70.127165,2875.670010,257.1,14.679366,4.4,8.2
1788366875.999565,-32.835544,-70.127290,2870.528847,257.7,13.558563,4.3,11.0
1788366876.999560,-32.835560,-70.127523,2876.303833,260.9,15.614238,4.2,12.8
1788366877.999556,-32.835563,-70.127669,2873.012570,264.8,15.137774,4.1,17.2
1788366878.999550,-32.835578,-70.127834,2874.111566,266.1,15.358414,4.1,22.8
1788366879.999546,-32.835578,-70.127991,2872.860031,267.1,15.112884,4.0,29.5
1788366880.999541,-32.835554,-70.128145,2869.055933,271.3,14.960419,4.0,37.2
1788366881.999537,-32.835614,-70.128279,2872.922213,265.8,14.720601,3.9,45.7
1788366882.999533,-32.835627,-70.128428,2872.933099,266.3,14.678938,4.1,50.3
1788366886.999513,-32.835509,-70.128555,2874.535389,305.4,9.453445,3.4,15.7
1788366888.999505,-32.835387,-70.128626,2877.580129,310.0,7.438220,3.1,6.6
1788366890.999495,-32.835310,-70.128716,2881.128910,313.6,7.022876,3.1,4.7
1788366892.999485,-32.835247,-70.128825,2880.280852,308.2,6.427801,3.2,4.8
1788366894.999476,-32.835209,-70.128951,2882.973187,299.4,6.226084,3.4,4.6
1788366896.999467,-32.835150,-70.129033,2881.109112,297.5,5.204910,3.0,4.5
1788366903.000034,-32.835094,-70.129136,2879.521408,297.2,0.000000,3.0,4.2
1788366903.000034,-32.835094,-70.129136,2879.521408,297.2,0.000000,3.0,4.2
1788366908.000037,-32.835064,-70.129251,2877.762965,295.8,2.268568,4.7,5.4
1788366914.000032,-32.835038,-70.129374,2876.580001,276.7,0.000000,5.8,8.1
1788366914.000032,-32.835038,-70.129374,2876.580001,276.7,0.000000,5.8,8.1
1788366919.000004,-32.835036,-70.129492,2877.338748,278.8,2.388073,6.3,7.3
1788366924.999973,-32.835063,-70.129509,2875.056264,177.6,0.000000,6.8,6.6
1788366924.999973,-32.835063,-70.129509,2875.056264,177.6,0.000000,6.8,6.6