1788450986.442873,-32.834984,-70.129354,2867.904869,189.1,1.220000,4.0,18.0
1788450989.438649,-32.835050,-70.129459,2876.605796,189.1,0.180000,4.0,20.3
1788450994.441443,-32.835155,-70.129460,2873.826011,189.1,0.870426,3.0,14.0
1788450995.442053,-32.835061,-70.129504,2872.398521,0.0,0.991133,4.0,14.0
1788451010.928079,-32.835016,-70.129383,2875.098472,83.3,2.181828,7.6,4.7
1788451014.927079,-32.835009,-70.129270,2875.944176,78.7,2.686054,5.3,4.7
1788451017.926517,-32.834926,-70.129171,2871.633266,55.2,4.883348,5.7,4.8
1788451019.926434,-32.834849,-70.129096,2869.726389,42.8,5.466594,5.9,5.8
1788451021.925181,-32.834747,-70.129028,2869.681031,27.3,6.192940,8.3,7.5
1788451023.923633,-32.834620,-70.129021,2866.770236,7.2,7.171663,8.2,7.4
1788451025.926778,-32.834493,-70.129024,2863.149213,359.8,7.601143,6.7,5.8
1788451027.926582,-32.834396,-70.129088,2859.246849,340.1,6.388605,8.3,7.0
1788451029.928016,-32.834290,-70.129048,2855.825003,8.2,6.626334,7.1,7.0
1788451034.927706,-32.834197,-70.129091,2850.392325,350.8,2.832783,9.7,8.9
1788451040.925013,-32.834175,-70.129129,2850.029676,256.4,0.000000,10.3,8.7
1788451040.925013,-32.834175,-70.129129,2850.029676,256.4,0.000000,10.3,8.7
1788451047.929076,-32.834086,-70.129150,2851.990013,313.3,0.605680,11.6,9.4
1788451069.927048,-32.834029,-70.129047,2853.529314,52.9,1.496491,9.7,9.4
1788451080.921638,-32.834015,-70.128938,2853.522065,68.3,4.079056,11.5,9.8
1788451086.925870,-32.833944,-70.128850,2851.183988,58.0,0.000000,10.8,8.8
1788451086.925870,-32.833944,-70.128850,2851.183988,58.0,0.000000,10.8,8.8
1788451091.924965,-32.833892,-70.128742,2851.785042,60.6,2.065569,10.3,8.3
1788451096.921424,-32.833836,-70.128631,2850.840285,60.4,2.538071,10.2,8.2
1788451102.920353,-32.833785,-70.128517,2851.329131,57.3,0.000000,9.8,7.7
1788451102.920353,-32.833785,-70.128517,2851.329131,57.3,0.000000,9.8,7.7
1788451107.922779,-32.833733,-70.128414,2853.553479,63.0,2.193819,9.8,7.8
1788451113.920372,-32.833668,-70.128304,2856.343728,58.6,0.000000,10.1,7.9
1788451113.920372,-32.833668,-70.128304,2856.343728,58.6,0.000000,10.1,7.9
1788451118.926027,-32.833618,-70.128202,2859.443238,60.4,2.194911,10.8,8.4
1788451124.999893,-32.833574,-70.128100,2862.060810,56.2,0.000000,10.8,8.1
1788451124.999893,-32.833574,-70.128100,2862.060810,56.2,0.000000,10.8,8.1
1788451133.999937,-32.833516,-70.128009,2866.154031,42.7,1.333563,12.0,8.6
1788451141.999978,-32.833471,-70.127909,2867.338026,68.8,1.858849,11.0,8.9
1788451146.999999,-32.833417,-70.127807,2874.576048,60.1,2.185900,11.1,8.5
1788451152.000018,-32.833367,-70.127703,2879.371344,58.5,2.251218,9.2,8.3
1788451157.000033,-32.833316,-70.127607,2883.921602,58.7,2.261273,7.9,7.7
1788451162.000047,-32.833270,-70.127508,2888.701204,61.0,2.327562,7.3,7.2
1788451168.000064,-32.833215,-70.127402,2892.703254,58.3,0.000000,6.9,6.9
1788451168.000064,-32.833215,-70.127402,2892.703254,58.3,0.000000,6.9,6.9
1788451173.000079,-32.833173,-70.127306,2895.727494,61.1,2.126611,7.0,6.4
1788451178.000092,-32.833126,-70.127210,2898.786687,58.3,2.085823,6.3,5.4
1788451183.000104,-32.833075,-70.127112,2903.921584,60.7,0.560915,5.1,5.4
1788451183.000104,-32.833075,-70.127112,2903.921584,60.7,0.000000,5.1,5.4
1788451189.000118,-32.833018,-70.127008,2909.124268,60.6,2.124603,4.8,5.8
1788451194.000129,-32.832970,-70.126909,2912.579961,60.0,2.157840,5.0,5.8
1788451199.000140,-32.832933,-70.126810,2915.981742,62.5,0.000000,5.1,5.9
1788451199.000140,-32.832933,-70.126810,2915.981742,62.5,0.000000,5.1,5.9
1788451205.000153,-32.832884,-70.126705,2922.820410,56.3,2.153262,5.0,5.9
1788451211.000166,-32.832833,-70.126592,2927.496184,59.8,0.000000,5.0,5.9
1788451211.000166,-32.832833,-70.126592,2927.496184,59.8,0.000000,5.0,5.9
1788451217.000177,-32.832778,-70.126482,2932.731160,63.2,2.047164,4.9,5.8
1788451223.000189,-32.832722,-70.126371,2937.752664,56.9,0.000000,6.4,5.9
1788451223.000189,-32.832722,-70.126371,2937.752664,56.9,0.000000,6.4,5.9
1788451229.000201,-32.832672,-70.126256,2941.929028,59.4,2.078437,7.8,6.6
1788451235.000214,-32.832619,-70.126145,2948.097884,65.3,0.574733,8.2,6.9
1788451235.000214,-32.832619,-70.126145,2948.097884,65.3,0.000000,8.2,6.9
1788451240.000222,-32.832568,-70.126048,2952.568042,59.0,2.144587,8.8,7.2
1788451245.999115,-32.832525,-70.125945,2958.724092,70.1,0.640076,7.2,5.9
1788451245.999115,-32.832525,-70.125945,2958.724092,70.1,0.000000,7.2,5.9
1788451249.999201,-32.832472,-70.125851,2960.620982,59.8,2.956146,4.5,5.5
1788451255.999389,-32.832442,-70.125771,2964.913905,63.4,0.000000,5.4,4.6
1788451255.999389,-32.832442,-70.125771,2964.913905,63.4,0.000000,5.4,4.6
1788451260.999546,-32.832387,-70.125666,2970.593803,61.4,2.379427,3.0,4.0
1788451266.999711,-32.832347,-70.125598,2979.634592,59.5,0.880900,3.0,4.3
1788451266.999711,-32.832347,-70.125598,2979.634592,59.5,0.000000,3.0,4.3
1788451270.999799,-32.832294,-70.125494,2981.840947,61.8,2.338299,3.0,7.1
1788451276.999907,-32.832247,-70.125394,2982.305757,61.1,0.000000,3.0,4.9
1788451276.999907,-32.832247,-70.125394,2982.305757,61.1,0.000000,3.0,4.9
1788451282.999995,-32.832204,-70.125284,2985.991505,60.6,2.034280,3.0,2.9
1788451289.000068,-32.832164,-70.125182,2995.084989,54.0,0.709948,3.0,3.0
1788451289.000068,-32.832164,-70.125182,2995.084989,54.0,0.000000,3.0,3.0
1788451295.000133,-32.832110,-70.125078,3008.190611,59.9,2.290033,3.0,2.7
1788451301.000191,-32.832060,-70.124986,3017.833233,59.6,1.263778,3.0,2.5
1788451301.000191,-32.832060,-70.124986,3017.833233,59.6,0.000000,3.0,2.5
1788451307.000245,-32.832005,-70.124894,3028.952515,60.9,1.989521,3.0,5.4
1788451315.000311,-32.831946,-70.124803,3040.635421,55.7,1.571629,3.3,13.1
1788451320.000352,-32.831890,-70.124672,3043.127772,62.8,0.000000,3.5,10.8
1788451326.000399,-32.831831,-70.124575,3054.604837,55.8,1.872879,3.9,12.0
1788451332.000445,-32.831775,-70.124455,3058.985162,60.3,2.355504,4.1,15.6
1788451338.000491,-32.831769,-70.124431,3067.229879,61.5,1.128863,4.1,15.9
1788451338.000491,-32.831769,-70.124431,3067.229879,61.5,0.000000,4.1,15.9
1788451345.000544,-32.831696,-70.124289,3074.865746,53.6,2.547956,4.2,16.1
1788451350.000581,-32.831638,-70.124169,3083.551722,60.1,0.942670,4.3,15.7
1788451350.000581,-32.831638,-70.124169,3083.551722,60.1,0.000000,4.3,15.7
1788451361.000663,-32.831577,-70.124045,3097.385750,55.7,2.584730,4.3,22.3
1788451364.000686,-32.831514,-70.123925,3102.178853,55.7,4.020294,4.3,18.0
1788451367.000708,-32.831454,-70.123783,3107.944917,58.2,4.904343,4.3,19.1
1788451373.000581,-32.831482,-70.123847,3111.794840,60.6,0.000000,4.3,15.1
1788451373.000581,-32.831482,-70.123847,3111.794840,60.6,0.000000,4.3,15.1
1788451382.000476,-32.831430,-70.123752,3117.952258,60.6,1.246030,4.2,10.8
1788451394.000370,-32.831364,-70.123644,3126.353587,60.6,1.529998,4.3,21.2
1788451401.000353,-32.831415,-70.123635,3127.647609,60.6,0.481520,4.6,9.4
1788451446.000499,-32.831337,-70.123535,3139.253406,53.5,1.287630,3.0,2.9
1788451450.000518,-32.831296,-70.123434,3140.677169,59.9,2.133020,3.0,2.5
1788451456.000548,-32.831244,-70.123321,3144.588747,61.2,0.000000,3.0,2.4
1788451456.000548,-32.831244,-70.123321,3144.588747,61.2,0.000000,3.0,2.4
1788451461.000574,-32.831191,-70.123216,3148.245292,59.1,2.013138,3.0,2.3
1788451466.000599,-32.831145,-70.123108,3149.459536,59.1,1.901192,3.0,2.5
1788451471.000625,-32.831099,-70.123013,3152.345056,59.1,2.042902,3.0,2.5
1788451476.000651,-32.831047,-70.122915,3158.891304,53.7,2.090225,3.0,2.1
1788451482.000682,-32.831003,-70.122816,3161.990822,62.7,0.000000,3.0,2.6
1788451482.000682,-32.831003,-70.122816,3161.990822,62.7,0.000000,3.0,2.6
1788451488.000712,-32.830947,-70.122715,3165.362725,61.2,1.734281,3.0,2.5
1788451493.000738,-32.830896,-70.122605,3167.793345,65.9,2.433665,3.0,3.0
1788451498.000641,-32.830834,-70.122500,3168.188302,62.2,2.302215,3.0,3.0
1788451504.000591,-32.830810,-70.122447,3168.605555,65.1,0.000000,3.0,3.1
1788451504.000591,-32.830810,-70.122447,3168.605555,65.1,0.000000,3.0,3.1
1788451513.000464,-32.830762,-70.122339,3168.037839,65.1,1.744707,3.0,2.4
1788451518.000416,-32.830708,-70.122218,3169.435507,53.9,3.753218,3.0,2.1
1788451521.000396,-32.830659,-70.122084,3168.260399,68.6,4.385644,3.0,2.1
1788451525.000377,-32.830597,-70.122004,3170.045105,48.0,2.101013,3.0,2.1
1788451531.000361,-32.830555,-70.121935,3167.795607,38.0,0.000000,3.0,2.3
1788451531.000361,-32.830555,-70.121935,3167.795607,38.0,0.000000,3.0,2.3
1788451539.000358,-32.830491,-70.121852,3169.605328,39.8,2.304539,3.0,2.4
1788451544.000362,-32.830448,-70.121755,3165.627203,56.8,1.675776,3.0,2.6
1788451549.000370,-32.830375,-70.121658,3165.221800,53.7,1.976255,3.0,3.0
1788451556.000385,-32.830309,-70.121577,3166.751419,34.6,0.953945,3.9,3.7
1788451564.000405,-32.830228,-70.121508,3166.573435,21.8,1.909351,3.7,4.5
1788451571.000425,-32.830150,-70.121453,3166.406945,21.6,1.254110,4.5,5.4
1788451576.000440,-32.830048,-70.121347,3166.900266,43.7,3.286222,4.9,5.6
1788451580.000452,-32.829979,-70.121256,3166.236195,49.5,2.301758,5.1,5.6
1788451586.000472,-32.829938,-70.121194,3165.375961,55.7,0.000000,6.8,5.9
1788451586.000472,-32.829938,-70.121194,3165.375961,55.7,0.000000,6.8,5.9
1788451597.000507,-32.829920,-70.121074,3161.563032,97.4,2.190156,6.8,6.4
1788451600.000517,-32.830016,-70.121022,3159.697943,181.6,4.433363,4.8,6.3
1788451602.000523,-32.830098,-70.121082,3158.795628,199.3,5.236774,5.4,6.2
1788451604.000530,-32.830173,-70.120979,3155.257923,118.7,5.610833,5.2,6.1
1788451607.000540,-32.830217,-70.120884,3154.048276,168.3,3.789276,4.9,6.5
1788451609.000546,-32.830282,-70.120989,3152.716573,233.4,5.554999,5.4,6.2
1788451611.000553,-32.830370,-70.120965,3148.661821,149.9,5.599973,4.3,6.1
1788451613.000560,-32.830407,-70.120834,3146.778113,102.6,5.670865,5.2,6.1
1788451615.000565,-32.830498,-70.120874,3140.645405,217.2,5.899112,5.9,7.4
1788451618.000576,-32.830556,-70.120979,3139.174157,233.3,4.117650,6.6,7.1
1788451620.000583,-32.830657,-70.120967,3134.375117,161.4,5.811039,5.9,6.9
1788451623.000592,-32.830766,-70.120981,3127.945662,223.3,5.778049,4.8,6.8
1788451625.000675,-32.830877,-70.121034,3124.846551,187.5,6.459819,4.6,6.8
1788451627.000700,-32.830933,-70.120895,3120.129675,112.1,6.047122,5.6,7.2
1788451630.000633,-32.830977,-70.120772,3118.061902,109.1,4.334046,6.8,7.2
1788451636.000546,-32.831037,-70.120681,3114.017950,127.1,0.000000,6.8,6.9
1788451636.000546,-32.831037,-70.120681,3114.017950,127.1,0.000000,6.8,6.9
1788451643.000449,-32.831144,-70.120649,3108.938423,196.3,3.986515,5.1,7.5
1788451645.000428,-32.831190,-70.120806,3105.488136,251.3,7.338914,6.4,9.1
1788451647.000410,-32.831215,-70.120909,3103.827570,249.3,5.571316,6.6,9.5
1788451649.000395,-32.831275,-70.120996,3101.069248,205.0,4.970365,7.7,10.7
1788451650.000389,-32.831356,-70.120948,3097.049329,157.1,7.322493,7.6,10.0
1788451651.000382,-32.831408,-70.120858,3093.759848,131.7,8.752281,8.6,11.8
1788451653.000371,-32.831463,-70.120719,3093.316171,118.8,7.158136,7.2,8.3
1788451655.000361,-32.831557,-70.120816,3085.284290,229.5,6.456480,6.5,8.0
1788451657.000353,-32.831573,-70.120979,3085.016191,263.9,6.922693,6.0,7.3
1788451659.000348,-32.831666,-70.120992,3080.254086,173.1,5.705507,5.7,8.1
1788451661.000342,-32.831768,-70.120869,3076.315133,130.6,7.243578,6.2,8.8
1788451663.000337,-32.831865,-70.120802,3074.982996,164.9,6.366142,6.5,8.1
1788451665.000334,-32.831933,-70.120955,3068.515609,250.4,7.376589,7.1,9.7
1788451667.000332,-32.831946,-70.121127,3064.918362,250.5,8.186383,6.5,8.5
1788451669.000329,-32.832076,-70.121099,3058.362359,168.2,6.771576,5.5,8.3
1788451671.000328,-32.832200,-70.121003,3054.153246,155.1,7.811749,6.3,7.8
1788451673.000327,-32.832301,-70.121142,3047.512293,237.2,8.074284,6.4,8.5
1788451675.000327,-32.832338,-70.121311,3043.577101,242.0,8.076036,5.5,7.1
1788451677.000328,-32.832479,-70.121288,3038.397888,172.5,7.357682,4.6,6.1
1788451679.000328,-32.832591,-70.121219,3033.945298,152.9,6.589403,5.9,8.1
1788451682.000330,-32.832726,-70.121270,3028.520387,214.4,7.038321,4.8,8.1
1788451684.000331,-32.832850,-70.121213,3021.309786,152.5,7.324351,5.3,7.5
1788451690.000336,-32.832902,-70.121169,3021.448896,124.9,0.000000,8.7,9.3
1788451690.000336,-32.832902,-70.121169,3021.448896,124.9,0.000000,8.7,9.3
1788451714.000366,-32.833016,-70.121205,3018.047068,220.9,5.139786,6.9,8.0
1788451716.000370,-32.833049,-70.121349,3015.001839,255.1,6.836387,6.9,8.0
1788451718.000372,-32.833143,-70.121479,3009.338522,219.5,8.318501,6.5,7.7
1788451719.000374,-32.833235,-70.121476,3005.933094,190.8,8.945291,5.9,6.8
1788451721.000377,-32.833394,-70.121587,2998.153526,213.1,11.092173,6.1,7.3
1788451722.000379,-32.833487,-70.121608,2993.286761,195.6,11.129648,5.2,7.2
1788451723.000380,-32.833582,-70.121585,2993.564040,175.0,10.409904,4.1,6.8
1788451725.000383,-32.833692,-70.121484,2994.131700,143.8,7.506552,6.2,7.4
1788451727.000386,-32.833818,-70.121490,2991.078895,189.6,7.096926,6.6,8.7
1788451733.000396,-32.833832,-70.121517,2989.587448,188.0,0.000000,8.2,8.8
1788451733.000396,-32.833832,-70.121517,2989.587448,188.0,0.000000,8.2,8.8
1788451782.000342,-32.833837,-70.121637,2987.599840,274.9,3.085664,7.7,10.4
1788451785.000326,-32.833791,-70.121773,2987.289393,296.7,4.332096,5.7,10.0
1788451788.000313,-32.833757,-70.121896,2985.110673,280.7,4.575188,6.8,9.2
1788451791.000304,-32.833863,-70.121970,2979.023063,200.0,5.097636,6.8,9.2
1788451793.000298,-32.833929,-70.122103,2977.250264,248.9,6.433416,6.2,8.5
1788451795.000293,-32.833875,-70.122204,2974.727464,297.4,5.373700,5.0,9.4
1788451797.000288,-32.833830,-70.122308,2975.079371,298.6,4.888373,5.6,8.5
1788451800.000282,-32.833790,-70.122430,2974.902528,290.5,4.356835,5.4,7.7
1788451802.000279,-32.833843,-70.122532,2970.730312,232.2,5.654935,5.2,7.4
1788451804.000275,-32.833953,-70.122605,2970.534786,204.7,6.434640,5.2,8.2
1788451807.000272,-32.834080,-70.122641,2970.424194,204.1,5.325499,4.7,8.1
1788451809.000269,-32.834130,-70.122735,2970.885742,242.5,4.604883,5.7,8.1
1788451815.000265,-32.834103,-70.122711,2968.464861,250.0,0.000000,7.7,7.9
1788451815.000265,-32.834103,-70.122711,2968.464861,250.0,0.000000,7.7,7.9
1788451845.000252,-32.834129,-70.122837,2960.878900,223.6,3.861846,6.3,7.6
1788451847.000252,-32.834215,-70.122904,2960.946357,220.7,5.412414,6.7,7.8
1788451849.000252,-32.834181,-70.123009,2961.075397,296.4,4.829633,5.7,7.8
1788451852.000250,-32.834098,-70.123115,2957.680864,286.2,5.171502,6.0,8.1
1788451854.000251,-32.834171,-70.123225,2954.615796,232.6,6.310006,6.0,7.9
1788451856.000250,-32.834226,-70.123356,2948.800432,244.7,7.399753,6.5,7.9
1788451858.000250,-32.834300,-70.123552,2946.995784,245.3,9.576201,6.2,7.4
1788451859.000250,-32.834342,-70.123656,2946.628449,244.2,10.179521,6.1,7.6
1788451861.000249,-32.834423,-70.123865,2944.020221,245.1,11.040041,7.3,9.4
1788451863.000249,-32.834494,-70.124032,2939.916533,243.0,9.214040,5.0,6.6
1788451865.000249,-32.834579,-70.124200,2940.281836,238.3,8.470404,4.4,5.7
1788451867.000249,-32.834646,-70.124342,2939.014332,241.7,7.684176,3.5,4.4
1788451869.000248,-32.834702,-70.124489,2939.020974,245.1,7.224835,5.5,6.8
1788451871.000248,-32.834775,-70.124592,2936.973657,224.4,5.949346,5.4,7.1
1788451873.000248,-32.834891,-70.124611,2937.912957,180.3,5.447581,4.6,5.6
1788451876.000637,-32.835027,-70.124582,2936.790842,170.6,5.610416,4.9,6.2
1788451878.000635,-32.835135,-70.124537,2931.271172,156.2,6.627683,4.3,5.7
1788451880.000622,-32.835248,-70.124444,2931.117661,142.7,7.358019,4.3,5.8
1788451882.000601,-32.835359,-70.124360,2931.090940,152.6,7.216007,5.0,7.4
1788451884.000576,-32.835441,-70.124444,2928.230239,224.0,5.985473,6.1,8.3
1788451886.000553,-32.835394,-70.124563,2926.915782,290.6,5.341364,5.5,7.9
1788451889.000514,-32.835324,-70.124652,2927.202873,310.7,2.826290,5.5,7.1
1788451895.000424,-32.835313,-70.124752,2926.063836,288.8,0.000000,6.4,7.3
1788451895.000424,-32.835313,-70.124752,2926.063836,288.8,0.000000,6.4,7.3
1788451951.000163,-32.835288,-70.124855,2921.813666,292.7,0.302078,8.6,8.9
1788451971.000125,-32.835244,-70.124975,2919.735215,293.8,2.874044,7.1,8.3
1788451975.000117,-32.835186,-70.125096,2918.025938,291.5,3.651696,6.6,7.9
1788451979.000111,-32.835275,-70.125161,2916.560268,179.3,2.405893,6.6,7.6
1788451985.000100,-32.835278,-70.125216,2915.380561,316.8,0.000000,6.8,7.6
1788451985.000100,-32.835278,-70.125216,2915.380561,316.8,0.000000,6.8,7.6
1788452005.000471,-32.835227,-70.125332,2913.231021,299.4,2.696039,7.7,9.0
1788452008.000448,-32.835178,-70.125465,2909.359021,278.6,5.261956,6.9,9.0
1788452010.000424,-32.835207,-70.125680,2901.933480,260.1,10.154823,5.7,7.5
1788452011.000414,-32.835238,-70.125818,2897.507889,256.7,12.554088,5.9,8.6
1788452012.000406,-32.835264,-70.125970,2893.865331,257.4,14.386268,8.7,10.5
1788452013.000392,-32.835301,-70.126139,2886.710257,255.8,16.663569,8.6,10.1
1788452014.000384,-32.835335,-70.126334,2882.196413,256.6,18.439490,7.0,7.4
1788452015.000378,-32.835375,-70.126516,2876.945473,256.4,18.883170,7.1,7.4
1788452016.000364,-32.835395,-70.126695,2872.176957,258.7,18.255625,9.9,11.7
1788452017.000352,-32.835442,-70.126792,2872.763175,251.2,13.220069,8.0,8.7
1788452018.000341,-32.835481,-70.126924,2875.373066,255.8,11.656652,7.3,7.8
1788452020.000319,-32.835493,-70.127043,2875.972548,263.5,5.376982,5.3,5.8
1788452026.000265,-32.835497,-70.127095,2876.259293,260.8,0.000000,7.6,7.1
1788452026.000265,-32.835497,-70.127095,2876.259293,260.8,0.000000,7.6,7.1
1788452087.000008,-32.835477,-70.127106,2875.894857,260.8,0.090178,8.5,8.3
1788452096.999979,-32.835509,-70.127225,2876.374090,249.6,1.932182,7.4,7.6
1788452100.999966,-32.835545,-70.127340,2876.013211,253.3,3.170098,6.7,7.3
1788452103.999957,-32.835567,-70.127469,2876.503823,259.7,3.958517,6.4,7.0
1788452106.999949,-32.835580,-70.127590,2876.515826,264.4,3.614923,6.2,6.8
1788452110.999937,-32.835597,-70.127709,2876.395206,262.1,2.571237,6.2,6.6
1788452114.999925,-32.835612,-70.127817,2875.563303,262.7,2.678675,5.9,6.2
1788452117.999916,-32.835630,-70.127928,2875.326187,259.3,3.301008,5.8,6.4
1788452120.999907,-32.835652,-70.128046,2875.560389,260.8,3.573344,5.8,6.2
1788452123.999898,-32.835673,-70.128163,2875.042490,254.4,3.637962,5.3,6.1
1788452126.999889,-32.835609,-70.128319,2872.661787,305.1,6.314398,5.1,6.1
1788452129.000290,-32.835545,-70.128400,2872.971597,317.0,5.264481,5.5,6.3
1788452131.000277,-32.835479,-70.128487,2872.041988,312.1,5.168769,5.8,6.2
1788452133.000264,-32.835416,-70.128573,2872.665069,312.3,5.000637,6.2,6.4
1788452135.000253,-32.835354,-70.128656,2872.313050,312.7,5.010077,6.7,6.8
1788452138.000233,-32.835270,-70.128774,2870.983518,310.1,5.010321,6.8,6.6
1788452140.000215,-32.835204,-70.128872,2870.426417,308.4,5.794777,6.5,6.9
1788452142.000197,-32.835145,-70.128981,2868.562867,303.2,6.092673,6.5,6.7
1788452144.000181,-32.835102,-70.129076,2868.732881,296.1,4.707567,6.7,6.7
1788452147.000157,-32.835071,-70.129178,2866.980907,292.3,3.244396,6.9,7.2
1788452150.000135,-32.835029,-70.129275,2871.382065,299.6,3.167344,7.0,6.4
1788452156.000098,-32.835001,-70.129332,2870.976438,304.3,0.000000,6.8,5.7
1788452156.000098,-32.835001,-70.129332,2870.976438,304.3,0.000000,6.8,5.7
1788452163.000060,-32.834986,-70.129441,2872.436064,274.7,2.257605,7.5,6.0
1788452169.000032,-32.835001,-70.129549,2872.001479,254.3,0.000000,6.9,5.7
1788452169.000032,-32.835001,-70.129549,2872.001479,254.3,0.000000,6.9,5.7
1788452174.000010,-32.835006,-70.129685,2872.686007,265.0,2.755783,7.0,6.1
1788452177.999993,-32.835008,-70.129800,2872.185920,265.3,2.527307,7.3,6.0
1788452181.999977,-32.835038,-70.129901,2865.098031,259.3,2.351291,8.7,8.3
1788452187.999955,-32.835074,-70.130012,2865.682681,252.8,0.000000,8.4,10.1
1788452187.999955,-32.835074,-70.130012,2865.682681,252.8,0.000000,8.4,10.1
1788452231.999806,-32.835091,-70.130118,2870.894121,234.8,1.799423,8.6,11.4
1788452235.999791,-32.835145,-70.130242,2872.190235,243.0,4.311105,8.0,10.7
1788452238.999781,-32.835183,-70.130354,2871.350833,247.3,4.339951,8.2,10.1
1788452241.999771,-32.835208,-70.130478,2870.158778,246.9,4.067499,7.9,9.3
1788452244.999760,-32.835247,-70.130603,2869.098193,243.4,4.161784,7.8,8.9
1788452247.999749,-32.835260,-70.130720,2869.330480,262.7,3.849273,7.7,8.5
1788452251.999735,-32.835294,-70.130841,2870.803092,254.6,3.298272,6.7,7.9
1788452255.999967,-32.835317,-70.130962,2868.178445,255.1,3.297577,6.8,8.6
1788452259.999964,-32.835357,-70.131076,2867.588177,254.7,3.041367,7.7,9.8
1788452262.999962,-32.835393,-70.131224,2866.959060,253.8,5.128211,7.5,9.8
1788452265.999957,-32.835473,-70.131299,2866.520807,217.6,3.715918,7.7,10.0
1788452271.999943,-32.835493,-70.131310,2865.684175,219.0,0.000000,8.7,9.6
1788452271.999943,-32.835493,-70.131310,2865.684175,219.0,0.000000,8.7,9.6
1788452274.999932,-32.835513,-70.131428,2860.490573,238.0,3.962521,7.8,9.3
1788452280.999913,-32.835573,-70.131473,2861.055009,224.9,0.000000,8.1,8.5
1788452280.999913,-32.835573,-70.131473,2861.055009,224.9,0.000000,8.1,8.5
1788452290.999879,-32.835590,-70.131578,2859.450811,253.4,0.255238,8.2,8.0
1788452309.999814,-32.835515,-70.131639,2859.128721,267.1,0.307420,8.9,8.6
1788452332.999736,-32.835470,-70.131740,2858.169092,292.2,0.991951,10.0,9.0
1788452349.999677,-32.835431,-70.131879,2859.133655,290.6,3.495196,8.4,9.1
1788452355.999657,-32.835407,-70.131981,2859.988731,288.1,0.000000,9.5,9.0
1788452355.999657,-32.835407,-70.131981,2859.988731,288.1,0.000000,9.5,9.0
1788452362.999633,-32.835374,-70.132102,2858.333117,287.0,1.848311,5.8,9.3
1788452368.999612,-32.835353,-70.132217,2859.708404,286.3,1.912009,8.3,8.3
1788452374.999592,-32.835332,-70.132329,2861.412620,282.6,1.899370,8.1,7.5
1788452380.999878,-32.835293,-70.132446,2862.489772,301.5,2.079591,8.4,7.1
1788452386.999897,-32.835277,-70.132560,2864.896746,290.0,0.000000,7.8,6.4
1788452386.999897,-32.835277,-70.132560,2864.896746,290.0,0.000000,7.8,6.4
1788452392.999918,-32.835248,-70.132678,2866.925236,288.3,1.813578,7.5,6.0
1788452398.999921,-32.835225,-70.132789,2874.733657,290.0,1.803303,8.0,6.0
1788452405.999915,-32.835196,-70.132907,2882.360777,288.7,1.744751,8.1,6.2
1788452411.999906,-32.835173,-70.133013,2888.971691,284.8,1.919531,10.0,7.2
1788452417.999894,-32.835147,-70.133115,2894.838021,278.8,1.955157,9.4,7.2
1788452424.999877,-32.835118,-70.133227,2901.686099,280.9,1.806127,8.3,7.3
1788452431.999858,-32.835087,-70.133335,2907.155554,279.2,1.768382,8.0,7.3
1788452439.999835,-32.835054,-70.133454,2917.739629,287.6,1.907489,7.7,7.9
1788452446.999815,-32.835021,-70.133573,2920.454223,285.6,2.317697,7.8,7.7
1788452452.999797,-32.834990,-70.133687,2923.657600,284.5,0.000000,7.7,7.4
1788452452.999797,-32.834990,-70.133687,2923.657600,284.5,0.000000,7.7,7.4
1788452458.999779,-32.834968,-70.133798,2925.890805,284.4,1.763803,7.6,7.9
1788452464.999761,-32.834936,-70.133915,2928.624321,290.5,1.888775,6.8,7.3
1788452470.999742,-32.834909,-70.134033,2930.311583,285.9,1.894121,7.7,7.7
1788452476.999724,-32.834884,-70.134143,2931.515027,282.1,1.861560,8.3,7.1
1788452482.999705,-32.834855,-70.134249,2933.729675,289.4,1.720046,8.5,7.7
1788452489.999684,-32.834825,-70.134383,2937.721581,285.8,1.908690,9.1,8.2
1788452495.999666,-32.834798,-70.134500,2942.435725,286.6,1.925341,9.8,7.8
1788452501.999647,-32.834773,-70.134615,2947.713806,289.3,1.939490,10.6,7.5
1788452508.999967,-32.834740,-70.134737,2954.262984,288.2,1.857272,9.2,7.4
1788452514.999970,-32.834710,-70.134854,2956.027182,289.2,2.038908,9.3,8.2
1788452520.999971,-32.834685,-70.134967,2956.649948,283.6,0.000000,8.4,7.7
1788452520.999971,-32.834685,-70.134967,2956.649948,283.6,0.000000,8.4,7.7
1788452526.999959,-32.834656,-70.135084,2960.450639,282.4,1.803732,9.4,7.8
1788452532.999944,-32.834628,-70.135194,2963.206559,285.4,1.891007,9.9,8.3
1788452538.999929,-32.834599,-70.135307,2967.118975,286.2,1.892301,8.7,7.7
1788452544.999913,-32.834569,-70.135418,2969.119582,283.5,1.788721,9.0,7.9
1788452550.999896,-32.834541,-70.135529,2971.911546,285.1,1.796395,8.8,8.0
1788452556.999879,-32.834512,-70.135649,2972.282280,285.7,1.885719,9.2,8.0
1788452562.999863,-32.834485,-70.135764,2974.239242,288.6,1.852399,8.9,8.4
1788452568.999844,-32.834460,-70.135881,2974.006665,289.0,1.872760,9.8,9.2
1788452574.999827,-32.834431,-70.135997,2972.398674,287.6,1.946057,10.2,8.9
1788452580.999809,-32.834409,-70.136111,2973.539885,279.8,1.837075,10.2,8.8
1788452586.999792,-32.834374,-70.136225,2975.817869,284.1,1.866525,9.5,8.7
1788452592.999774,-32.834345,-70.136341,2979.444216,285.6,1.903456,9.0,9.2
1788452598.999756,-32.834319,-70.136459,2981.159264,287.7,1.849658,9.7,9.1
1788452603.999741,-32.834288,-70.136565,2986.053293,280.3,1.813366,9.8,9.3
1788452609.999724,-32.834257,-70.136674,2989.515794,285.9,1.917964,8.9,9.5
1788452615.999707,-32.834230,-70.136791,2991.900272,285.0,1.972071,8.4,9.2
1788452620.999691,-32.834215,-70.136913,2989.005004,258.9,2.853615,8.5,9.1
1788452624.999680,-32.834290,-70.136988,2990.878861,196.1,1.708624,8.6,9.0
1788452629.999665,-32.834388,-70.137026,2990.151960,193.0,2.537569,7.8,8.4
1788452633.999953,-32.834481,-70.137048,2991.166908,197.1,2.556519,7.6,8.2
1788452638.999960,-32.834587,-70.137067,2990.675316,181.5,2.286687,7.2,7.7
1788452642.999963,-32.834682,-70.137093,2990.086757,191.8,2.444451,6.7,7.8
1788452645.999968,-32.834780,-70.137107,2989.785041,188.4,3.753604,6.6,7.9
1788452648.999966,-32.834890,-70.137124,2989.582164,188.2,4.156782,6.2,7.6
1788452651.999963,-32.835002,-70.137135,2989.307240,181.5,3.796832,6.5,7.8
1788452654.999959,-32.835138,-70.137150,2989.110397,185.5,4.962445,6.1,7.5
1788452656.999956,-32.835236,-70.137168,2988.250792,189.9,5.602051,6.1,7.6
1788452659.999950,-32.835337,-70.137204,2988.383860,197.3,3.608284,6.4,7.8
1788452662.999945,-32.835454,-70.137233,2988.057798,189.9,4.028395,6.5,7.7
1788452665.999938,-32.835563,-70.137263,2988.278012,192.3,4.098650,6.4,7.6
1788452668.999930,-32.835684,-70.137318,2988.006421,199.6,4.841110,6.6,7.8
1788452670.999926,-32.835785,-70.137360,2986.831174,199.4,5.998167,6.9,7.8
1788452672.999921,-32.835885,-70.137404,2986.565577,200.1,5.922478,6.6,7.8
1788452674.999917,-32.835999,-70.137436,2985.992900,193.6,6.411499,6.7,7.7
1788452676.999912,-32.836108,-70.137467,2985.165696,194.7,6.344832,6.3,7.2
1788452679.999904,-32.836191,-70.137513,2985.381661,205.8,3.361709,5.4,7.0
1788452683.999895,-32.836269,-70.137576,2985.352236,214.4,2.496044,6.3,7.6
1788452689.999879,-32.836296,-70.137600,2985.064139,232.9,0.000000,8.3,8.4
1788452689.999879,-32.836296,-70.137600,2985.064139,232.9,0.000000,8.3,8.4
1788452729.999768,-32.836350,-70.137695,2984.055536,250.2,1.826536,9.7,12.2
1788452734.999755,-32.836424,-70.137765,2981.526079,191.2,3.108655,10.8,12.1
1788452737.999746,-32.836530,-70.137685,2978.471428,137.8,4.660415,10.7,11.6
1788452740.999737,-32.836557,-70.137538,2977.745184,96.6,4.600810,10.3,10.9
1788452743.999729,-32.836649,-70.137541,2975.491613,216.9,3.777837,7.7,10.9
1788452746.999721,-32.836678,-70.137662,2975.448578,261.5,3.395544,8.2,10.7
1788452752.999704,-32.836778,-70.137684,2971.372795,153.9,0.000000,9.3,11.4
1788452752.999704,-32.836778,-70.137684,2971.372795,153.9,0.000000,9.3,11.4
1788452755.999696,-32.836842,-70.137543,2969.053074,125.5,5.026816,9.7,11.8
1788452757.999981,-32.836938,-70.137527,2968.067879,180.8,5.277979,8.6,11.2
1788452759.999976,-32.837015,-70.137612,2968.678132,224.0,5.443453,8.3,11.8
1788452762.999975,-32.837080,-70.137735,2967.274748,242.7,4.644466,10.0,12.4
1788452764.999980,-32.837117,-70.137841,2967.016062,247.3,5.007546,10.1,11.9
1788452767.999986,-32.837147,-70.137978,2966.346852,259.3,4.362138,9.8,11.4
1788452772.999981,-32.837150,-70.138108,2964.735830,256.1,1.971100,9.8,11.7
1788452775.999972,-32.837236,-70.138063,2961.653555,136.4,3.577059,11.2,12.4
1788452779.999959,-32.837315,-70.138119,2961.215918,261.6,4.566793,9.9,12.1
1788452781.999954,-32.837311,-70.138239,2960.189598,273.8,5.534459,9.9,12.4
1788452784.999944,-32.837340,-70.138365,2959.221815,232.9,4.397696,10.0,12.6
1788452786.999938,-32.837446,-70.138346,2954.495991,162.8,5.887819,9.8,13.6
1788452788.999932,-32.837559,-70.138227,2953.640127,137.5,6.994096,10.1,11.9
1788452791.999922,-32.837661,-70.138283,2952.930745,235.6,4.914175,9.6,12.1
1788452793.999917,-32.837639,-70.138392,2951.533919,285.4,5.011976,8.3,11.1
1788452795.999911,-32.837600,-70.138496,2951.455047,290.3,5.197601,7.9,11.0
1788452797.999906,-32.837590,-70.138615,2951.596468,274.7,5.594379,7.6,10.8
1788452801.999895,-32.837712,-70.138640,2946.421252,162.1,4.987322,9.1,12.4
1788452803.999890,-32.837832,-70.138555,2945.197582,147.5,6.712938,10.2,12.0
1788452805.999884,-32.837912,-70.138492,2945.739718,149.0,5.559303,9.2,10.8
1788452807.999878,-32.837992,-70.138541,2946.401757,222.8,5.291378,7.6,9.7
1788452809.999873,-32.837990,-70.138680,2942.972917,271.4,6.485676,7.2,9.8
1788452811.999867,-32.837935,-70.138802,2941.229210,291.4,6.296438,8.8,12.2
1788452813.999861,-32.837938,-70.138937,2940.358319,260.1,6.605097,10.0,13.9
1788452815.999856,-32.838056,-70.138915,2936.883514,167.3,5.934677,10.1,13.4
1788452817.999850,-32.838145,-70.138824,2935.350915,138.1,5.812137,9.2,11.6
1788452820.999842,-32.838254,-70.138837,2933.958983,219.1,5.097316,9.6,12.0
1788452822.999837,-32.838234,-70.138961,2932.255514,279.0,5.607907,9.7,13.0
1788452824.999831,-32.838209,-70.139103,2933.422815,275.1,6.319252,9.8,14.9
1788452826.999826,-32.838311,-70.139125,2932.226565,187.9,5.636087,10.1,13.4
1788452828.999821,-32.838374,-70.139038,2929.523014,139.4,5.174944,10.9,13.2
1788452830.999815,-32.838477,-70.138970,2929.224067,163.3,6.701756,10.8,12.3
1788452832.999810,-32.838527,-70.139097,2926.969520,244.5,6.066287,8.8,11.6
1788452834.999806,-32.838528,-70.139238,2928.046246,260.2,6.017861,8.7,11.1
1788452837.999805,-32.838624,-70.139312,2925.591592,211.6,4.705551,9.1,11.5
1788452840.999803,-32.838754,-70.139380,2920.926213,195.3,5.857317,5.7,8.8
1788452842.999800,-32.838885,-70.139411,2920.703778,196.8,6.678937,5.3,8.7
1788452848.999792,-32.838907,-70.139386,2917.196130,110.3,0.000000,14.8,14.5
1788452848.999792,-32.838907,-70.139386,2917.196130,110.3,0.000000,14.8,14.5
1788452878.999725,-32.838990,-70.139324,2913.180168,156.8,2.879059,13.2,13.8
1788452881.999717,-32.839102,-70.139243,2910.218275,146.8,4.829868,11.7,13.8
1788452885.000033,-32.839179,-70.139163,2912.241895,168.0,3.327859,11.9,13.5
1788452888.000033,-32.839219,-70.139291,2909.372332,264.6,5.385730,8.8,13.0
1788452890.000030,-32.839214,-70.139428,2907.913938,269.9,6.278149,9.4,12.8
1788452892.000028,-32.839289,-70.139500,2909.494169,210.0,4.866764,11.8,14.0
1788452894.000031,-32.839392,-70.139422,2907.533156,144.3,6.370637,10.6,14.0
1788452896.000029,-32.839476,-70.139305,2907.182703,131.8,6.800896,10.7,12.6
1788452898.000027,-32.839545,-70.139231,2908.083317,145.4,5.175276,9.4,10.8
1788452900.000020,-32.839581,-70.139330,2902.390166,254.1,4.956342,8.7,11.1
1788452902.000013,-32.839582,-70.139445,2902.635332,266.8,4.748516,8.3,11.3
1788452907.999995,-32.839544,-70.139447,2902.098312,-1.0,0.000000,13.0,13.6
1788452907.999995,-32.839544,-70.139447,2902.098312,-1.0,0.000000,13.0,13.6
1788452922.999952,-32.839594,-70.139557,2899.966764,210.3,2.150237,13.8,14.5
1788452925.999943,-32.839720,-70.139500,2897.681780,143.8,5.471850,13.8,14.0
1788452928.999935,-32.839811,-70.139411,2894.454509,165.8,4.211919,12.8,13.5
1788452931.999926,-32.839840,-70.139520,2890.968226,270.7,4.093984,10.9,14.3
1788452934.999918,-32.839838,-70.139659,2891.489064,267.8,3.562122,12.0,15.6
1788452937.999909,-32.839940,-70.139664,2890.870646,141.0,4.368953,11.8,15.4
1788452940.999901,-32.839988,-70.139548,2890.151036,134.8,3.255764,13.6,14.9
1788452943.999893,-32.840010,-70.139673,2885.712366,277.0,3.887046,11.1,14.3
1788452949.999878,-32.840098,-70.139661,2883.597922,114.2,0.000000,13.0,14.8
1788452949.999878,-32.840098,-70.139661,2883.597922,114.2,0.000000,13.0,14.8
1788452956.999858,-32.840156,-70.139785,2879.146281,278.3,6.742956,10.9,14.2
1788452960.999847,-32.840271,-70.139802,2873.801434,161.5,5.195937,10.4,13.1
1788452962.999841,-32.840319,-70.139691,2873.679108,115.5,5.419767,13.3,14.3
1788452967.999828,-32.840407,-70.139656,2873.143954,226.0,0.000000,13.6,14.2
1788452967.999828,-32.840407,-70.139656,2873.143954,226.0,0.000000,13.6,14.2
1788452970.999820,-32.840428,-70.139807,2871.957454,261.5,4.542414,11.1,14.1
1788452974.999808,-32.840533,-70.139888,2868.047224,192.7,4.058824,11.2,13.9
1788452976.999803,-32.840645,-70.139892,2866.275539,193.3,5.453117,10.3,14.0
1788452979.999796,-32.840750,-70.139931,2861.846166,168.4,4.985714,9.8,14.0
1788452982.999787,-32.840843,-70.139816,2859.921512,151.2,5.111013,11.2,13.6
1788452985.999779,-32.840925,-70.139918,2862.414727,244.6,4.116913,11.4,15.1
1788452989.999769,-32.841013,-70.140010,2857.385624,211.2,3.795382,12.0,14.7
1788452991.999763,-32.841102,-70.139971,2855.806654,155.1,4.732734,13.1,15.0
1788452993.999757,-32.841208,-70.139953,2855.518061,184.6,5.811259,12.5,15.2
1788452995.999752,-32.841288,-70.140039,2855.733267,218.3,5.485175,13.1,16.0
1788452998.999744,-32.841374,-70.140077,2851.476281,195.3,3.280823,12.7,15.0
1788453001.999736,-32.841496,-70.140081,2851.841036,182.2,4.431073,9.8,14.8
1788453006.999721,-32.841610,-70.140114,2849.376804,189.5,1.862354,10.6,15.6
1788453010.000125,-32.841733,-70.140126,2847.700253,193.2,3.935355,11.2,16.7
1788453013.000123,-32.841835,-70.140194,2843.696651,216.7,3.947968,13.5,15.7
1788453016.000116,-32.841934,-70.140209,2845.109125,158.4,4.322699,13.0,15.6
1788453018.000111,-32.841965,-70.140091,2838.927726,107.9,5.461402,15.9,16.2
1788453020.000111,-32.841952,-70.139976,2843.173423,86.0,5.121487,16.0,15.2
1788453024.000103,-32.842036,-70.140054,2838.735137,245.2,4.324057,12.9,14.2
1788453030.000078,-32.842099,-70.140149,2838.596549,196.3,0.000000,14.0,14.5
1788453030.000078,-32.842099,-70.140149,2838.596549,196.3,0.000000,14.0,14.5
1788453037.000050,-32.842185,-70.140213,2831.749022,199.0,2.993874,14.3,15.4
1788453039.000044,-32.842275,-70.140245,2829.043265,183.7,5.157476,13.9,15.2
1788453042.000033,-32.842381,-70.140136,2824.502080,116.6,5.398314,13.5,14.9
1788453044.000026,-32.842373,-70.139996,2825.004140,100.1,5.606601,13.0,13.5
1788453046.000019,-32.842498,-70.139990,2819.431266,181.9,6.584316,13.5,15.5
1788453048.000012,-32.842581,-70.140086,2819.807658,223.4,6.197813,13.9,17.5
1788453050.000005,-32.842651,-70.140183,2817.830428,234.3,5.619363,14.7,16.8
1788453051.999999,-32.842744,-70.140260,2818.546644,222.3,5.735171,13.8,15.2
1788453053.999992,-32.842833,-70.140353,2818.348408,221.6,6.363713,13.3,15.7
1788453055.999986,-32.842914,-70.140445,2818.453280,227.7,5.638005,13.3,14.9
1788453057.999980,-32.842970,-70.140533,2818.902572,226.9,5.019673,13.4,14.5
1788453060.999971,-32.843054,-70.140429,2816.213939,123.9,5.099494,12.1,13.4
1788453062.999964,-32.843114,-70.140348,2814.761249,136.3,5.095712,12.0,12.6
1788453065.999955,-32.843213,-70.140493,2815.999839,248.0,6.318788,11.1,13.0
1788453069.999943,-32.843307,-70.140439,2809.910751,121.6,5.389634,11.3,12.4
1788453075.999925,-32.843383,-70.140509,2805.824514,263.0,0.000000,11.9,13.0
1788453075.999925,-32.843383,-70.140509,2805.824514,263.0,0.000000,11.9,13.0
1788453078.999915,-32.843481,-70.140523,2804.850765,160.9,4.352891,12.3,13.0
1788453080.999910,-32.843546,-70.140414,2804.426301,128.5,5.694499,12.3,13.4
1788453085.999894,-32.843624,-70.140555,2797.779231,259.1,5.080874,12.1,14.7
1788453091.999876,-32.843616,-70.140532,2796.998575,269.1,0.000000,13.5,13.5
1788453091.999876,-32.843616,-70.140532,2796.998575,269.1,0.000000,13.5,13.5
1788453116.999802,-32.843715,-70.140522,2789.704326,154.4,4.395329,12.2,13.3
1788453118.999796,-32.843749,-70.140413,2789.831492,120.2,4.278009,13.1,14.1
1788453120.999789,-32.843849,-70.140435,2793.337398,205.2,5.468073,10.5,14.0
1788453123.999780,-32.843894,-70.140533,2794.744897,220.5,2.785364,12.6,13.6
1788453126.999771,-32.843956,-70.140431,2788.589601,121.9,4.544411,13.5,13.8
1788453131.999756,-32.844056,-70.140482,2784.006191,240.0,4.240788,12.5,13.7
1788453136.000270,-32.844161,-70.140456,2779.745918,135.5,5.320985,12.0,13.4
1788453138.000265,-32.844213,-70.140367,2779.329380,143.0,5.359689,12.2,13.0
1788453140.000264,-32.844300,-70.140429,2777.490478,217.4,5.650292,9.9,12.3
1788453142.000252,-32.844354,-70.140537,2775.739077,225.1,6.039582,9.8,12.0
1788453144.000239,-32.844445,-70.140513,2770.490178,160.6,6.144843,9.2,12.0
1788453146.000231,-32.844589,-70.140380,2765.935964,145.1,9.352039,8.0,11.4
1788453149.000215,-32.844673,-70.140521,2762.861204,237.9,5.175806,6.4,8.7
1788453152.000183,-32.844789,-70.140562,2762.440026,185.9,4.470454,6.5,8.0
1788453156.000148,-32.844884,-70.140541,2764.157683,159.1,2.299853,6.2,7.5
1788453161.000110,-32.844978,-70.140513,2764.592720,190.0,0.000000,7.3,7.9
1788453161.000110,-32.844978,-70.140513,2764.592720,190.0,0.000000,7.3,7.9
1788453165.000084,-32.845046,-70.140435,2761.099614,148.8,3.343360,6.2,7.7
1788453170.000055,-32.845131,-70.140476,2762.134096,209.6,0.000000,6.3,8.0
1788453170.000055,-32.845131,-70.140476,2762.134096,209.6,0.000000,6.3,8.0
1788453182.999992,-32.845241,-70.140503,2760.580668,195.4,3.689442,9.9,10.8
1788453185.999979,-32.845334,-70.140556,2757.608501,203.7,3.827211,9.6,10.5
1788453188.999966,-32.845456,-70.140538,2753.864275,145.3,5.162844,9.5,10.6
1788453190.999958,-32.845473,-70.140410,2752.705993,109.1,5.625840,11.0,11.2
1788453192.999950,-32.845564,-70.140409,2748.578556,193.6,4.870024,8.0,9.4
1788453195.999937,-32.845610,-70.140501,2745.342231,231.8,2.987058,9.7,10.0
1788453198.999926,-32.845693,-70.140441,2741.591093,116.4,4.738177,9.4,9.9
1788453201.999914,-32.845671,-70.140304,2739.394576,94.0,4.345088,9.2,9.0
1788453204.999902,-32.845773,-70.140316,2734.352475,222.6,4.358660,7.7,9.1
1788453208.999888,-32.845841,-70.140421,2735.129859,234.8,2.525125,9.1,10.0
1788453214.999865,-32.845944,-70.140458,2733.086092,163.3,0.000000,9.7,11.1
1788453214.999865,-32.845944,-70.140458,2733.086092,163.3,0.000000,9.7,11.1
1788453216.999858,-32.845954,-70.140342,2731.994560,87.8,4.948157,10.0,10.8
1788453219.999847,-32.846013,-70.140248,2735.512224,160.8,4.613403,9.3,10.6
1788453222.999835,-32.846069,-70.140337,2732.245832,225.7,2.103766,9.4,10.7
1788453226.999820,-32.846134,-70.140414,2731.644708,220.2,3.056094,9.6,10.7
1788453229.999810,-32.846225,-70.140444,2729.728915,182.7,3.901195,9.8,10.7
1788453231.999803,-32.846264,-70.140340,2727.047222,110.2,5.191844,10.2,10.9
1788453234.999792,-32.846231,-70.140185,2726.030270,80.6,5.273402,10.4,10.7
1788453237.999781,-32.846338,-70.140105,2718.380029,177.4,5.787118,9.8,9.8
1788453240.999770,-32.846424,-70.140209,2716.000153,226.0,4.257087,9.5,10.3
1788453243.999759,-32.846496,-70.140292,2715.342099,215.1,3.682670,9.3,9.8
1788453247.999744,-32.846581,-70.140353,2714.222929,200.2,3.043928,8.5,9.4
1788453250.999733,-32.846686,-70.140390,2707.374919,168.5,4.724500,7.4,9.3
1788453252.999726,-32.846707,-70.140267,2705.379986,98.7,5.574619,8.1,9.4
1788453255.999715,-32.846685,-70.140161,2706.384259,86.6,3.226927,9.3,9.6
1788453257.999707,-32.846703,-70.140052,2704.855277,120.8,5.171177,9.1,9.2
1788453259.999700,-32.846791,-70.140133,2702.649596,217.2,4.571786,8.2,9.2
1788453266.000254,-32.846816,-70.140150,2702.039298,229.6,0.000000,10.0,9.7
1788453266.000254,-32.846816,-70.140150,2702.039298,229.6,0.000000,10.0,9.7
1788453284.000122,-32.846890,-70.140220,2698.895175,217.3,3.081686,10.8,11.0
1788453287.000097,-32.846969,-70.140317,2696.088691,223.9,4.165681,9.8,10.7
1788453289.000083,-32.847101,-70.140289,2688.929822,165.3,7.346388,7.9,10.8
1788453291.000068,-32.847155,-70.140147,2687.623494,114.7,7.021291,10.1,11.7
1788453293.000054,-32.847186,-70.140033,2690.955654,124.9,5.681313,9.5,10.1
1788453295.000042,-32.847241,-70.140122,2689.231110,236.7,4.362172,10.1,14.3
1788453298.000022,-32.847315,-70.140210,2687.658054,227.1,3.446319,12.6,13.3
1788453303.999988,-32.847360,-70.140147,2685.310086,121.6,0.000000,15.5,13.3
1788453303.999988,-32.847360,-70.140147,2685.310086,121.6,0.000000,15.5,13.3
1788453326.999876,-32.847471,-70.140163,2681.242931,184.2,2.356865,11.5,11.4
1788453328.999867,-32.847506,-70.140048,2679.163501,97.9,5.406744,9.7,11.0
1788453331.999854,-32.847486,-70.139940,2679.845417,93.6,3.594314,11.5,10.9
1788453336.999832,-32.847579,-70.139952,2675.076006,241.1,4.804351,10.8,11.9
1788453340.999814,-32.847620,-70.140057,2675.718183,239.9,2.714274,10.2,12.0
1788453344.999796,-32.847735,-70.140055,2669.347509,147.1,4.907558,8.4,11.3
1788453347.999783,-32.847762,-70.139915,2668.903906,105.0,4.642723,10.6,11.5
1788453351.999766,-32.847781,-70.139803,2667.330264,134.8,2.926688,9.8,10.0
1788453354.999753,-32.847853,-70.139882,2664.262749,256.4,3.788036,10.0,11.5
1788453358.999736,-32.847874,-70.139989,2663.705359,253.6,2.770206,8.8,10.5
1788453364.999711,-32.847872,-70.140009,2663.485519,275.3,0.000000,10.0,12.1
1788453364.999711,-32.847872,-70.140009,2663.485519,275.3,0.000000,10.0,12.1
1788453409.000093,-32.847957,-70.140076,2655.970911,178.0,4.400630,9.9,12.3
1788453411.000079,-32.848000,-70.139952,2654.994596,106.9,5.277858,10.8,12.1
1788453413.000065,-32.848031,-70.139849,2657.220274,118.6,5.140940,11.2,11.8
1788453415.000051,-32.848123,-70.139908,2653.966575,213.1,4.933070,8.7,11.8
1788453417.000047,-32.848181,-70.140010,2651.656957,227.0,5.198647,10.3,11.6
1788453419.000026,-32.848268,-70.140062,2650.562975,208.7,5.312890,10.5,11.1
1788453422.000007,-32.848349,-70.139990,2649.207011,113.2,2.868225,10.4,10.9
1788453427.999973,-32.848345,-70.139985,2650.923133,-1.0,0.000000,13.8,11.9
1788453427.999973,-32.848345,-70.139985,2650.923133,-1.0,0.000000,13.8,11.9
1788453441.999900,-32.848463,-70.139981,2645.208231,172.1,3.909226,11.5,12.2
1788453447.999869,-32.848465,-70.139901,2645.173039,47.5,0.000000,12.2,10.6
1788453447.999869,-32.848465,-70.139901,2645.173039,47.5,0.000000,12.2,10.6
1788453473.999744,-32.848542,-70.139838,2637.673032,190.7,3.154441,10.4,11.5
1788453476.999729,-32.848567,-70.139700,2638.793844,79.4,5.575184,9.7,11.0
1788453480.999710,-32.848651,-70.139624,2632.069003,173.0,4.956088,9.3,10.7
1788453482.999700,-32.848673,-70.139502,2629.951893,82.7,5.330808,9.8,10.6
1788453485.999686,-32.848643,-70.139387,2627.621853,107.1,4.675557,12.0,10.8
1788453487.999676,-32.848770,-70.139338,2621.363643,151.9,7.150349,10.2,10.5
1788453489.999667,-32.848726,-70.139239,2624.219922,53.2,3.617640,10.4,10.5
1788453495.999638,-32.848719,-70.139235,2621.786571,79.4,0.000000,12.4,9.6
1788453495.999638,-32.848719,-70.139235,2621.786571,79.4,0.000000,12.4,9.6
1788453547.999960,-32.848728,-70.139250,2622.767661,79.4,0.000000,13.9,10.5
1788453547.999960,-32.848728,-70.139250,2622.767661,79.4,0.000000,13.9,10.5
1788453608.999641,-32.848697,-70.139158,2620.398554,67.9,0.022544,9.8,8.7
1788453620.999580,-32.848710,-70.139284,2621.382538,244.7,1.595776,6.4,6.8
1788453678.999887,-32.848727,-70.139390,2626.755746,275.4,0.112196,7.8,8.4
1788453738.999574,-32.848712,-70.139284,2622.719437,65.8,1.275609,9.5,8.5
1788453744.999543,-32.848701,-70.139168,2622.435803,78.9,1.040757,8.9,8.1
1788453773.999983,-32.848737,-70.139046,2615.704698,107.3,3.469709,9.2,9.4
1788453775.999985,-32.848748,-70.138926,2615.086311,97.8,4.991460,8.4,9.1
1788453777.999984,-32.848809,-70.138800,2612.386989,127.7,7.259164,6.8,9.3
1788453779.999985,-32.848810,-70.138617,2610.483637,81.9,8.467280,5.7,7.9
1788453780.999981,-32.848838,-70.138502,2613.561594,101.2,9.383996,5.7,8.4
1788453782.999973,-32.848861,-70.138360,2607.465967,89.4,8.414291,6.2,7.6
1788453784.999965,-32.848819,-70.138209,2602.429520,88.6,7.949410,6.5,7.3
1788453786.999956,-32.848888,-70.138096,2595.849246,107.3,7.207201,6.2,6.6
1788453788.999948,-32.848796,-70.137974,2592.004481,46.5,6.867336,9.1,9.9
1788453790.999939,-32.848814,-70.137858,2592.140578,113.1,5.657632,6.3,8.0
1788453792.999930,-32.848896,-70.137697,2586.593958,114.7,8.702249,7.9,9.4
1788453793.999925,-32.848932,-70.137598,2584.885774,114.1,9.539369,7.8,8.7
1788453795.999916,-32.849004,-70.137403,2580.536193,115.2,10.295021,6.2,6.3
1788453796.999911,-32.849043,-70.137300,2579.445086,114.9,10.454488,8.6,8.7
1788453797.999906,-32.849088,-70.137195,2581.825824,118.2,10.658677,6.3,6.6
1788453798.999902,-32.849141,-70.137106,2578.893146,122.4,10.454204,5.7,6.2
1788453800.999892,-32.849203,-70.136939,2580.191042,116.6,8.882135,4.0,4.6
1788453802.999883,-32.849296,-70.136806,2580.596940,123.9,8.354692,3.8,4.2
1788453804.999872,-32.849367,-70.136701,2578.993789,127.2,6.941276,3.0,3.6
1788453806.999863,-32.849428,-70.136617,2578.388205,132.6,5.440822,3.2,3.6
1788453809.999849,-32.849447,-70.136510,2579.866633,72.8,2.998359,3.4,3.7
1788453815.999818,-32.849425,-70.136520,2577.080476,36.5,0.000000,4.7,5.5
1788453815.999818,-32.849425,-70.136520,2577.080476,36.5,0.000000,4.7,5.5
1788453828.999754,-32.849362,-70.136435,2578.897880,4.7,1.745446,7.6,7.7
1788453839.999698,-32.849260,-70.136402,2578.883474,17.4,3.707089,7.5,8.0
1788453845.999667,-32.849176,-70.136396,2579.133314,358.5,0.000000,8.5,8.1
1788453845.999667,-32.849176,-70.136396,2579.133314,358.5,0.000000,8.5,8.1
1788453851.999637,-32.849086,-70.136370,2582.906100,7.0,1.177213,8.1,8.0
1788453856.999611,-32.848992,-70.136355,2584.282509,8.7,2.470372,7.9,8.0
1788453862.999581,-32.848893,-70.136331,2589.275492,8.3,0.000000,7.4,8.6
1788453862.999581,-32.848893,-70.136331,2589.275492,8.3,0.000000,7.4,8.6
1788453868.999550,-32.848782,-70.136308,2594.508596,11.0,2.033151,7.7,8.5
1788453873.999524,-32.848689,-70.136282,2599.628561,6.7,1.927675,8.1,8.8
1788453880.999488,-32.848594,-70.136262,2607.528083,2.3,2.045945,9.6,9.2
1788453886.999457,-32.848511,-70.136243,2612.538016,14.2,0.000000,9.9,8.8
1788453886.999457,-32.848511,-70.136243,2612.538016,14.2,0.000000,9.9,8.8
1788453892.999962,-32.848419,-70.136226,2618.486316,9.0,1.774549,10.3,8.3
1788453898.999967,-32.848328,-70.136205,2622.713043,11.0,1.757813,9.4,8.2
1788453905.999963,-32.848230,-70.136188,2628.243882,6.4,1.793469,9.5,8.6
1788453912.999931,-32.848131,-70.136161,2632.521912,11.5,1.792815,8.6,8.1
1788453918.999904,-32.848041,-70.136144,2638.558164,11.9,1.857310,8.9,7.6
1788453925.999871,-32.847944,-70.136121,2646.678746,11.5,1.813406,9.0,7.3
1788453932.999837,-32.847844,-70.136102,2654.802821,10.4,1.955340,9.4,7.5
1788453939.999803,-32.847747,-70.136083,2663.355129,10.1,1.940128,9.5,7.4
1788453946.999769,-32.847648,-70.136058,2672.196426,11.2,1.947687,9.5,7.1
1788453954.999730,-32.847541,-70.136034,2681.894428,14.5,1.935733,10.0,7.6
1788453961.999695,-32.847438,-70.136018,2690.075172,5.4,2.200100,9.9,7.9
1788453967.999665,-32.847357,-70.135987,2697.225801,15.6,1.208941,10.9,8.6
1788453967.999665,-32.847357,-70.135987,2697.225801,15.6,0.000000,10.9,8.6
1788453974.999631,-32.847262,-70.135966,2705.066305,6.6,1.559444,10.1,8.2
1788453980.999610,-32.847169,-70.135936,2708.223769,19.3,1.980350,11.4,9.8
1788453986.999587,-32.847075,-70.135905,2713.279595,13.2,1.556284,14.1,11.8
1788453993.999557,-32.846973,-70.135895,2715.197412,17.2,1.532055,19.5,14.8
1788454000.999526,-32.846873,-70.135890,2725.947137,17.8,1.322420,17.8,14.6
1788454007.999493,-32.846770,-70.135877,2735.513228,5.5,1.840102,15.0,14.1
1788454014.999460,-32.846678,-70.135854,2744.081643,12.2,1.903061,14.3,12.2
1788454022.999975,-32.846577,-70.135826,2753.870717,9.6,2.005130,12.3,11.4
1788454028.999980,-32.846483,-70.135805,2759.019301,7.4,0.000000,11.9,11.1
1788454028.999980,-32.846483,-70.135805,2759.019301,7.4,0.000000,11.9,11.1
1788454034.999967,-32.846384,-70.135785,2761.148372,11.2,1.958293,10.5,10.8
1788454040.999939,-32.846284,-70.135765,2762.545772,8.9,1.806859,9.9,10.1
1788454046.999909,-32.846187,-70.135741,2762.140871,11.4,1.750788,9.4,9.3
1788454052.999881,-32.846083,-70.135717,2764.549211,10.0,1.847081,8.8,8.7
1788454058.999852,-32.845987,-70.135696,2768.634672,7.9,1.992462,8.8,8.5
1788454066.999813,-32.845856,-70.135674,2774.870978,14.6,1.757712,9.0,8.3
1788454073.999779,-32.845745,-70.135641,2779.276088,14.2,1.823055,10.0,8.9
1788454079.999750,-32.845639,-70.135620,2787.299400,3.1,2.470843,9.0,8.8
1788454085.999721,-32.845554,-70.135590,2786.469896,12.0,0.000000,9.6,9.0
1788454085.999721,-32.845554,-70.135590,2786.469896,12.0,0.000000,9.6,9.0
1788454091.999692,-32.845455,-70.135570,2787.242923,9.3,1.706288,10.1,10.0
1788454097.999662,-32.845342,-70.135557,2794.885212,356.3,2.431446,5.4,8.9
1788454103.999634,-32.845245,-70.135522,2797.104794,11.1,0.000000,6.3,8.5
1788454103.999634,-32.845245,-70.135522,2797.104794,11.1,0.000000,6.3,8.5
1788454109.999604,-32.845148,-70.135506,2799.929583,9.7,2.101978,7.1,8.4
1788454115.999575,-32.845052,-70.135478,2804.277575,9.8,0.000000,7.4,7.9
1788454115.999575,-32.845052,-70.135478,2804.277575,9.8,0.000000,7.4,7.9
1788454121.999547,-32.844963,-70.135458,2806.174512,8.3,1.294812,7.4,7.7
1788454127.999517,-32.844860,-70.135433,2806.827672,12.8,1.700735,7.2,7.7
1788454132.999493,-32.844765,-70.135414,2808.569407,12.0,2.207320,7.8,7.9
1788454138.999464,-32.844673,-70.135396,2809.287588,13.6,0.000000,6.1,7.3
1788454138.999464,-32.844673,-70.135396,2809.287588,13.6,0.000000,6.1,7.3
1788454143.999935,-32.844580,-70.135387,2809.929278,8.7,1.839401,6.9,7.1
1788454149.999943,-32.844486,-70.135364,2811.649279,10.0,1.831298,6.6,7.3
1788454155.999955,-32.844388,-70.135336,2812.146481,12.1,1.925762,4.0,7.4
1788454161.999941,-32.844289,-70.135313,2812.816048,15.8,1.925512,4.3,7.2
1788454167.999922,-32.844200,-70.135290,2812.770802,15.4,0.000000,5.8,7.6
1788454173.999901,-32.844081,-70.135264,2812.411110,8.7,1.903305,6.9,8.8
1788454179.999877,-32.843979,-70.135240,2812.944109,16.0,1.949056,7.1,9.0
1788454186.999848,-32.843837,-70.135192,2815.073798,17.3,2.264212,4.9,9.5
1788454192.999821,-32.843750,-70.135188,2815.987907,11.9,0.000000,5.4,10.7
1788454192.999821,-32.843750,-70.135188,2815.987907,11.9,0.000000,5.4,10.7
1788454197.999799,-32.843654,-70.135171,2819.105555,5.2,2.015426,7.2,10.8
1788454203.999771,-32.843608,-70.135154,2819.309440,12.7,0.000000,7.4,9.6
1788454203.999771,-32.843608,-70.135154,2819.309440,12.7,0.000000,7.4,9.6
1788454207.999754,-32.843516,-70.135132,2819.835455,13.1,0.000000,6.9,8.5
1788454213.999726,-32.843398,-70.135114,2821.784834,4.5,2.136691,7.5,9.0
1788454219.999698,-32.843303,-70.135087,2821.995070,12.8,0.000000,6.8,8.6
1788454219.999698,-32.843303,-70.135087,2821.995070,12.8,0.000000,6.8,8.6
1788454225.999671,-32.843205,-70.135069,2823.354518,12.1,1.995628,5.8,8.7
1788454230.999647,-32.843110,-70.135040,2825.552898,15.9,1.894990,6.4,9.0
1788454235.999623,-32.843016,-70.135021,2828.078938,12.8,2.212995,6.3,9.3
1788454240.999600,-32.842926,-70.134988,2830.276020,12.7,2.162971,3.2,9.5
1788454246.999572,-32.842860,-70.134980,2832.692392,13.7,0.000000,4.2,10.0
1788454246.999572,-32.842860,-70.134980,2832.692392,13.7,0.000000,4.2,10.0
1788454252.999544,-32.842758,-70.134968,2836.878167,32.2,1.099828,6.1,10.2
1788454296.999912,-32.842663,-70.134952,2841.247600,11.7,1.202700,6.8,6.1
1788454302.999888,-32.842571,-70.134931,2843.854733,13.5,2.051065,6.5,5.8
1788454308.999861,-32.842475,-70.134912,2847.047871,11.8,0.000000,6.2,5.5
1788454308.999861,-32.842475,-70.134912,2847.047871,11.8,0.000000,6.2,5.5
1788454314.999836,-32.842375,-70.134890,2849.856005,11.1,1.870840,5.8,5.4
1788454320.999810,-32.842273,-70.134868,2852.933210,11.6,1.967839,6.2,5.9
1788454326.999783,-32.842176,-70.134844,2856.204738,9.9,1.824436,6.0,5.6
1788454331.999759,-32.842088,-70.134820,2858.591785,10.4,2.192309,5.6,5.5
1788454337.999733,-32.841993,-70.134801,2863.284070,7.1,0.000000,6.2,5.7
1788454337.999733,-32.841993,-70.134801,2863.284070,7.1,0.000000,6.2,5.7
1788454343.999705,-32.841898,-70.134780,2866.680913,10.6,1.789188,5.7,5.6
1788454349.999678,-32.841800,-70.134759,2869.769949,7.8,1.870359,4.4,6.1
1788454355.999651,-32.841701,-70.134729,2873.352743,12.8,1.832569,5.9,5.7
1788454361.999623,-32.841605,-70.134713,2878.585196,11.9,1.947110,6.4,5.8
1788454368.999592,-32.841502,-70.134686,2883.371073,9.8,1.920512,6.0,6.3
1788454374.999564,-32.841399,-70.134667,2888.477557,5.4,2.103884,7.1,7.5
1788454380.999537,-32.841296,-70.134638,2893.977450,11.7,0.000000,8.1,8.4
1788454380.999537,-32.841296,-70.134638,2893.977450,11.7,0.000000,8.1,8.4
1788454386.999509,-32.841202,-70.134626,2897.185462,9.9,2.065162,8.2,7.8
1788454392.999482,-32.841104,-70.134605,2902.248750,9.2,0.000000,6.6,7.2
1788454392.999482,-32.841104,-70.134605,2902.248750,9.2,0.000000,6.6,7.2
1788454398.999549,-32.841006,-70.134587,2905.737356,9.1,1.843745,8.2,8.0
1788454404.999603,-32.840909,-70.134569,2913.299501,13.8,1.927577,7.9,7.7
1788454409.999654,-32.840818,-70.134544,2912.143579,6.8,2.019258,8.1,7.6
1788454414.999685,-32.840730,-70.134519,2910.807175,14.1,0.000000,6.2,6.8
1788454414.999685,-32.840730,-70.134519,2910.807175,14.1,0.000000,6.2,6.8
1788454419.999702,-32.840636,-70.134493,2911.169349,10.0,2.080057,6.8,6.4
1788454425.999710,-32.840556,-70.134478,2910.392618,13.9,0.000000,5.9,6.0
1788454425.999710,-32.840556,-70.134478,2910.392618,13.9,0.000000,5.9,6.0
1788454431.999708,-32.840436,-70.134450,2909.995979,11.3,2.063629,6.3,6.2
1788454436.999703,-32.840342,-70.134446,2911.989051,6.8,2.043910,5.5,7.7
1788454441.999694,-32.840243,-70.134434,2913.954782,12.6,1.910029,6.1,9.3
1788454447.999681,-32.840153,-70.134389,2914.295877,12.5,1.921532,7.8,9.8
1788454453.999665,-32.840054,-70.134364,2914.411774,12.3,2.023384,8.7,8.7
1788454459.999647,-32.839955,-70.134340,2915.631206,15.6,0.000000,8.6,8.0
1788454459.999647,-32.839955,-70.134340,2915.631206,15.6,0.000000,8.6,8.0
1788454464.999633,-32.839864,-70.134331,2913.558284,6.2,2.036251,7.5,7.8
1788454468.999620,-32.839775,-70.134301,2914.273684,17.6,3.204677,7.1,8.0
1788454474.999601,-32.839682,-70.134288,2914.932774,11.9,0.000000,7.7,8.0
1788454474.999601,-32.839682,-70.134288,2914.932774,11.9,0.000000,7.7,8.0
1788454482.999576,-32.839552,-70.134253,2914.321039,9.5,1.965330,7.9,7.2
1788454488.999555,-32.839457,-70.134230,2914.122015,9.8,0.000000,7.7,6.8
1788454493.999539,-32.839353,-70.134215,2915.144390,9.7,2.008038,7.7,6.7
1788454498.999522,-32.839261,-70.134203,2915.906880,3.5,1.919144,7.7,8.4
1788454504.999502,-32.839153,-70.134174,2913.700895,11.1,2.142052,7.7,9.0
1788454509.999486,-32.839050,-70.134145,2916.082348,11.0,1.969685,8.5,10.2
1788454515.999466,-32.838943,-70.134136,2915.838163,13.0,1.988920,8.9,11.4
1788454522.999803,-32.838837,-70.134104,2917.347241,12.4,2.158950,11.3,10.6
1788454528.999831,-32.838734,-70.134084,2914.234530,6.0,0.000000,8.5,11.1
1788454528.999831,-32.838734,-70.134084,2914.234530,6.0,0.000000,8.5,11.1
1788454534.999864,-32.838639,-70.134052,2925.543513,13.0,2.105706,8.1,10.9
1788454540.999873,-32.838538,-70.134036,2922.034384,14.3,0.000000,6.2,11.2
1788454540.999873,-32.838538,-70.134036,2922.034384,14.3,0.000000,6.2,11.2
1788454545.999872,-32.838444,-70.134028,2921.853157,1.2,1.924589,8.5,11.6
1788454550.999868,-32.838352,-70.133996,2922.483374,11.1,2.073545,8.2,11.2
1788454555.999862,-32.838261,-70.133970,2919.835427,18.6,2.157365,7.9,11.5
1788454561.999850,-32.838163,-70.133954,2917.580299,1.9,0.000000,6.8,12.0
1788454561.999850,-32.838163,-70.133954,2917.580299,1.9,0.000000,6.8,12.0
1788454566.999840,-32.838071,-70.133947,2918.502875,355.0,2.426666,10.8,11.0
1788454568.999835,-32.837979,-70.133927,2916.625330,9.6,4.902524,10.7,10.9
1788454571.999827,-32.837870,-70.133890,2918.714732,13.8,4.149528,10.6,10.2
1788454574.999821,-32.837782,-70.133859,2918.656359,15.4,3.393144,10.1,9.7
1788454578.999810,-32.837672,-70.133807,2919.456545,21.7,3.330692,9.4,9.0
1788454582.999801,-32.837569,-70.133737,2920.037622,32.1,3.420051,8.7,8.5
1788454585.999792,-32.837481,-70.133667,2919.270095,35.9,4.176934,8.2,8.1
1788454588.999784,-32.837382,-70.133577,2918.215783,37.9,4.771481,8.1,8.1
1788454591.999775,-32.837281,-70.133487,2916.950341,35.5,4.524198,7.8,7.6
1788454594.999768,-32.837203,-70.133378,2919.198097,46.9,4.026799,7.7,7.4
1788454597.999759,-32.837146,-70.133240,2917.097604,66.9,5.182351,7.2,6.9
1788454601.999749,-32.837122,-70.133110,2917.002924,82.4,2.887587,6.6,6.5
1788454604.999740,-32.837064,-70.133005,2914.544874,39.6,4.000812,6.3,6.3
1788454610.999724,-32.837015,-70.133043,2914.420251,296.1,0.000000,6.7,6.4
1788454610.999724,-32.837015,-70.133043,2914.420251,296.1,0.000000,6.7,6.4
1788454619.999698,-32.836928,-70.133105,2913.282306,345.2,2.784598,5.9,7.0
1788454622.999689,-32.836901,-70.132966,2909.708969,95.1,4.893549,6.2,7.1
1788454624.999683,-32.836891,-70.132839,2908.256328,79.6,5.916167,6.0,6.9
1788454626.999677,-32.836756,-70.132784,2902.163776,13.4,7.914608,6.3,6.5
1788454628.999673,-32.836675,-70.132639,2897.170086,61.2,8.499852,5.7,6.1
1788454630.999666,-32.836507,-70.132556,2890.249121,18.6,10.187027,4.8,4.9
1788454631.999663,-32.836422,-70.132489,2885.119377,32.4,11.267903,4.1,4.3
1788454632.999660,-32.836322,-70.132387,2879.730889,38.2,13.752687,4.4,4.9
1788454633.999658,-32.836209,-70.132262,2873.688789,39.8,16.672633,4.6,5.0
1788454634.999655,-32.836082,-70.132131,2867.720502,40.2,18.906276,5.3,6.2
1788454635.999652,-32.835966,-70.132004,2864.754742,43.0,19.200793,8.9,9.7
1788454636.999649,-32.835851,-70.131855,2863.899270,48.0,19.027011,7.6,7.9
1788454637.999647,-32.835792,-70.131702,2864.252923,59.5,16.433479,8.5,9.6
1788454639.999641,-32.835839,-70.131480,2865.627319,91.8,10.108628,7.6,8.6
1788454641.999635,-32.835847,-70.131330,2865.640503,88.9,6.583484,7.2,7.4
1788454648.000014,-32.835837,-70.131433,2866.886863,268.5,0.000000,6.7,6.6
1788454648.000014,-32.835837,-70.131433,2866.886863,268.5,0.000000,6.7,6.6
1788454650.000015,-32.835858,-70.131538,2865.146901,260.4,5.141629,6.5,6.5
1788454652.000019,-32.835892,-70.131640,2864.194713,250.3,4.905323,6.8,6.7
1788454655.000023,-32.835945,-70.131735,2865.165844,231.3,3.196230,6.9,6.6
1788454661.000024,-32.835948,-70.131749,2864.672737,245.7,0.000000,7.8,6.9
1788454661.000024,-32.835948,-70.131749,2864.672737,245.7,0.000000,7.8,6.9
1788454721.999854,-32.835951,-70.131760,2863.808336,252.9,0.021863,7.7,7.2
1788454764.999730,-32.836006,-70.131672,2861.571270,84.5,0.287131,7.5,6.7
1788454777.000152,-32.835999,-70.131562,2864.304554,74.8,1.061779,5.7,5.9
1788454786.000125,-32.835983,-70.131446,2866.126425,79.8,1.067858,5.7,5.8
1788454793.000091,-32.835967,-70.131331,2867.372831,80.1,1.467269,4.9,5.2
1788454802.000049,-32.835949,-70.131214,2868.779087,82.9,1.389418,4.7,4.8
1788454810.000018,-32.835943,-70.131100,2870.470220,82.4,1.312392,4.5,4.9
1788454816.999991,-32.835910,-70.130996,2872.367603,70.4,1.452461,5.7,5.7
1788454824.999963,-32.835901,-70.130881,2873.392222,67.5,1.210092,5.2,5.7
1788454831.999940,-32.835882,-70.130774,2876.355643,80.6,1.377128,5.8,5.7
1788454839.999913,-32.835865,-70.130657,2879.250734,76.2,1.570976,5.6,5.7
1788454845.999894,-32.835808,-70.130568,2878.637308,44.0,2.320070,5.6,5.6
1788454851.999875,-32.835743,-70.130517,2879.607343,7.8,0.000000,5.8,5.7
1788454851.999875,-32.835743,-70.130517,2879.607343,7.8,0.000000,5.8,5.7
1788454859.999848,-32.835655,-70.130469,2876.932115,18.5,2.362398,5.7,5.7
1788454862.999839,-32.835564,-70.130424,2877.490730,15.6,3.126533,5.7,5.8
1788454866.999826,-32.835466,-70.130376,2875.995467,21.5,2.906049,5.8,5.8
1788454872.999806,-32.835406,-70.130314,2877.391276,28.6,0.000000,6.0,5.8
1788454872.999806,-32.835406,-70.130314,2877.391276,28.6,0.000000,6.0,5.8
1788454877.999791,-32.835319,-70.130264,2873.539110,22.4,2.885162,5.2,5.6
1788454880.999780,-32.835244,-70.130199,2873.682584,38.2,2.644562,5.1,5.1
1788454885.999765,-32.835158,-70.130122,2872.356645,25.2,1.469339,5.8,5.6
1788454901.000151,-32.835091,-70.130050,2872.484072,43.6,0.543626,8.3,8.4
1788454913.000118,-32.835046,-70.129931,2872.867449,75.3,2.520134,8.6,8.3
1788454917.000086,-32.835032,-70.129821,2876.049440,64.8,2.469744,7.7,8.0
1788454923.000043,-32.835050,-70.129765,2876.798550,-1.0,0.000000,7.6,7.0
1788454923.000043,-32.835050,-70.129765,2876.798550,-1.0,0.000000,7.6,7.0
1788454935.999972,-32.835051,-70.129648,2872.038262,87.4,1.283938,6.7,7.9
1788454945.999927,-32.835035,-70.129537,2873.179933,77.6,0.709421,9.5,9.0
1788455005.999704,-32.835044,-70.129510,2872.811241,74.6,0.000000,9.0,9.5
1788455066.999941,-32.835026,-70.129510,2875.149155,69.8,0.063287,8.7,9.9
1788455127.999704,-32.835018,-70.129491,2873.518138,41.8,0.000000,8.8,8.7
1788455188.999977,-32.835098,-70.129455,2872.531089,-1.0,0.000000,5.9,41.6
1788455197.999936,-32.835131,-70.129345,2872.706138,-1.0,0.740255,8.0,53.8
1788466194.000015,-32.834991,-70.127275,2866.675233,125.7,0.474532,6.6,6.2
1788466209.000142,-32.834966,-70.127157,2866.604357,87.0,1.934049,5.7,6.7
1788466216.000120,-32.834965,-70.127027,2870.799663,87.0,2.245979,6.0,5.9
1788466223.000092,-32.834964,-70.126902,2872.807679,90.8,1.992325,6.4,5.8
1788466229.000071,-32.834961,-70.126795,2876.593308,90.1,1.647728,6.5,6.1
1788466234.000058,-32.834964,-70.126683,2879.543642,90.4,2.025169,5.0,5.6
1788466240.000044,-32.834957,-70.126564,2880.643067,82.1,0.000000,5.7,5.4
1788466240.000044,-32.834957,-70.126564,2880.643067,82.1,0.000000,5.7,5.4
1788466246.000033,-32.834960,-70.126445,2885.648331,87.9,2.059715,5.7,5.2
1788466252.000024,-32.834960,-70.126339,2887.478431,91.5,0.000000,5.3,5.5
1788466252.000024,-32.834960,-70.126339,2887.478431,91.5,0.000000,5.3,5.5
1788466257.000016,-32.834958,-70.126215,2890.259790,89.5,1.988605,5.3,5.5
1788466263.000009,-32.834955,-70.126094,2893.461823,89.9,2.034676,4.9,5.5
1788466269.000001,-32.834954,-70.125984,2897.797386,90.2,0.000000,4.5,5.4
1788466269.000001,-32.834954,-70.125984,2897.797386,90.2,0.000000,4.5,5.4
1788466274.999994,-32.834949,-70.125874,2900.274630,88.6,1.946339,5.2,5.9
1788466280.999987,-32.834942,-70.125753,2904.390066,83.8,2.003247,4.9,5.5
1788466286.999980,-32.834948,-70.125650,2909.409035,88.7,0.000000,5.7,5.5
1788466286.999980,-32.834948,-70.125650,2909.409035,88.7,0.000000,5.7,5.5
1788466292.999974,-32.834944,-70.125542,2913.954963,78.5,1.582928,6.0,5.6
1788466298.999966,-32.834946,-70.125423,2919.091073,87.4,1.843900,6.2,5.4
1788466306.999958,-32.834951,-70.125287,2924.529751,91.7,1.723496,5.9,5.6
1788466312.999951,-32.834944,-70.125164,2927.971638,89.3,2.063440,6.1,5.8
1788466318.999945,-32.834939,-70.125047,2929.853218,92.0,0.000000,5.9,5.7
1788466318.999945,-32.834939,-70.125047,2929.853218,92.0,0.000000,5.9,5.7
1788466325.999938,-32.834939,-70.124927,2933.076645,91.1,0.000000,6.0,5.8
1788466330.999932,-32.834936,-70.124811,2936.778983,81.8,1.941637,5.9,5.6
1788466340.000212,-32.834932,-70.124650,2942.837167,88.7,1.937928,6.0,5.7
1788466346.000190,-32.834933,-70.124533,2947.532968,96.0,1.876687,5.9,5.9
1788466352.000154,-32.834933,-70.124412,2949.760187,90.9,2.078298,6.0,5.9
1788466358.000127,-32.834932,-70.124318,2950.982566,87.6,0.000000,6.5,6.2
1788466358.000127,-32.834932,-70.124318,2950.982566,87.6,0.000000,6.5,6.2
1788466363.000108,-32.834930,-70.124197,2949.504829,87.9,1.760013,6.4,5.9
1788466369.000089,-32.834936,-70.124066,2953.125923,87.7,1.815232,6.0,5.7
1788466375.000073,-32.834933,-70.123943,2954.556588,87.4,1.991924,5.6,5.6
1788466381.000060,-32.834936,-70.123826,2956.802957,88.2,1.956155,5.8,5.5
1788466387.000047,-32.834932,-70.123709,2958.686606,96.0,1.998198,5.7,5.4
1788466393.000035,-32.834927,-70.123592,2961.773481,86.3,1.889858,5.9,5.3
1788466399.000024,-32.834925,-70.123475,2964.291796,83.3,1.804783,5.7,5.3
1788466406.000012,-32.834921,-70.123357,2966.952443,93.9,0.000000,6.3,5.7
1788466411.000004,-32.834917,-70.123246,2969.605828,81.3,1.834689,6.2,5.7
1788466416.999993,-32.834926,-70.123121,2974.010355,94.4,1.950162,6.4,5.8
1788466422.999983,-32.834920,-70.123008,2977.187721,91.8,1.975386,6.0,5.5
1788466428.999973,-32.834917,-70.122893,2980.139408,84.5,1.901583,6.2,5.4
1788466434.999963,-32.834913,-70.122767,2982.183207,80.6,2.144614,5.0,5.3
1788466440.999953,-32.834914,-70.122665,2983.343796,96.3,0.000000,5.0,5.7
1788466440.999953,-32.834914,-70.122665,2983.343796,96.3,0.000000,5.0,5.7
1788466445.999945,-32.834901,-70.122557,2983.535005,76.4,1.986729,3.4,6.2
1788466452.999933,-32.834921,-70.122441,2987.022859,97.0,1.493873,5.1,5.8
1788466463.000275,-32.834907,-70.122297,2989.579010,87.4,1.366986,5.7,6.6
1788466471.000228,-32.834916,-70.122187,2990.167260,85.9,1.682546,5.7,6.8
1788466479.000159,-32.834924,-70.122063,2991.358548,85.9,1.530796,5.7,6.8
1788466489.000095,-32.834923,-70.121929,2992.302701,84.9,1.503422,6.6,7.1
1788466497.000059,-32.834908,-70.121810,2992.226307,79.9,1.515911,5.6,6.8
1788466503.000036,-32.834921,-70.121682,2994.073257,92.4,2.132454,4.7,6.3
1788466509.000016,-32.834910,-70.121562,2993.888670,90.9,0.000000,5.0,6.0
1788466509.000016,-32.834910,-70.121562,2993.888670,90.9,0.000000,5.0,6.0
1788466514.999999,-32.834906,-70.121439,2996.558585,90.2,1.920978,4.8,5.9
1788466520.999982,-32.834919,-70.121327,2997.377547,88.6,2.146454,5.8,5.8
1788466526.999967,-32.834919,-70.121208,2996.087614,88.1,0.000000,5.3,5.8
1788466526.999967,-32.834919,-70.121208,2996.087614,88.1,0.000000,5.3,5.8
1788466531.999954,-32.834917,-70.121089,2998.201627,91.4,2.948526,4.9,5.6
1788466537.999939,-32.834978,-70.121063,2998.183165,192.9,0.000000,5.7,5.6
1788466537.999939,-32.834978,-70.121063,2998.183165,192.9,0.000000,5.7,5.6
1788466599.000172,-32.834965,-70.121082,2996.667745,-1.0,0.000000,7.9,6.6
1788466613.000075,-32.835060,-70.121056,2995.922434,183.3,1.662540,6.4,6.3
1788466618.000050,-32.835128,-70.121165,2995.733025,248.1,3.747604,5.6,5.8
1788466620.000041,-32.835144,-70.121303,2993.794240,263.4,6.404968,5.6,5.9
1788466622.000032,-32.835140,-70.121469,2991.360636,274.3,7.917105,5.1,5.2
1788466624.000023,-32.835082,-70.121627,2990.280518,295.8,7.978573,3.9,3.8
1788466626.000015,-32.834984,-70.121709,2989.098599,324.7,6.588010,4.0,3.8
1788466628.000007,-32.834895,-70.121684,2988.669587,11.9,5.279430,4.1,4.8
1788466630.000000,-32.834821,-70.121617,2987.284137,34.1,5.180105,4.0,4.8
1788466632.999989,-32.834727,-70.121545,2986.863437,31.1,4.341079,4.3,4.9
1788466635.999979,-32.834633,-70.121486,2987.020847,22.3,3.955915,4.2,4.7
1788466638.999969,-32.834529,-70.121465,2986.111230,7.1,4.073960,4.2,4.7
1788466640.999962,-32.834415,-70.121461,2983.655193,359.8,6.344177,4.1,4.7
1788466642.999956,-32.834308,-70.121459,2984.697362,0.5,5.556589,4.5,4.5
1788466646.999943,-32.834217,-70.121487,2985.258077,333.5,2.388724,4.7,4.9
1788466651.999927,-32.834141,-70.121563,2984.030250,303.0,2.223537,4.9,5.4
1788466657.999909,-32.834121,-70.121629,2981.407858,254.5,0.000000,5.8,5.6
1788466657.999909,-32.834121,-70.121629,2981.407858,254.5,0.000000,5.8,5.6
1788466664.999889,-32.834084,-70.121733,2981.766476,314.1,1.956419,6.0,5.4
1788466715.000149,-32.834046,-70.121846,2978.959737,269.4,2.405375,6.2,5.7
1788466719.000136,-32.834002,-70.121970,2979.177654,296.4,3.390312,6.2,5.6
1788466722.000126,-32.833939,-70.122057,2977.796611,313.3,3.619270,6.1,5.7
1788466725.000116,-32.833893,-70.122159,2977.945848,280.9,3.715830,5.9,5.8
1788466727.000102,-32.833965,-70.122232,2975.352115,209.3,5.272842,6.2,6.0
1788466729.000087,-32.834079,-70.122246,2975.661760,178.8,6.017769,5.9,5.9
1788466731.000074,-32.834152,-70.122337,2974.731222,237.7,6.318736,5.5,5.7
1788466733.000062,-32.834096,-70.122476,2971.724273,294.9,6.953980,5.6,5.5
1788466735.000050,-32.833975,-70.122550,2971.623889,332.4,6.959092,5.7,5.5
1788466737.000038,-32.833890,-70.122625,2972.095840,315.9,6.031914,5.8,5.2
1788466739.000028,-32.833948,-70.122753,2970.014185,231.9,6.733018,5.1,4.9
1788466741.000018,-32.834068,-70.122810,2967.686267,201.9,7.012262,4.9,4.5
1788466743.000008,-32.834195,-70.122825,2966.800145,188.0,6.905302,3.7,4.1
1788466744.999999,-32.834243,-70.122956,2963.011509,255.3,7.241495,4.7,4.8
1788466746.999989,-32.834154,-70.123074,2957.953178,314.6,6.997495,4.5,5.0
1788466748.999981,-32.834049,-70.123112,2957.867811,338.9,6.043427,5.3,5.3
1788466750.999972,-32.834015,-70.123227,2957.330317,272.4,5.972122,5.5,5.3
1788466752.999965,-32.834112,-70.123333,2953.027512,223.8,7.399365,6.2,5.9
1788466754.999956,-32.834252,-70.123376,2952.175554,193.6,7.636437,6.0,6.0
1788466756.999949,-32.834377,-70.123373,2951.853854,180.7,6.576075,4.6,5.1
1788466758.999940,-32.834429,-70.123465,2950.670777,241.5,5.680128,4.1,4.5
1788466760.999933,-32.834450,-70.123628,2946.640419,257.3,8.023898,4.3,4.4
1788466762.999925,-32.834481,-70.123834,2944.498011,258.3,9.911574,4.4,4.4
1788466763.999922,-32.834498,-70.123940,2942.501709,257.8,10.252683,4.0,4.2
1788466764.999918,-32.834522,-70.124048,2940.907787,255.4,10.522926,4.1,4.3
1788466766.999910,-32.834602,-70.124248,2940.180202,244.7,10.475841,3.2,3.5
1788466768.999904,-32.834644,-70.124431,2939.092047,257.8,9.178375,3.0,3.1
1788466770.999897,-32.834709,-70.124596,2940.135146,235.8,8.253496,3.0,3.2
1788466776.999875,-32.834743,-70.124575,2939.650658,255.2,0.000000,5.5,5.0
1788466776.999875,-32.834743,-70.124575,2939.650658,255.2,0.000000,5.5,5.0
1788466811.999758,-32.834652,-70.124595,2936.740108,355.7,0.647184,5.6,5.5
1788466821.999725,-32.834565,-70.124550,2937.173564,12.5,2.381583,4.8,5.4
1788466824.999715,-32.834463,-70.124557,2935.598976,351.2,3.603384,4.6,5.3
1788466827.999704,-32.834357,-70.124565,2935.927080,357.7,3.864753,4.7,5.1
1788466830.999695,-32.834253,-70.124567,2935.561849,1.5,3.700530,4.6,4.9
1788466833.999685,-32.834140,-70.124564,2935.527133,359.9,4.499102,4.8,4.8
1788466837.000103,-32.834027,-70.124523,2934.768704,18.5,4.183640,4.7,4.9
1788466840.000105,-32.833924,-70.124457,2933.143982,32.6,4.645906,4.2,4.9
1788466843.000101,-32.833827,-70.124356,2932.377228,41.3,4.769370,4.4,5.0
1788466846.000099,-32.833714,-70.124266,2931.701353,25.2,5.663684,4.9,5.5
1788466848.000095,-32.833600,-70.124298,2930.546549,344.4,6.606495,5.2,5.6
1788466850.000095,-32.833475,-70.124345,2928.060969,343.4,6.784758,5.1,5.3
1788466853.000078,-32.833399,-70.124406,2929.125698,304.5,4.295440,4.9,4.9
1788466855.000068,-32.833430,-70.124542,2926.242148,248.7,6.591224,4.7,4.8
1788466857.000058,-32.833556,-70.124606,2922.924850,201.2,7.520631,4.5,4.6
1788466859.000049,-32.833670,-70.124601,2923.057860,177.7,6.289951,4.4,4.8
1788466865.000023,-32.833636,-70.124722,2920.279777,317.9,0.000000,4.7,4.7
1788466865.000023,-32.833636,-70.124722,2920.279777,317.9,0.000000,4.7,4.7
1788466867.000014,-32.833554,-70.124807,2919.533426,323.2,5.845583,4.5,4.3
1788466869.000005,-32.833464,-70.124861,2918.974945,330.6,5.636774,4.4,4.2
1788466871.999993,-32.833468,-70.125001,2916.051990,244.1,5.548727,4.3,4.1
1788466873.999985,-32.833592,-70.125084,2914.271817,208.6,7.391079,4.8,5.0
1788466875.999977,-32.833708,-70.125100,2913.387038,189.6,6.489274,4.7,5.3
1788466877.999969,-32.833773,-70.125222,2909.814635,248.3,6.988602,5.5,5.7
1788466879.999962,-32.833717,-70.125385,2906.980369,293.1,8.062819,4.1,4.3
1788466881.999953,-32.833777,-70.125528,2900.498693,231.6,7.464978,4.2,4.5
1788466883.999947,-32.833893,-70.125534,2898.817780,176.8,5.827832,5.5,5.2
1788466888.999927,-32.833994,-70.125555,2899.332192,207.3,0.000000,5.3,5.9
1788466888.999927,-32.833994,-70.125555,2899.332192,207.3,0.000000,5.3,5.9
1788466894.999905,-32.833968,-70.125672,2895.399496,273.5,1.529708,7.1,6.4
1788466909.999850,-32.833962,-70.125786,2891.846184,286.1,3.240917,7.6,8.7
1788466915.999828,-32.833932,-70.125868,2888.271271,248.7,0.000000,9.0,10.7
1788466915.999828,-32.833932,-70.125868,2888.271271,248.7,0.000000,9.0,10.7
1788466919.999814,-32.834028,-70.125858,2888.733734,171.6,2.585423,9.3,11.1
1788466925.999792,-32.834011,-70.125969,2889.166438,328.9,0.000000,11.1,10.6
1788466925.999792,-32.834011,-70.125969,2889.166438,328.9,0.000000,11.1,10.6
1788466937.999749,-32.834004,-70.126103,2886.702512,246.8,4.757129,8.8,8.4
1788466939.999741,-32.834104,-70.126246,2881.715119,230.0,8.943835,8.0,7.9
1788466940.999737,-32.834164,-70.126325,2878.395797,228.1,9.991117,8.8,8.8
1788466941.999734,-32.834229,-70.126417,2876.815559,229.4,10.894099,7.2,7.4
1788466942.999730,-32.834294,-70.126511,2875.511100,229.5,11.383079,7.1,6.9
1788466943.999727,-32.834369,-70.126617,2875.409820,229.3,12.104676,5.8,5.6
1788466944.999723,-32.834437,-70.126716,2872.807412,230.7,12.371363,5.6,5.4
1788466945.999720,-32.834514,-70.126837,2869.563294,232.2,13.603069,4.2,4.4
1788466946.999716,-32.834580,-70.126949,2866.746996,233.9,13.321317,5.8,5.9
1788466947.999712,-32.834649,-70.127063,2866.401885,234.1,13.219420,5.2,5.2
1788466948.999709,-32.834701,-70.127170,2866.182413,237.4,12.322291,4.2,3.9
1788466949.999705,-32.834757,-70.127276,2866.182635,238.2,11.834694,4.7,4.4
1788466950.999702,-32.834796,-70.127381,2866.991151,244.2,11.007848,5.0,4.9
1788466952.999695,-32.834870,-70.127547,2867.005206,237.9,8.257642,4.0,4.0
1788466955.999684,-32.834967,-70.127564,2869.198846,165.6,2.784660,4.9,5.0
1788466961.999662,-32.834997,-70.127517,2865.620195,120.0,0.000000,5.6,5.0
1788466961.999662,-32.834997,-70.127517,2865.620195,120.0,0.000000,5.6,5.0
1788466973.000127,-32.834999,-70.127403,2867.917570,75.6,0.282203,6.8,7.0
1788467018.999888,-32.834999,-70.127286,2866.717126,55.1,1.661215,7.3,7.9
1788467033.999825,-32.834984,-70.127179,2865.669900,87.6,3.122257,6.8,7.3
1788467039.999802,-32.834980,-70.127085,2869.438668,94.0,0.000000,6.7,6.6
1788467039.999802,-32.834980,-70.127085,2869.438668,94.0,0.000000,6.7,6.6
1788467046.999774,-32.834981,-70.126962,2873.857513,94.7,1.968379,5.8,6.1
1788467054.999742,-32.834965,-70.126843,2878.094629,77.2,1.108989,6.5,6.0
1788467063.999706,-32.834967,-70.126717,2879.318424,93.8,1.780857,6.5,5.8
1788467071.999675,-32.834964,-70.126603,2882.171687,80.1,1.408407,6.5,5.9
1788467077.999652,-32.834964,-70.126493,2883.716551,94.0,1.836710,6.0,5.6
1788467083.999628,-32.834962,-70.126374,2886.595352,89.2,1.991350,6.3,5.5
1788467091.000124,-32.834963,-70.126239,2889.103599,88.1,1.930660,6.0,5.4
1788467098.000116,-32.834959,-70.126121,2891.991279,89.5,0.000000,6.3,5.7
1788467107.000074,-32.834958,-70.125948,2897.264020,92.2,0.000000,6.8,5.6
1788467113.000040,-32.834959,-70.125823,2902.226569,90.8,1.933654,5.7,5.4
1788467119.000009,-32.834958,-70.125702,2907.145598,93.1,2.022266,5.1,5.3
1788467124.999979,-32.834953,-70.125595,2909.257353,85.2,0.000000,5.5,5.3
1788467124.999979,-32.834953,-70.125595,2909.257353,85.2,0.000000,5.5,5.3
1788467130.999951,-32.834951,-70.125481,2916.275839,86.6,1.902967,5.2,5.2
1788467137.999920,-32.834941,-70.125363,2919.538558,81.5,1.763382,4.6,5.0
1788467143.999893,-32.834939,-70.125255,2921.982106,89.1,2.495327,4.1,5.6
1788467149.999867,-32.834943,-70.125225,2922.522999,90.1,0.000000,4.2,5.6
1788467149.999867,-32.834943,-70.125225,2922.522999,90.1,0.000000,4.2,5.6
1788467150.999863,-32.834943,-70.125107,2926.131587,92.7,2.715688,3.9,5.1
1788467156.999843,-32.834937,-70.125017,2928.849044,82.8,0.000000,3.6,5.8
1788467156.999843,-32.834937,-70.125017,2928.849044,82.8,0.000000,3.6,5.8
1788467161.999815,-32.834942,-70.124895,2932.057888,91.7,1.859846,3.4,6.2
1788467169.999781,-32.834954,-70.124755,2937.851286,86.7,2.410989,3.3,6.9
1788467175.999755,-32.834952,-70.124663,2940.533600,93.6,0.000000,5.0,7.7
1788467175.999755,-32.834952,-70.124663,2940.533600,93.6,0.000000,5.0,7.7
1788467180.999733,-32.834938,-70.124546,2945.205423,82.2,1.961411,6.4,7.5
1788467185.999712,-32.834933,-70.124436,2947.605559,87.9,2.044723,7.7,7.4
1788467191.999686,-32.834932,-70.124317,2948.319241,88.9,0.000000,7.0,6.8
1788467191.999686,-32.834932,-70.124317,2948.319241,88.9,0.000000,7.0,6.8
1788467197.999660,-32.834930,-70.124198,2950.570294,85.5,1.888060,7.2,7.1
1788467203.999635,-32.834934,-70.124081,2951.703777,90.9,1.737076,7.3,6.6
1788467209.999609,-32.834935,-70.123954,2954.350252,88.5,1.986569,6.1,6.2
1788467216.000133,-32.834930,-70.123839,2956.200843,85.7,1.886631,5.5,6.0
1788467222.000121,-32.834932,-70.123717,2959.907074,90.1,2.000378,6.3,5.8
1788467228.000101,-32.834936,-70.123601,2959.733244,92.5,0.000000,5.9,5.6
1788467228.000101,-32.834936,-70.123601,2959.733244,92.5,0.000000,5.9,5.6
1788467234.000059,-32.834930,-70.123486,2963.446758,83.8,1.946198,4.9,5.4
1788467240.000021,-32.834918,-70.123367,2964.325056,75.3,1.836983,5.9,5.5
1788467246.999981,-32.834928,-70.123229,2970.105374,87.1,1.906451,6.3,5.9
1788467252.999950,-32.834930,-70.123118,2972.541684,90.3,1.838034,6.5,6.1
1788467258.999919,-32.834925,-70.123002,2976.553970,87.7,1.878140,6.8,6.3
1788467264.999890,-32.834938,-70.122891,2979.720413,91.1,1.747308,6.8,6.5
1788467270.999860,-32.834927,-70.122761,2980.838912,88.8,2.004785,6.9,6.1
1788467276.999832,-32.834921,-70.122635,2983.054031,89.5,0.000000,6.8,5.7
1788467276.999832,-32.834921,-70.122635,2983.054031,89.5,0.000000,6.8,5.7
1788467288.999777,-32.834928,-70.122396,2983.479345,87.0,1.907609,8.5,7.4
1788467295.999745,-32.834925,-70.122278,2985.277875,87.2,0.000000,6.1,5.7
1788467299.999727,-32.834918,-70.122167,2984.439837,90.2,2.044909,5.1,6.0
1788467305.999699,-32.834919,-70.122042,2986.991569,87.1,0.000000,7.8,6.6
1788467305.999699,-32.834919,-70.122042,2986.991569,87.1,0.000000,7.8,6.6
1788467311.999672,-32.834913,-70.121928,2988.545560,87.8,1.904816,7.3,6.9
1788467317.999645,-32.834908,-70.121814,2989.397493,89.1,2.005586,7.3,7.1
1788467323.999617,-32.834902,-70.121695,2991.612959,75.1,0.000000,7.6,7.2
1788467323.999617,-32.834902,-70.121695,2991.612959,75.1,0.000000,7.6,7.2
1788467328.999595,-32.834907,-70.121588,2992.047325,95.9,2.054767,8.2,7.8
1788467334.999568,-32.834906,-70.121481,2994.051892,89.6,0.000000,8.2,8.1
1788467334.999568,-32.834906,-70.121481,2994.051892,89.6,0.000000,8.2,8.1
1788467339.999545,-32.834907,-70.121374,2996.238032,93.7,0.000000,7.5,7.9
1788467345.000074,-32.834906,-70.121257,2996.018685,88.8,1.999545,7.5,7.7
1788467351.000070,-32.834901,-70.121138,2996.210479,87.1,1.924763,6.6,7.2
1788467356.000057,-32.834970,-70.121055,2995.547672,154.7,2.378956,7.4,7.1
1788467362.000024,-32.835018,-70.121032,2997.099250,160.2,0.000000,7.3,6.8
1788467362.000024,-32.835018,-70.121032,2997.099250,160.2,0.000000,7.3,6.8
1788467373.999964,-32.835109,-70.121087,2995.784251,242.5,1.483844,7.8,6.7
1788467377.999945,-32.835171,-70.121227,2993.131367,242.7,5.088450,7.1,6.6
1788467379.999935,-32.835229,-70.121378,2990.825773,247.5,7.496959,6.7,6.2
1788467381.999926,-32.835218,-70.121520,2986.991449,281.2,6.959759,5.5,5.6
1788467383.999916,-32.835202,-70.121705,2987.139454,270.9,8.526213,5.7,6.4
1788467384.999911,-32.835238,-70.121822,2985.622225,251.9,10.293197,6.9,7.6
1788467386.999901,-32.835291,-70.122013,2978.691082,262.6,10.016009,9.3,9.7
1788467387.999896,-32.835257,-70.122115,2976.637262,285.5,10.032813,6.8,7.8
1788467388.999891,-32.835207,-70.122229,2975.508860,293.8,10.858632,8.9,9.1
1788467389.999886,-32.835213,-70.122350,2974.863569,272.3,10.682659,8.2,7.7
1788467391.999877,-32.835303,-70.122551,2971.132555,245.2,10.529619,7.2,6.2
1788467392.999872,-32.835310,-70.122667,2970.312702,261.8,10.404652,6.1,5.4
1788467393.999868,-32.835284,-70.122787,2970.527091,279.8,10.711548,5.2,5.3
1788467395.999858,-32.835202,-70.122954,2966.798203,289.8,9.683392,6.2,5.8
1788467397.999850,-32.835301,-70.123104,2960.513029,229.5,8.475210,6.0,5.3
1788467399.999839,-32.835410,-70.123098,2962.425838,180.3,5.326794,5.9,5.4
1788467405.999810,-32.835393,-70.123105,2963.134283,254.9,0.000000,7.5,6.4
1788467405.999810,-32.835393,-70.123105,2963.134283,254.9,0.000000,7.5,6.4
1788467437.999660,-32.835295,-70.123138,2960.246697,326.2,2.185184,7.8,7.0
1788467443.999632,-32.835286,-70.123138,2961.273359,327.1,0.000000,11.2,8.7
1788467443.999632,-32.835286,-70.123138,2961.273359,327.1,0.000000,11.2,8.7
1788467504.999894,-32.835282,-70.123214,2960.691053,339.2,0.382811,10.1,8.7
1788467510.999866,-32.835243,-70.123315,2959.477869,301.1,3.398806,8.4,8.1
1788467516.999837,-32.835222,-70.123355,2957.995172,-1.0,0.000000,10.3,8.4
1788467516.999837,-32.835222,-70.123355,2957.995172,-1.0,0.000000,10.3,8.4
1788467533.999756,-32.835252,-70.123483,2952.360288,226.5,3.877099,9.2,8.2
1788467535.999747,-32.835349,-70.123507,2951.812472,188.1,4.623515,8.8,7.9
1788467541.999719,-32.835399,-70.123526,2952.031160,199.2,0.000000,8.4,7.2
1788467541.999719,-32.835399,-70.123526,2952.031160,199.2,0.000000,8.4,7.2
1788467593.000010,-32.835374,-70.123637,2946.873989,287.3,3.378803,6.4,6.4
1788467595.000008,-32.835280,-70.123731,2943.651994,320.8,6.522771,6.1,6.3
1788467597.000013,-32.835291,-70.123863,2941.819508,248.1,6.415336,6.0,6.4
1788467599.000008,-32.835410,-70.123994,2937.074023,226.8,8.226338,6.0,5.9
1788467600.000011,-32.835395,-70.124100,2934.986894,268.5,8.520572,6.6,6.8
1788467602.000008,-32.835356,-70.124253,2929.612548,268.2,7.959989,8.3,8.2
1788467604.000007,-32.835356,-70.124437,2924.955286,282.1,8.404937,7.7,8.6
1788467606.000013,-32.835306,-70.124551,2928.250906,287.7,6.313271,7.6,7.8
1788467608.000004,-32.835399,-70.124603,2925.853123,204.3,5.727782,7.9,7.4
1788467610.999991,-32.835518,-70.124657,2923.333765,224.0,5.096992,6.4,6.5
1788467616.999963,-32.835468,-70.124745,2922.375725,-1.0,0.000000,7.1,6.2
1788467616.999963,-32.835468,-70.124745,2922.375725,-1.0,0.000000,7.1,6.2
1788467627.999912,-32.835407,-70.124842,2921.986446,312.6,2.355282,7.7,7.1
1788467630.999899,-32.835314,-70.124949,2919.347823,317.5,4.971297,7.3,7.4
1788467632.999889,-32.835255,-70.125032,2917.764964,310.2,5.132262,7.3,7.2
1788467634.999879,-32.835210,-70.125129,2916.059856,287.6,5.239760,7.2,7.0
1788467636.999870,-32.835290,-70.125223,2915.073031,220.2,5.681588,7.5,6.8
1788467638.999860,-32.835381,-70.125236,2913.901769,193.1,4.855661,6.8,6.9
1788467640.999851,-32.835372,-70.125348,2909.546171,285.5,5.427642,6.7,6.9
1788467642.999842,-32.835270,-70.125382,2909.762580,347.1,5.270305,7.1,7.3
1788467647.999819,-32.835268,-70.125499,2906.332472,219.0,4.414001,7.8,7.2
1788467650.999804,-32.835355,-70.125604,2904.074182,251.0,5.347379,7.5,7.1
1788467652.999795,-32.835261,-70.125653,2898.942310,342.7,4.497899,6.3,7.0
1788467655.999781,-32.835166,-70.125648,2901.264139,2.9,2.857131,7.7,7.1
1788467661.999752,-32.835151,-70.125657,2900.252689,352.8,0.000000,9.1,7.6
1788467661.999752,-32.835151,-70.125657,2900.252689,352.8,0.000000,9.1,7.6
1788467665.999733,-32.835115,-70.125792,2895.858793,269.9,5.398993,9.0,8.4
1788467667.999724,-32.835209,-70.125941,2891.203825,237.0,8.656714,9.0,8.0
1788467668.999719,-32.835273,-70.126023,2888.350626,229.8,9.843845,8.1,7.4
1788467670.999710,-32.835352,-70.126163,2883.878556,245.6,8.843672,6.3,6.3
1788467672.999700,-32.835346,-70.126375,2875.645963,261.9,9.976039,7.8,6.9
1788467673.999695,-32.835399,-70.126469,2877.597649,241.8,9.819469,7.7,7.0
1788467675.999687,-32.835427,-70.126597,2878.662398,262.5,6.060244,7.5,6.8
1788467681.999657,-32.835438,-70.126608,2877.085659,243.8,0.000000,9.9,7.5
1788467681.999657,-32.835438,-70.126608,2877.085659,243.8,0.000000,9.9,7.5
1788467738.999983,-32.835425,-70.126728,2879.022221,243.4,1.500321,6.6,7.0
1788467744.999953,-32.835458,-70.126849,2876.781158,254.4,2.276320,7.2,7.0
1788467748.999932,-32.835481,-70.126961,2877.211245,255.5,2.499781,7.1,6.8
1788467752.999912,-32.835514,-70.127071,2876.033842,252.6,2.890399,6.5,6.7
1788467756.999893,-32.835528,-70.127198,2875.030544,257.2,2.601864,6.9,6.7
1788467759.999879,-32.835548,-70.127315,2874.429330,257.4,3.694274,6.3,6.5
1788467762.999863,-32.835568,-70.127464,2874.941274,262.8,4.570473,7.1,6.9
1788467765.999848,-32.835588,-70.127614,2874.798673,260.3,4.480189,7.2,7.1
1788467768.999834,-32.835586,-70.127733,2874.283036,282.2,3.389323,7.2,7.0
1788467771.999819,-32.835534,-70.127825,2871.571099,307.5,3.604935,7.0,7.1
1788467773.999810,-32.835465,-70.127901,2869.291651,324.9,5.355136,7.0,6.9
1788467775.999800,-32.835361,-70.127866,2870.858430,22.3,5.842990,6.9,6.7
1788467777.999790,-32.835296,-70.127781,2869.291279,44.7,5.461342,6.8,6.7
1788467779.999781,-32.835227,-70.127668,2867.742330,53.6,6.368550,7.0,6.9
1788467781.999772,-32.835115,-70.127634,2863.370951,9.7,6.055472,8.1,7.6
1788467784.999757,-32.834998,-70.127631,2864.427156,24.7,4.084968,7.7,7.3
1788467788.999737,-32.835014,-70.127520,2863.138378,99.2,2.190746,7.7,7.6
1788467794.999709,-32.835012,-70.127495,2862.590781,144.3,0.000000,7.5,7.3
1788467794.999709,-32.835012,-70.127495,2862.590781,144.3,0.000000,7.5,7.3
1788467802.999670,-32.834997,-70.127389,2864.142164,93.0,0.516648,9.8,8.0
1788467818.999594,-32.834999,-70.127273,2863.668267,108.3,1.266995,7.8,8.7
1788467834.999518,-32.834974,-70.127164,2863.658722,89.0,1.063287,7.1,8.3
1788467839.999493,-32.834971,-70.127034,2866.949129,87.2,2.732029,7.0,8.1
1788467846.000031,-32.834975,-70.126942,2868.275182,86.9,0.000000,7.2,7.6
1788467846.000031,-32.834975,-70.126942,2868.275182,86.9,0.000000,7.2,7.6
1788467853.000028,-32.834973,-70.126829,2871.178081,88.6,1.613811,7.9,8.1
1788467857.000031,-32.834966,-70.126717,2873.374721,81.8,2.823345,8.2,8.2
1788467863.000001,-32.834971,-70.126622,2874.033022,95.4,0.000000,7.5,8.1
1788467863.000001,-32.834971,-70.126622,2874.033022,95.4,0.000000,7.5,8.1
1788467867.999970,-32.834977,-70.126508,2878.333832,94.2,1.770717,8.2,7.9
1788467873.999936,-32.834974,-70.126388,2880.308355,89.5,2.084118,7.4,7.6
1788467879.999903,-32.834972,-70.126275,2883.942324,93.2,0.000000,7.4,7.5
1788467879.999903,-32.834972,-70.126275,2883.942324,93.2,0.000000,7.4,7.5
1788467886.999866,-32.834976,-70.126156,2887.407537,90.1,1.668654,7.1,7.9
1788467892.999835,-32.834965,-70.126030,2891.207657,78.0,2.049063,7.9,7.7
1788467898.999806,-32.834963,-70.125909,2893.473003,86.2,0.000000,8.0,7.8
1788467898.999806,-32.834963,-70.125909,2893.473003,86.2,0.000000,8.0,7.8
1788467904.999776,-32.834966,-70.125795,2898.562017,91.3,1.878591,7.3,7.3
1788467910.999746,-32.834959,-70.125676,2903.404107,85.0,1.868359,6.3,7.5
1788467916.999717,-32.834972,-70.125567,2908.166892,93.0,1.838226,6.1,7.1
1788467922.999688,-32.834968,-70.125459,2911.747904,85.4,1.886526,5.6,7.0
1788467928.999659,-32.834971,-70.125347,2916.425822,89.7,1.754139,5.9,7.0
1788467934.999629,-32.834972,-70.125231,2919.825504,94.8,2.006390,5.8,7.1
1788467940.999600,-32.834969,-70.125122,2922.197666,87.3,0.000000,5.5,7.0
1788467940.999600,-32.834969,-70.125122,2922.197666,87.3,0.000000,5.5,7.0
1788467945.999576,-32.834965,-70.125004,2925.904924,89.4,1.989281,5.3,6.4
1788467951.999547,-32.834957,-70.124892,2929.522647,78.5,1.732142,6.0,6.7
1788467957.999518,-32.834960,-70.124776,2933.568735,85.0,1.897027,5.8,6.8
1788467963.999490,-32.834955,-70.124665,2937.726162,87.6,1.895378,6.0,7.4
1788467973.000011,-32.834954,-70.124532,2942.007598,84.4,0.000000,5.8,8.6
1788467982.000017,-32.834966,-70.124398,2943.216651,86.0,1.372225,6.9,8.4
1788467989.999991,-32.834956,-70.124286,2945.039580,93.1,1.421604,6.5,8.7
1788467996.999957,-32.834951,-70.124168,2947.616793,90.8,1.944221,8.0,8.0
1788468004.999919,-32.834948,-70.124005,2950.847320,86.8,1.931800,8.9,8.3
1788468011.999885,-32.834945,-70.123863,2954.683207,86.0,1.963475,8.6,8.1
1788468017.999856,-32.834941,-70.123736,2956.911553,87.9,1.882203,7.7,7.9
1788468023.999826,-32.834931,-70.123629,2958.823754,91.3,0.000000,8.9,8.3
1788468029.999797,-32.834940,-70.123520,2961.008293,88.5,0.000000,8.9,8.2
1788468034.999773,-32.834936,-70.123400,2964.456388,88.7,1.893543,8.6,7.8
1788468040.999744,-32.834940,-70.123277,2967.344659,89.4,1.887425,8.5,7.6
1788468046.999714,-32.834937,-70.123156,2970.735727,88.2,2.088410,7.6,8.0
1788468052.999685,-32.834932,-70.123042,2972.324154,88.7,0.000000,7.1,7.5
1788468052.999685,-32.834932,-70.123042,2972.324154,88.7,0.000000,7.1,7.5
1788468058.999656,-32.834927,-70.122920,2978.453289,90.0,1.906749,7.6,7.3
1788468064.999627,-32.834937,-70.122802,2979.921266,90.1,2.093912,7.8,7.3
1788468070.999598,-32.834931,-70.122681,2983.981563,87.6,0.000000,7.7,7.2
1788468070.999598,-32.834931,-70.122681,2983.981563,87.6,0.000000,7.7,7.2
1788468076.999568,-32.834928,-70.122557,2985.098501,91.3,1.883475,7.4,6.9
1788468082.999539,-32.834925,-70.122436,2986.603368,88.5,1.952263,7.4,6.7
1788468089.999506,-32.834924,-70.122295,2988.633865,89.4,1.871636,7.6,6.9
1788468095.999476,-32.834926,-70.122175,2990.552391,87.6,1.828385,7.8,7.1
1788468102.000026,-32.834921,-70.122055,2991.129838,87.0,2.128012,7.9,7.6
1788468108.000020,-32.834923,-70.121934,2991.019027,88.1,0.000000,7.8,7.7
1788468108.000020,-32.834923,-70.121934,2991.019027,88.1,0.000000,7.8,7.7
1788468114.000002,-32.834925,-70.121815,2990.131635,87.6,1.805974,7.9,7.6
1788468121.999956,-32.834920,-70.121638,2991.283006,89.7,1.928461,6.9,7.0
1788468127.999924,-32.834915,-70.121509,2992.604609,88.9,1.723168,5.7,6.1
1788468132.999897,-32.834910,-70.121386,2995.083973,88.5,1.991574,6.1,6.3
1788468138.999866,-32.834911,-70.121278,2995.423055,89.2,0.000000,5.7,6.2
1788468143.999841,-32.834910,-70.121166,2995.279458,90.5,1.642420,5.3,6.4
1788468149.999810,-32.834887,-70.121040,2997.070378,56.1,2.497259,6.7,7.0
1788468155.999780,-32.834803,-70.121017,2994.407119,4.2,0.000000,8.7,7.1
1788468155.999780,-32.834803,-70.121017,2994.407119,4.2,0.000000,8.7,7.1
1788468170.999707,-32.834710,-70.121020,2992.676298,5.2,1.415876,8.7,7.7
1788468190.999609,-32.834611,-70.121019,2993.269387,326.1,0.977260,9.5,7.9
1788468223.000012,-32.834519,-70.121010,2992.199115,344.8,0.882329,10.1,8.4
1788468235.000013,-32.834419,-70.121018,2992.697104,359.0,1.776380,8.6,7.7
1788468239.999999,-32.834303,-70.121033,2992.171843,346.3,3.500031,8.2,7.2
1788468241.999992,-32.834196,-70.121091,2993.049491,336.4,6.222530,8.0,7.2
1788468243.999982,-32.834095,-70.121163,2991.421150,328.7,6.844992,7.7,6.9
1788468245.999974,-32.834004,-70.121240,2991.779646,323.0,6.024666,6.7,6.5
1788468248.999960,-32.833965,-70.121349,2990.652260,279.0,3.873957,5.7,5.7
1788468251.999946,-32.833928,-70.121493,2988.196999,301.4,4.754511,4.4,4.9
1788468257.999919,-32.833906,-70.121560,2985.269453,280.2,0.000000,5.0,5.6
1788468257.999919,-32.833906,-70.121560,2985.269453,280.2,0.000000,5.0,5.6
1788468264.999884,-32.833937,-70.121660,2982.923187,250.6,1.916900,5.8,5.9
1788468274.999836,-32.833984,-70.121781,2979.453246,246.9,1.271060,7.0,6.9
1788468282.999796,-32.833993,-70.121896,2977.028495,261.9,1.573501,6.9,6.5
1788468319.999613,-32.833957,-70.122038,2974.771104,297.7,3.802908,7.6,7.5
1788468324.999588,-32.834033,-70.122131,2972.060518,220.4,1.837058,7.5,7.4
1788468327.999573,-32.834028,-70.122239,2969.494582,288.1,4.166175,7.5,7.5
1788468332.999549,-32.834007,-70.122359,2968.139189,275.9,2.399835,7.9,7.5
1788468336.999528,-32.834029,-70.122468,2964.656478,260.3,3.970779,7.6,7.3
1788468342.999499,-32.834023,-70.122571,2960.956416,217.8,0.000000,8.3,7.3
1788468342.999499,-32.834023,-70.122571,2960.956416,217.8,0.000000,8.3,7.3
1788468346.999479,-32.834011,-70.122699,2960.158541,271.7,2.906736,7.3,7.0
1788468349.000033,-32.834041,-70.122825,2957.764770,254.6,6.326296,6.6,6.8
1788468351.000030,-32.834143,-70.122941,2954.424825,215.3,7.809699,5.9,6.2
1788468357.000025,-32.834215,-70.122978,2953.742949,226.6,0.000000,5.7,6.1
1788468357.000025,-32.834215,-70.122978,2953.742949,226.6,0.000000,5.7,6.1
1788468361.000024,-32.834260,-70.123093,2951.081552,243.7,3.092663,5.5,6.2
1788468366.999993,-32.834282,-70.123227,2949.633385,258.0,0.000000,6.2,6.3
1788468366.999993,-32.834282,-70.123227,2949.633385,258.0,0.000000,6.2,6.3
1788468368.999980,-32.834319,-70.123347,2945.825213,252.7,5.942725,6.4,6.6
1788468370.999968,-32.834368,-70.123546,2943.854374,253.8,9.463693,6.5,6.4
1788468372.999956,-32.834439,-70.123757,2939.174912,246.8,10.879457,7.1,6.8
1788468373.999950,-32.834485,-70.123879,2938.658945,244.8,11.831859,6.9,6.7
1788468374.999944,-32.834531,-70.123994,2938.120729,244.0,11.862733,5.8,5.5
1788468375.999937,-32.834572,-70.124106,2937.691853,245.1,11.712263,5.4,5.4
1788468376.999932,-32.834615,-70.124226,2937.152353,247.4,11.904086,4.1,4.4
1788468377.999927,-32.834649,-70.124348,2936.414798,250.9,12.001689,5.3,5.5
1788468378.999920,-32.834684,-70.124463,2935.380394,249.9,11.747118,4.6,4.7
1788468379.999915,-32.834741,-70.124565,2935.372672,239.4,11.335784,5.1,5.2
1788468380.999909,-32.834820,-70.124617,2934.056363,216.9,10.113343,4.5,4.9
1788468382.999898,-32.834932,-70.124562,2935.613434,157.5,5.806412,6.0,6.3
1788468384.999887,-32.835028,-70.124573,2933.760371,183.2,5.700462,6.3,6.7
1788468386.999876,-32.835160,-70.124511,2930.949862,161.1,7.796608,6.3,6.5
1788468387.999871,-32.835243,-70.124459,2929.389933,153.9,9.461613,5.7,6.3
1788468388.999865,-32.835331,-70.124395,2928.850304,150.5,10.851805,5.2,7.0
1788468390.999854,-32.835496,-70.124352,2926.103282,168.9,10.325899,5.5,6.3
1788468392.999844,-32.835651,-70.124396,2926.446691,194.2,8.673364,5.3,5.6
1788468394.999834,-32.835772,-70.124446,2924.176500,196.3,7.342983,5.2,5.4
1788468396.999823,-32.835875,-70.124422,2925.432834,171.7,5.472981,5.5,5.9
1788468402.999792,-32.835956,-70.124428,2925.380142,174.7,0.000000,5.8,5.7
1788468402.999792,-32.835956,-70.124428,2925.380142,174.7,0.000000,5.8,5.7
1788468411.999745,-32.836059,-70.124479,2924.215015,189.8,3.623392,5.9,6.1
1788468414.999731,-32.836185,-70.124494,2922.632671,189.1,4.750209,5.6,6.3
1788468417.999715,-32.836313,-70.124493,2922.603976,179.8,4.247252,5.6,6.2
1788468420.999701,-32.836415,-70.124492,2920.713252,185.3,3.616753,5.4,6.1
1788468426.999671,-32.836490,-70.124531,2920.407398,217.9,0.000000,5.7,5.9
1788468426.999671,-32.836490,-70.124531,2920.407398,217.9,0.000000,5.7,5.9
1788468437.999615,-32.836582,-70.124526,2919.136635,134.1,0.597244,5.0,6.7
1788468498.999944,-32.836624,-70.124432,2919.043674,177.9,0.099231,8.6,7.6
1788468506.999903,-32.836613,-70.124297,2921.738100,84.6,3.696561,6.1,7.1
1788468510.999884,-32.836567,-70.124184,2929.495964,67.4,2.703773,6.6,7.1
1788468514.999863,-32.836534,-70.124049,2933.157300,72.7,3.622717,6.9,7.1
1788468517.999848,-32.836509,-70.123946,2937.587388,71.2,3.571805,6.1,6.9
1788468521.999828,-32.836478,-70.123822,2942.076608,73.7,3.262198,5.8,6.7
1788468525.999807,-32.836445,-70.123696,2948.344001,79.2,3.261721,6.3,6.7
1788468529.999787,-32.836408,-70.123558,2954.106526,75.3,3.786937,6.1,6.7
1788468533.999767,-32.836372,-70.123436,2956.374271,68.4,3.339634,6.0,6.5
1788468536.999753,-32.836351,-70.123326,2959.521847,75.3,3.395793,5.5,6.4
1788468539.999736,-32.836320,-70.123219,2962.375853,68.5,3.405415,5.9,6.4
1788468543.999717,-32.836293,-70.123086,2963.549680,75.2,3.261511,5.8,6.4
1788468546.999701,-32.836262,-70.122980,2966.991868,71.5,3.216877,6.2,6.4
1788468549.999687,-32.836235,-70.122870,2968.961936,75.0,3.273215,6.0,6.2
1788468552.999672,-32.836206,-70.122766,2971.452471,69.6,3.492979,5.7,6.3
1788468555.999657,-32.836179,-70.122658,2976.387874,72.5,3.623564,5.9,6.2
1788468559.999636,-32.836145,-70.122533,2977.862359,72.3,3.169961,5.7,6.5
1788468562.999621,-32.836118,-70.122426,2981.703069,71.7,3.094685,5.7,6.5
1788468565.999607,-32.836087,-70.122314,2982.552312,71.3,3.808531,5.5,6.6
1788468568.999592,-32.836058,-70.122198,2982.873645,72.6,3.835065,5.6,6.6
1788468572.999571,-32.836023,-70.122062,2983.724350,71.8,3.564072,6.0,6.6
1788468576.999551,-32.835986,-70.121924,2986.554867,74.9,3.018493,5.4,6.7
1788468579.999536,-32.835961,-70.121817,2986.471145,72.7,3.362370,5.7,6.5
1788468582.999521,-32.835934,-70.121704,2987.891855,76.2,3.503552,5.2,6.5
1788468585.999506,-32.835909,-70.121599,2988.435429,76.5,2.976504,5.6,6.4
1788468588.999491,-32.835871,-70.121477,2989.406433,69.4,4.100533,5.0,6.4
1788468591.999476,-32.835845,-70.121374,2990.990971,76.0,2.870850,5.1,6.3
1788468594.999461,-32.835818,-70.121267,2992.508337,71.2,3.442702,5.0,6.3
1788468597.999447,-32.835791,-70.121162,2994.854569,73.4,2.801511,5.2,6.1
1788468600.999993,-32.835777,-70.121046,2994.112820,87.2,3.864771,5.8,6.2
1788468606.999996,-32.835845,-70.120988,2994.408520,162.1,0.000000,6.5,6.0
1788468606.999996,-32.835845,-70.120988,2994.408520,162.1,0.000000,6.5,6.0
1788468649.999838,-32.835942,-70.120965,2995.392019,177.9,1.559742,6.8,7.1
1788468653.999818,-32.836034,-70.120920,2993.311929,146.2,3.199628,6.5,7.1
1788468655.999808,-32.836153,-70.120909,2991.909584,178.0,6.119567,5.8,7.0
1788468657.999799,-32.836252,-70.120928,2990.042314,186.7,6.071383,5.8,6.8
1788468659.999788,-32.836350,-70.120893,2988.725088,162.1,5.821662,5.5,6.6
1788468661.999779,-32.836466,-70.120865,2985.339197,176.0,6.410618,5.1,6.1
1788468663.999768,-32.836544,-70.120941,2985.203262,218.6,5.559085,4.4,6.0
1788468665.999758,-32.836620,-70.121017,2986.859241,218.8,4.929307,5.1,5.8
1788468668.999743,-32.836712,-70.120970,2987.060751,127.7,3.524110,4.9,5.8
1788468672.999724,-32.836806,-70.120968,2984.134998,213.6,4.091156,4.8,5.4
1788468675.999709,-32.836836,-70.121071,2983.942886,253.3,2.989497,5.2,5.4
1788468678.999694,-32.836925,-70.121099,2982.125673,169.8,3.964088,4.9,5.3
1788468684.999664,-32.837016,-70.121116,2980.318881,247.4,0.000000,5.7,5.4
1788468684.999664,-32.837016,-70.121116,2980.318881,247.4,0.000000,5.7,5.4
1788468688.999643,-32.837095,-70.121198,2978.645136,214.7,4.104500,5.2,5.1
1788468691.999629,-32.837193,-70.121173,2974.713888,163.3,3.169811,5.1,5.3
1788468695.999608,-32.837274,-70.121253,2973.243237,253.1,4.182839,5.2,5.3
1788468699.999589,-32.837323,-70.121383,2971.562003,234.2,3.828387,5.7,5.7
1788468702.999573,-32.837425,-70.121420,2969.403846,159.4,4.308820,5.6,5.9
1788468705.999559,-32.837506,-70.121309,2970.442897,143.4,4.542223,5.4,6.1
1788468708.999544,-32.837552,-70.121409,2967.048060,241.2,3.108809,5.8,6.3
1788468714.999513,-32.837564,-70.121465,2966.962703,240.0,0.000000,7.3,6.8
1788468714.999513,-32.837564,-70.121465,2966.962703,240.0,0.000000,7.3,6.8
1788468767.999866,-32.837641,-70.121405,2961.404838,211.5,0.820287,10.9,9.1
1788468770.999851,-32.837746,-70.121477,2957.385220,223.4,5.165772,8.0,8.8
1788468773.999837,-32.837830,-70.121430,2956.018255,130.4,3.051048,7.7,8.9
1788468779.999807,-32.837817,-70.121397,2957.392177,91.0,0.000000,8.8,8.8
1788468779.999807,-32.837817,-70.121397,2957.392177,91.0,0.000000,8.8,8.8
1788468799.999707,-32.837868,-70.121486,2955.418398,265.2,0.160001,10.9,9.3
1788468804.999683,-32.837964,-70.121483,2950.910573,147.4,2.303599,9.0,8.8
1788468810.999652,-32.837975,-70.121457,2950.194026,164.1,0.000000,7.6,8.4
1788468810.999652,-32.837975,-70.121457,2950.194026,164.1,0.000000,7.6,8.4
1788468813.999638,-32.838047,-70.121530,2947.429161,240.8,4.303600,7.6,8.2
1788468817.999617,-32.838145,-70.121517,2945.920887,154.8,3.224339,7.3,7.9
1788468823.999587,-32.838193,-70.121487,2944.293103,140.1,0.000000,8.0,7.3
1788468823.999587,-32.838193,-70.121487,2944.293103,140.1,0.000000,8.0,7.3
1788468868.999973,-32.838309,-70.121565,2939.849457,199.0,5.089682,5.5,6.8
1788468870.999964,-32.838452,-70.121660,2935.338521,210.7,9.291268,4.7,6.2
1788468871.999960,-32.838530,-70.121745,2933.287824,219.4,10.976470,4.6,6.6
1788468873.999950,-32.838647,-70.121939,2925.924786,236.0,11.864012,9.5,11.2
1788468874.999946,-32.838693,-70.122070,2922.089780,244.5,13.201473,7.5,10.2
1788468875.999941,-32.838728,-70.122226,2916.158803,253.1,14.811298,5.6,10.1
1788468876.999936,-32.838744,-70.122391,2911.545514,261.3,15.884658,8.7,20.2
1788468877.999932,-32.838737,-70.122546,2910.564191,270.3,15.633427,4.2,11.9
1788468878.999928,-32.838713,-70.122732,2908.360747,279.4,16.018492,5.0,14.8
1788468879.999923,-32.838662,-70.122914,2907.681579,286.6,16.133975,4.3,14.5
1788468880.999917,-32.838561,-70.122967,2907.656865,294.7,13.715601,4.5,7.6
1788468881.999913,-32.838529,-70.123117,2911.760305,289.5,13.162860,4.6,5.8
1788468882.999908,-32.838489,-70.123244,2912.693980,287.7,12.700416,5.3,5.9
1788468883.999903,-32.838454,-70.123361,2912.623931,289.9,11.580545,5.9,6.0
1788468885.999893,-32.838378,-70.123510,2912.001046,302.9,8.443056,6.0,5.8
1788468887.999884,-32.838279,-70.123627,2910.683806,311.9,7.532907,6.6,6.3
1788468889.999874,-32.838214,-70.123745,2910.361554,305.1,6.668256,7.1,6.8
1788468891.999864,-32.838126,-70.123864,2909.580702,312.9,7.342208,6.8,6.3
1788468893.999855,-32.838035,-70.123953,2908.058261,320.6,6.765886,7.5,6.8
1788468895.999846,-32.837944,-70.124030,2906.781400,323.8,6.385647,7.6,6.7
1788468897.999836,-32.837843,-70.124106,2906.033462,327.6,6.647576,7.2,6.6
1788468899.999826,-32.837738,-70.124181,2903.762500,327.3,7.062621,7.6,6.9
1788468901.999816,-32.837619,-70.124265,2903.288790,327.5,7.704471,6.5,6.5
1788468903.999807,-32.837519,-70.124357,2904.495885,321.2,6.920540,6.3,5.9
1788468905.999797,-32.837429,-70.124427,2903.157782,326.2,5.954230,7.4,6.8
1788468908.999783,-32.837301,-70.124526,2902.159376,327.0,5.786666,6.6,6.3
1788468910.999773,-32.837222,-70.124595,2901.539955,324.3,5.590823,6.6,6.3
1788468912.999763,-32.837132,-70.124660,2900.903561,327.4,5.789589,6.9,6.8
1788468914.999753,-32.837043,-70.124749,2899.957008,320.9,6.263675,7.8,7.7
1788468916.999743,-32.836943,-70.124849,2900.744069,319.8,7.086359,8.3,8.5
1788468918.999734,-32.836853,-70.124944,2898.913617,318.5,7.035375,7.6,7.4
1788468920.999724,-32.836741,-70.125046,2899.328524,323.5,7.519346,6.6,6.5
1788468922.999714,-32.836608,-70.125127,2899.153669,334.0,8.336514,8.7,8.5
1788468924.999704,-32.836517,-70.125230,2896.928128,313.6,7.388262,7.1,6.9
1788468926.999694,-32.836425,-70.125352,2895.523286,312.0,7.522851,5.9,5.8
1788468928.999685,-32.836318,-70.125483,2894.055393,315.3,8.485984,6.6,7.0
1788468930.999674,-32.836223,-70.125618,2892.392347,308.1,8.502019,8.6,9.0
1788468932.999664,-32.836144,-70.125778,2891.966318,298.8,8.600976,7.3,7.2
1788468934.999655,-32.836081,-70.125945,2889.894171,294.1,8.456230,6.5,6.7
1788468936.999646,-32.836004,-70.126113,2888.329549,296.7,8.964998,5.9,6.0
1788468938.999636,-32.835949,-70.126292,2887.097631,290.0,9.196133,5.2,4.8
1788468940.999625,-32.835895,-70.126479,2883.900890,289.3,9.384350,6.2,6.1
1788468942.999616,-32.835849,-70.126650,2881.191255,287.6,8.598194,5.3,5.5
1788468944.999606,-32.835807,-70.126828,2879.917745,285.6,8.551613,5.5,5.6
1788468946.999597,-32.835774,-70.127000,2878.188580,281.0,8.433903,5.9,6.3
1788468948.999587,-32.835745,-70.127152,2875.406055,282.6,7.566365,6.5,6.9
1788468950.999577,-32.835712,-70.127321,2875.569835,282.0,7.513741,6.2,6.6
1788468952.999566,-32.835686,-70.127470,2877.337509,280.8,6.795338,7.2,7.3
1788468954.999557,-32.835665,-70.127615,2876.302513,277.3,6.730634,6.4,6.6
1788468956.999547,-32.835667,-70.127741,2876.204022,267.3,5.659442,6.2,6.4
1788468958.999537,-32.835678,-70.127851,2876.778212,263.9,4.823675,6.0,5.9
1788468964.999508,-32.835672,-70.127912,2875.978236,294.3,0.000000,7.2,6.3
1788468964.999508,-32.835672,-70.127912,2875.978236,294.3,0.000000,7.2,6.3
1788468982.999973,-32.835586,-70.127988,2878.633828,336.1,2.565376,7.5,7.5
1788468985.999975,-32.835495,-70.128005,2876.297201,358.6,3.688078,6.7,7.1
1788468988.999979,-32.835379,-70.127948,2875.086676,24.6,4.889444,6.9,6.9
1788468990.999978,-32.835296,-70.127890,2871.908239,34.5,5.256655,6.9,6.8
1788468993.999974,-32.835237,-70.127784,2870.977748,61.6,3.215121,6.1,7.0
1788468996.999962,-32.835145,-70.127664,2868.145131,28.0,5.128668,6.1,7.1
1788468998.999955,-32.835037,-70.127662,2870.265047,9.2,5.513531,6.4,7.3
1788469002.999936,-32.835021,-70.127549,2866.440745,88.0,2.025115,6.0,7.2
1788469008.999911,-32.835007,-70.127494,2866.749778,74.3,0.000000,6.9,7.1
1788469008.999911,-32.835007,-70.127494,2866.749778,74.3,0.000000,6.9,7.1
1788469018.999865,-32.834995,-70.127386,2866.117978,222.5,0.150565,7.5,7.1
1788469034.999789,-32.834983,-70.127277,2865.862876,77.3,0.626637,6.9,7.3
1788469051.999708,-32.834986,-70.127153,2866.199411,80.4,3.297964,5.4,7.0
1788469057.999678,-32.834985,-70.127053,2871.350153,78.1,0.000000,5.5,6.6
1788469057.999678,-32.834985,-70.127053,2871.350153,78.1,0.000000,5.5,6.6
1788469062.999654,-32.834983,-70.126915,2875.555169,91.1,3.071082,5.5,6.1
1788469068.999626,-32.834979,-70.126820,2878.840425,84.4,0.000000,5.6,6.5
1788469068.999626,-32.834979,-70.126820,2878.840425,84.4,0.000000,5.6,6.5
1788469075.999591,-32.834983,-70.126694,2874.642713,92.6,1.643225,6.2,7.0
1788469079.999573,-32.834971,-70.126582,2881.209443,80.7,2.309124,6.4,6.9
1788469085.999543,-32.834982,-70.126467,2884.178472,86.6,0.000000,6.0,6.6
1788469085.999543,-32.834982,-70.126467,2884.178472,86.6,0.000000,6.0,6.6
1788469091.999514,-32.834979,-70.126350,2884.311902,87.6,2.023261,5.5,6.5
1788469097.999485,-32.834975,-70.126231,2886.183195,88.9,0.000000,5.7,6.6
1788469097.999485,-32.834975,-70.126231,2886.183195,88.9,0.000000,5.7,6.6
1788469103.999456,-32.834976,-70.126107,2891.214478,91.7,1.897311,5.3,6.5
1788469109.999950,-32.834970,-70.125988,2897.013165,87.2,1.901500,5.4,6.2
1788469115.999956,-32.834972,-70.125869,2901.509245,86.5,2.414235,5.7,6.1
1788469121.999948,-32.834968,-70.125755,2905.283375,86.9,0.000000,5.7,6.0
1788469121.999948,-32.834968,-70.125755,2905.283375,86.9,0.000000,5.7,6.0
1788469128.999920,-32.834968,-70.125622,2909.603612,88.8,2.091676,5.6,6.0
1788469134.999894,-32.834971,-70.125516,2912.065652,93.8,0.000000,5.1,5.9
1788469134.999894,-32.834971,-70.125516,2912.065652,93.8,0.000000,5.1,5.9
1788469141.999863,-32.834965,-70.125401,2914.244192,88.5,1.446431,5.9,6.5
1788469147.999837,-32.834959,-70.125281,2918.957989,88.0,1.955754,4.8,7.3
1788469153.999809,-32.834948,-70.125153,2922.956525,86.6,1.944017,6.0,7.1
1788469159.999781,-32.834947,-70.125039,2927.838010,93.1,1.985024,6.6,7.0
1788469165.999754,-32.834950,-70.124915,2930.406741,90.3,2.051651,6.4,6.8
1788469171.999726,-32.834953,-70.124803,2936.676310,88.4,0.738266,7.5,7.5
1788469171.999726,-32.834953,-70.124803,2936.676310,88.4,0.000000,7.5,7.5
1788469177.999698,-32.834951,-70.124684,2942.441108,89.7,1.866755,7.0,7.2
1788469183.999669,-32.834953,-70.124559,2945.692235,89.2,2.012014,6.7,7.0
1788469189.999642,-32.834952,-70.124450,2949.512786,89.0,0.000000,7.0,7.0
1788469189.999642,-32.834952,-70.124450,2949.512786,89.0,0.000000,7.0,7.0
1788469194.999619,-32.834949,-70.124338,2950.803571,88.1,1.916694,7.2,7.2
1788469201.999585,-32.834951,-70.124197,2951.456184,87.8,1.920576,6.9,6.9
1788469207.999558,-32.834943,-70.124073,2950.820025,82.9,1.881426,6.1,7.1
1788469212.999535,-32.834946,-70.123960,2954.934972,95.2,1.999389,6.7,7.2
1788469217.999512,-32.834947,-70.123851,2957.321058,84.7,1.884798,6.0,6.6
1788469223.999483,-32.834944,-70.123728,2959.584490,89.8,2.095269,5.0,6.5
1788469229.999455,-32.834937,-70.123607,2961.512321,90.0,0.000000,6.0,6.3
1788469229.999455,-32.834937,-70.123607,2961.512321,90.0,0.000000,6.0,6.3
1788469235.999942,-32.834943,-70.123493,2961.162242,89.1,1.729281,5.8,6.5
1788469241.999949,-32.834933,-70.123361,2965.548772,87.3,1.992955,5.2,6.3
1788469247.999942,-32.834937,-70.123254,2968.096901,92.1,1.498160,5.5,6.3
1788469256.999907,-32.834943,-70.123146,2971.076706,88.1,1.237057,5.3,6.5
1788469301.999717,-32.834940,-70.123023,2975.650416,94.1,0.000000,6.3,7.8
1788469307.999690,-32.834933,-70.122911,2979.554403,89.4,1.651032,6.5,7.4
1788469313.999663,-32.834936,-70.122788,2979.948685,89.7,2.050935,6.4,7.0
1788469318.999641,-32.834933,-70.122678,2983.028373,89.5,1.952039,6.8,6.8
1788469324.999614,-32.834935,-70.122561,2983.757744,87.9,1.850542,6.6,6.6
1788469330.999587,-32.834930,-70.122436,2985.251504,85.8,2.032904,6.4,6.4
1788469335.999564,-32.834923,-70.122326,2987.111214,88.7,2.045146,6.2,6.4
1788469341.999537,-32.834923,-70.122207,2988.975241,87.1,0.000000,5.6,6.1
1788469341.999537,-32.834923,-70.122207,2988.975241,87.1,0.000000,5.6,6.1
1788469347.999510,-32.834926,-70.122096,2989.941931,92.4,1.665019,5.4,5.9
1788469352.999487,-32.834919,-70.121989,2990.507340,85.2,2.024596,5.7,6.5
1788469357.999966,-32.834917,-70.121878,2991.650983,91.6,2.067060,5.7,6.4
1788469363.999973,-32.834916,-70.121758,2991.289620,88.5,0.000000,5.4,6.6
1788469363.999973,-32.834916,-70.121758,2991.289620,88.5,0.000000,5.4,6.6
1788469369.999977,-32.834921,-70.121631,2992.491803,91.3,1.862985,5.7,6.6
1788469375.999955,-32.834925,-70.121522,2993.104513,90.9,1.628513,5.2,7.0
1788469380.999934,-32.834927,-70.121405,2995.804454,90.4,1.996771,4.9,6.9
1788469386.999910,-32.834928,-70.121292,2995.074621,88.8,1.962024,5.8,7.2
1788469392.999885,-32.834929,-70.121173,2994.445133,95.7,1.762336,6.1,6.8
1788469397.999863,-32.834913,-70.121063,2995.699215,80.1,2.643898,5.9,6.9
1788469403.999837,-32.834837,-70.121022,2992.344121,6.4,0.000000,6.8,7.0
1788469403.999837,-32.834837,-70.121022,2992.344121,6.4,0.000000,6.8,7.0
1788469421.999759,-32.834733,-70.121014,2993.343618,3.7,1.719975,7.2,6.5
1788469428.999728,-32.834641,-70.121015,2994.043414,0.6,0.875106,5.7,5.4
1788469438.999685,-32.834547,-70.121002,2993.621615,16.8,1.404085,7.1,6.4
1788469445.999654,-32.834441,-70.120999,2993.187089,358.3,2.317708,6.9,6.8
1788469449.999636,-32.834317,-70.121015,2992.747110,350.0,4.306653,6.5,6.5
1788469451.999627,-32.834220,-70.121045,2990.567148,341.9,5.922456,6.0,6.6
1788469453.999618,-32.834085,-70.121114,2989.837281,337.3,7.761879,5.7,6.7
1788469455.999610,-32.833969,-70.121161,2990.433337,341.3,6.594390,4.8,6.3
1788469459.999592,-32.833883,-70.121195,2991.764516,332.9,1.290752,5.5,5.6
1788469474.999526,-32.833883,-70.121330,2988.995470,255.1,3.849432,7.1,7.6
1788469476.999517,-32.833918,-70.121451,2986.397749,255.3,6.393053,7.9,8.3
1788469478.999508,-32.833940,-70.121630,2982.303782,261.7,8.480731,5.7,7.2
1788469479.999504,-32.833951,-70.121737,2981.693978,263.0,9.386488,6.4,8.0
1788469480.999499,-32.833965,-70.121843,2980.395245,262.3,9.928206,5.4,6.6
1788469481.999495,-32.833983,-70.121958,2977.694314,260.3,10.748533,4.6,5.9
1788469483.000001,-32.834000,-70.122087,2974.927529,261.1,11.574479,4.3,5.3
1788469484.000004,-32.834016,-70.122230,2971.966405,262.1,13.127591,3.2,5.0
1788469485.000001,-32.834020,-70.122380,2969.290241,264.5,14.057704,3.0,5.1
1788469486.000002,-32.834038,-70.122533,2966.367744,262.9,14.599569,3.0,7.6
1788469487.000006,-32.834056,-70.122692,2963.103117,262.4,15.077488,3.4,10.3
1788469488.000002,-32.834081,-70.122858,2961.480847,262.7,15.601714,4.2,13.8
1788469489.000004,-32.834136,-70.123029,2959.154252,258.7,16.173145,4.9,15.4
1788469490.000008,-32.834183,-70.123234,2955.637639,258.4,17.516273,5.5,11.2
1788469491.000004,-32.834224,-70.123391,2951.169692,256.0,17.994185,10.6,20.5
1788469492.000007,-32.834295,-70.123597,2945.657183,251.5,18.633495,9.2,12.3
1788469493.000010,-32.834355,-70.123790,2944.338179,252.8,18.700665,10.4,11.3
1788469494.000005,-32.834429,-70.123969,2940.691643,248.1,18.410893,10.0,10.2
1788469495.000007,-32.834496,-70.124111,2938.862136,240.4,16.925906,8.8,8.6
1788469496.000011,-32.834576,-70.124214,2938.386216,233.7,14.191792,8.1,7.8
1788469497.000008,-32.834606,-70.124341,2938.422312,246.4,12.908221,8.5,8.4
1788469498.000004,-32.834645,-70.124454,2937.642059,247.2,11.653701,6.8,6.6
1788469499.999997,-32.834735,-70.124569,2938.406726,229.9,7.177952,6.8,6.8
1788469505.999974,-32.834793,-70.124599,2938.434273,-1.0,0.000000,7.1,6.6
1788469505.999974,-32.834793,-70.124599,2938.434273,-1.0,0.000000,7.1,6.6
1788469566.999712,-32.834878,-70.124592,2939.422358,177.1,2.955169,6.0,7.0
1788469572.999686,-32.834997,-70.124586,2937.047928,173.7,0.000000,6.5,7.1
1788469572.999686,-32.834997,-70.124586,2937.047928,173.7,0.000000,6.5,7.1
1788469575.999672,-32.835133,-70.124533,2934.048753,157.3,5.923408,5.7,6.7
1788469577.999664,-32.835245,-70.124444,2930.661711,147.6,7.719153,4.8,6.5
1788469578.999659,-32.835329,-70.124394,2931.640694,153.2,9.280779,4.4,7.5
1788469579.999655,-32.835420,-70.124383,2931.519896,166.5,9.756923,8.6,15.8
1788469580.999650,-32.835515,-70.124377,2930.953738,174.9,10.118677,14.0,16.1
1788469582.999641,-32.835645,-70.124412,2933.035048,193.8,7.906097,13.6,14.7
1788469584.999633,-32.835764,-70.124458,2929.430712,197.2,6.776065,9.7,10.2
1788469586.999624,-32.835892,-70.124496,2927.706835,193.5,6.958235,7.8,8.3
1788469588.999615,-32.836010,-70.124509,2925.776452,185.0,6.313287,5.8,6.5
1788469590.999606,-32.836123,-70.124509,2926.524861,178.7,6.098695,5.9,6.6
1788469592.999598,-32.836232,-70.124511,2925.884192,181.8,5.577702,5.8,6.5
1788469595.999584,-32.836353,-70.124494,2926.533151,171.8,4.584691,4.6,5.6
1788469597.999576,-32.836445,-70.124475,2928.210361,169.3,4.905825,5.8,6.6
1788469600.999562,-32.836558,-70.124411,2925.465802,149.4,4.856867,6.4,6.9
1788469602.999553,-32.836645,-70.124369,2923.358015,157.7,5.040678,6.2,6.9
1788469605.999540,-32.836729,-70.124301,2926.134062,145.1,3.356117,7.1,6.9
1788469612.000022,-32.836817,-70.124260,2924.703914,170.7,0.000000,7.0,6.8
1788469612.000022,-32.836817,-70.124260,2924.703914,170.7,0.000000,7.0,6.8
1788469621.000015,-32.836906,-70.124241,2925.080350,176.3,0.811851,7.0,7.1
1788469632.999957,-32.836991,-70.124200,2924.605040,161.9,1.066116,6.4,7.0
1788469638.999927,-32.837083,-70.124164,2923.464639,158.0,2.105651,7.1,7.6
1788469643.999902,-32.837178,-70.124112,2923.318449,154.6,2.275584,6.7,7.4
1788469649.999873,-32.837280,-70.124080,2923.198309,168.8,0.000000,6.3,7.1
1788469649.999873,-32.837280,-70.124080,2923.198309,168.8,0.000000,6.3,7.1
1788469653.999856,-32.837378,-70.124038,2922.167138,160.1,3.157530,6.1,7.2
1788469656.999841,-32.837488,-70.124003,2922.151467,161.3,4.152526,6.7,7.2
1788469659.999828,-32.837610,-70.123949,2922.865781,160.7,4.873056,7.3,7.5
1788469662.999814,-32.837727,-70.123878,2920.941637,151.2,5.169798,6.9,7.4
1788469664.999805,-32.837824,-70.123819,2918.985599,152.2,6.188318,6.6,7.4
1788469666.999796,-32.837934,-70.123755,2921.456278,154.1,6.909651,3.0,7.2
1788469668.999787,-32.838044,-70.123703,2919.725910,155.3,6.916529,3.0,9.5
1788469670.999778,-32.838106,-70.123562,2916.292359,137.0,7.254022,3.0,8.8
1788469671.999773,-32.838186,-70.123506,2918.482743,138.7,8.098030,3.0,13.3
1788469673.999765,-32.838251,-70.123360,2916.002970,126.6,8.004124,5.7,29.1
1788469674.999760,-32.838331,-70.123305,2915.803584,131.9,8.166855,6.5,33.2
1788469675.999755,-32.838402,-70.123246,2916.722430,136.1,8.312171,5.6,22.6
1788469681.999729,-32.838452,-70.123324,2915.091376,295.9,0.000000,12.0,12.0
1788469681.999729,-32.838452,-70.123324,2915.091376,295.9,0.000000,12.0,12.0
1788469684.999715,-32.838379,-70.123439,2912.781878,308.7,4.437121,10.8,10.7
1788469686.999707,-32.838329,-70.123528,2912.262735,305.6,4.928688,10.0,10.6
1788469688.999698,-32.838275,-70.123614,2910.957144,308.4,5.076517,9.6,10.2
1788469690.999688,-32.838198,-70.123725,2914.204627,309.6,6.769353,10.3,10.7
1788469692.999681,-32.838108,-70.123834,2913.084591,313.8,7.473560,10.2,9.8
1788469694.999671,-32.838011,-70.123940,2912.184958,317.5,7.618600,6.4,11.8
1788469696.999662,-32.837912,-70.124063,2914.838933,317.5,7.786628,7.9,10.9
1788469698.999654,-32.837809,-70.124125,2913.218357,327.8,7.330471,9.4,11.6
1788469700.999645,-32.837688,-70.124208,2914.733139,330.6,7.929047,3.3,8.5
1788469702.999636,-32.837600,-70.124293,2912.114079,326.2,6.912094,3.0,12.6
1788469704.999627,-32.837493,-70.124395,2914.270740,324.7,6.810870,3.0,23.7
1788469705.999623,-32.837385,-70.124418,2906.604367,331.2,7.975660,6.7,13.9
1788469707.999614,-32.837298,-70.124504,2904.567859,329.0,7.461060,9.4,9.5
1788469709.999605,-32.837196,-70.124580,2902.899013,328.8,7.058789,10.1,9.8
1788469711.999597,-32.837088,-70.124669,2902.611117,324.3,7.519319,10.4,9.5
1788469713.999587,-32.836983,-70.124781,2900.248642,318.9,7.842866,9.4,8.7
1788469715.999578,-32.836880,-70.124894,2899.913738,318.1,7.567963,7.7,7.0
1788469717.999570,-32.836757,-70.124999,2898.554097,322.9,8.338023,6.8,6.4
1788469719.999560,-32.836634,-70.125100,2898.978042,327.1,8.323246,6.6,6.0
1788469721.999552,-32.836527,-70.125218,2898.369225,315.5,7.904561,6.2,5.8
1788469723.999543,-32.836437,-70.125338,2896.432897,311.9,7.719083,8.7,8.5
1788469724.999539,-32.836376,-70.125423,2895.033623,311.2,9.288855,8.3,8.3
1788469725.999534,-32.836323,-70.125513,2894.909295,308.0,10.066742,7.2,7.3
1788469726.999529,-32.836262,-70.125603,2894.126422,309.8,10.629462,6.7,7.0
1788469728.999521,-32.836161,-70.125751,2891.730346,307.3,9.505234,6.6,6.6
1788469730.999512,-32.836080,-70.125894,2889.782698,303.3,8.241007,6.6,7.7
1788469731.999508,-32.836043,-70.126012,2889.082830,295.8,9.683389,6.1,7.8
1788469732.999503,-32.836006,-70.126111,2889.829763,294.5,10.008221,6.0,7.2
1788469734.999978,-32.835937,-70.126312,2884.398360,291.0,10.673904,9.5,9.9
1788469735.999981,-32.835903,-70.126417,2883.435863,290.6,10.391547,8.3,8.4
1788469736.999979,-32.835871,-70.126522,2882.576332,290.0,10.314180,9.5,10.9
1788469737.999981,-32.835840,-70.126627,2879.597699,288.3,10.313695,9.9,12.6
1788469738.999982,-32.835814,-70.126735,2880.362696,286.3,10.183862,9.5,11.1
1788469739.999979,-32.835786,-70.126853,2881.703699,285.2,10.444196,7.7,9.2
1788469740.999984,-32.835761,-70.126964,2881.307444,285.0,10.526213,5.3,7.0
1788469742.999985,-32.835725,-70.127155,2878.556108,283.1,9.448712,5.8,5.8
1788469744.999992,-32.835700,-70.127347,2879.054026,279.3,8.885769,10.5,9.9
1788469746.999989,-32.835678,-70.127488,2877.364786,280.7,6.833979,7.7,7.5
1788469748.999990,-32.835656,-70.127652,2876.313444,279.4,7.414932,6.7,6.3
1788469750.999979,-32.835649,-70.127779,2876.595324,274.6,5.892886,5.5,5.3
1788469752.999969,-32.835647,-70.127901,2876.415109,270.2,5.615368,5.4,5.2
1788469755.999954,-32.835677,-70.128045,2876.523956,257.4,4.420318,5.6,5.4
1788469758.999940,-32.835676,-70.128188,2873.981698,278.5,4.920971,5.4,5.6
1788469760.999931,-32.835638,-70.128315,2873.746261,290.9,6.213413,5.1,5.4
1788469762.999921,-32.835573,-70.128407,2873.815724,312.1,5.534349,5.9,6.4
1788469764.999912,-32.835506,-70.128490,2874.265031,315.0,5.175584,6.2,6.8
1788469766.999902,-32.835432,-70.128586,2875.501345,311.0,5.751157,6.2,6.6
1788469769.999889,-32.835337,-70.128701,2875.313533,315.9,5.207513,6.6,7.0
1788469771.999880,-32.835286,-70.128802,2874.290531,305.2,5.456282,7.3,7.2
1788469773.999870,-32.835224,-70.128909,2872.714035,304.8,6.328042,6.9,7.2
1788469775.999862,-32.835159,-70.129032,2872.004497,300.7,6.570931,6.5,7.3
1788469778.999848,-32.835101,-70.129145,2872.838237,301.2,4.222555,6.9,7.5
1788469781.999835,-32.835054,-70.129244,2874.005342,296.4,3.266895,7.2,7.8
1788469786.999813,-32.835022,-70.129365,2876.429358,285.0,2.664716,9.2,9.3
1788469792.999786,-32.835038,-70.129461,2874.838128,250.1,0.000000,8.0,8.3
1788469792.999786,-32.835038,-70.129461,2874.838128,250.1,0.000000,8.0,8.3
1788469847.999544,-32.835129,-70.129408,2874.633204,132.5,2.961374,4.8,13.8
1788469850.999531,-32.835190,-70.129299,2873.580104,121.1,4.463081,3.0,20.9
1788469853.999518,-32.835236,-70.129187,2873.031793,118.4,4.845498,3.0,43.7
1788470161.014220,-32.835021,-70.129644,2873.140138,274.8,0.000000,4.2,11.0
1788470161.014220,-32.835021,-70.129644,2873.140138,274.8,0.000000,4.2,11.0
1788470166.447384,-32.835220,-70.129720,2873.371387,274.8,0.000000,30.0,13.1
1788470166.447384,-32.835220,-70.129720,2873.371387,274.8,0.000000,30.0,13.1
1788470176.395537,-32.835188,-70.129724,2874.124534,-1.0,0.000000,30.0,20.1
1788470176.395537,-32.835188,-70.129724,2874.124534,-1.0,0.000000,30.0,20.1
1788470182.376336,-32.835192,-70.129636,2874.308718,-1.0,0.000000,30.0,23.2
1788470182.376336,-32.835192,-70.129636,2874.308718,-1.0,0.000000,30.0,23.2
1788470187.998075,-32.835244,-70.129680,2872.882897,264.4,0.000000,3.9,16.0
1788470187.998075,-32.835244,-70.129680,2872.882897,264.4,0.000000,3.9,16.0
1788470193.999961,-32.835254,-70.129705,2874.716760,264.4,0.000000,3.1,10.4
1788470193.999961,-32.835254,-70.129705,2874.716760,264.4,0.000000,3.1,10.4
1788470199.999975,-32.835245,-70.129811,2875.191852,327.9,0.000000,3.0,10.3
1788470199.999975,-32.835245,-70.129811,2875.191852,327.9,0.000000,3.0,10.3
1788470206.015238,-32.835270,-70.129883,2875.442463,273.1,0.000000,3.0,8.2
1788470206.015238,-32.835270,-70.129883,2875.442463,273.1,0.000000,3.0,8.2
1788470212.014663,-32.835275,-70.129883,2875.503595,273.1,0.000000,3.0,8.7
1788470212.014663,-32.835275,-70.129883,2875.503595,273.1,0.000000,3.0,8.7
1788470217.999966,-32.835342,-70.129876,2875.379939,292.1,0.000000,6.6,15.2
1788470217.999966,-32.835342,-70.129876,2875.379939,292.1,0.000000,6.6,15.2
1788470230.999925,-32.835250,-70.129702,2877.100000,292.5,0.000000,32.3,15.5
1788470230.999925,-32.835250,-70.129702,2877.100000,292.5,0.000000,32.3,15.5